廉颇,墨子,1,阵营2 胜利,"元歌,诸葛亮,公孙离,镜,墨子","曹操,海月,蚩奼,裴擒虎,廉颇"
廉颇,墨子,2,阵营1 胜利,"影,甄姬,孙尚香,橘右京,墨子","元歌,嫦娥,百里守约,哪吒,廉颇"
廉颇,墨子,3,阵营1 胜利,"元歌,小乔,敖隐,阿古朵,廉颇","曹操,沈梦溪,孙权,澜,墨子"
廉颇,墨子,4,阵营2 胜利,"夏洛特,西施,蚩奼,橘右京,廉颇","曹操,甄姬,戈娅,暃,墨子"
廉颇,墨子,5,阵营1 胜利,"蚩奼,武则天,虞姬,铠,廉颇","芈月,杨玉环,李信,阿古朵,墨子"
廉颇,墨子,6,阵营2 胜利,"关羽,弈星,伽罗,裴擒虎,墨子","蚩奼,女娲,元流之子(射手),影,廉颇"
廉颇,墨子,7,阵营1 胜利,"白起,甄姬,敖隐,裴擒虎,墨子","夏洛特,不知火舞,虞姬,暃,廉颇"
廉颇,墨子,8,阵营1 胜利,"哪吒,嫦娥,公孙离,宫本武藏,墨子","元歌,女娲,元流之子(射手),赵云,廉颇"
廉颇,墨子,9,阵营1 胜利,"关羽,小乔,百里守约,阿古朵,墨子","曹操,甄姬,戈娅,元流之子(刺客),廉颇"
廉颇,墨子,10,阵营1 胜利,"影,甄姬,李信,裴擒虎,墨子","杨戬,小乔,狄仁杰,梦奇,廉颇"
廉颇,墨子,11,阵营1 胜利,"吕布,姜子牙,元流之子(射手),诸葛亮,廉颇","猪八戒,沈梦溪,戈娅,雅典娜,墨子"
廉颇,墨子,12,阵营2 胜利,"夏洛特,沈梦溪,百里守约,阿古朵,墨子","兰陵王,周瑜,元流之子(射手),韩信,廉颇"
廉颇,墨子,13,阵营1 胜利,"曹操,海诺,虞姬,李白,墨子","花木兰,不知火舞,蚩奼,百里玄策,廉颇"
廉颇,墨子,14,阵营1 胜利,"曹操,上官婉儿,元流之子(射手),孙悟空,墨子","吕布,高渐离,戈娅,阿古朵,廉颇"
廉颇,墨子,15,阵营2 胜利,"司空震,杨玉环,戈娅,百里玄策,墨子","曹操,嫦娥,元流之子(射手),赵云,廉颇"
廉颇,墨子,16,阵营2 胜利,"哪吒,弈星,元流之子(射手),赵怀真,廉颇","曹操,海诺,公孙离,云缨,墨子"
廉颇,墨子,17,阵营2 胜利,"狂铁,武则天,蚩奼,李元芳,墨子","哪吒,嫦娥,公孙离,铠,廉颇"
廉颇,墨子,18,阵营1 胜利,"影,嫦娥,戈娅,阿古朵,廉颇","白起,小乔,孙权,韩信,墨子"
廉颇,墨子,19,阵营1 胜利,"蒙恬,沈梦溪,元流之子(射手),裴擒虎,廉颇","马超,元流之子(法师),虞姬,赵云,墨子"
廉颇,庄周,1,阵营1 胜利,"夏洛特,干将莫邪,敖隐,司马懿,庄周","狂铁,诸葛亮,元流之子(射手),韩信,廉颇"
廉颇,庄周,2,阵营1 胜利,"关羽,诸葛亮,敖隐,马超,廉颇","姬小满,元流之子(法师),戈娅,云缨,庄周"
廉颇,庄周,3,阵营2 胜利,"元歌,海月,元流之子(射手),阿轲,庄周","关羽,甄姬,敖隐,露娜,廉颇"
廉颇,庄周,4,阵营1 胜利,"达摩,沈梦溪,蚩奼,马超,廉颇","关羽,嫦娥,戈娅,裴擒虎,庄周"
廉颇,庄周,5,阵营1 胜利,"关羽,沈梦溪,元流之子(射手),雅典娜,庄周","白起,上官婉儿,戈娅,娜可露露,廉颇"
廉颇,庄周,6,阵营1 胜利,"孙策,元流之子(法师),蚩奼,裴擒虎,廉颇","蒙恬,海诺,戈娅,孙悟空,庄周"
廉颇,庄周,7,阵营1 胜利,"芈月,司马懿,公孙离,孙悟空,庄周","亚瑟,小乔,敖隐,镜,廉颇"
廉颇,庄周,8,阵营2 胜利,"关羽,不知火舞,元流之子(射手),孙悟空,庄周","元歌,西施,伽罗,曜,廉颇"
廉颇,庄周,9,阵营2 胜利,"夏洛特,海诺,敖隐,阿古朵,庄周","曹操,安琪拉,元流之子(射手),曜,廉颇"
廉颇,庄周,10,阵营2 胜利,"曹操,西施,苍,铠,廉颇","花木兰,沈梦溪,元流之子(射手),裴擒虎,庄周"
廉颇,庄周,11,阵营1 胜利,"元歌,不知火舞,蚩奼,镜,庄周","影,海诺,孙权,司马懿,廉颇"
廉颇,庄周,12,阵营2 胜利,"哪吒,诸葛亮,元流之子(射手),铠,庄周","老夫子,海诺,蚩奼,露娜,廉颇"
廉颇,庄周,13,阵营2 胜利,"司空震,武则天,苍,韩信,廉颇","猪八戒,周瑜,蚩奼,诸葛亮,庄周"
廉颇,庄周,14,阵营1 胜利,"司空震,女娲,后羿,云中君,廉颇","白起,沈梦溪,蚩奼,阿古朵,庄周"
廉颇,庄周,15,阵营2 胜利,"狂铁,海诺,元流之子(射手),裴擒虎,庄周","元歌,诸葛亮,莱西奥,赵云,廉颇"
廉颇,庄周,16,阵营1 胜利,"兰陵王,女娲,敖隐,诸葛亮,廉颇","元歌,王昭君,元流之子(射手),典韦,庄周"
廉颇,庄周,17,阵营2 胜利,"吕布,小乔,敖隐,大司命,廉颇","狂铁,嫦娥,后羿,暃,庄周"
廉颇,庄周,18,阵营2 胜利,"司空震,嫦娥,蚩奼,云缨,廉颇","马超,海月,李信,孙悟空,庄周"
廉颇,庄周,19,阵营2 胜利,"狂铁,小乔,戈娅,百里玄策,廉颇","蒙恬,上官婉儿,元流之子(射手),韩信,庄周"
廉颇,刘禅,1,阵营1 胜利,"白起,海诺,蚩奼,镜,廉颇","老夫子,甄姬,戈娅,铠,刘禅"
廉颇,刘禅,2,阵营1 胜利,"梦奇,诸葛亮,敖隐,刘备,廉颇","曹操,元流之子(法师),公孙离,曜,刘禅"
廉颇,刘禅,3,阵营1 胜利,"曹操,女娲,敖隐,芈月,廉颇","哪吒,沈梦溪,元流之子(射手),李元芳,刘禅"
廉颇,刘禅,4,阵营1 胜利,"蚩奼,海诺,公孙离,盘古,刘禅","哪吒,高渐离,元流之子(射手),韩信,廉颇"
廉颇,刘禅,5,阵营2 胜利,"影,女娲,公孙离,李白,廉颇","曹操,不知火舞,元流之子(射手),哪吒,刘禅"
廉颇,刘禅,6,阵营2 胜利,"老夫子,甄姬,敖隐,露娜,刘禅","影,女娲,元流之子(射手),猪八戒,廉颇"
廉颇,刘禅,7,阵营1 胜利,"蚩奼,不知火舞,虞姬,哪吒,廉颇","赵怀真,弈星,元流之子(射手),镜,刘禅"
廉颇,刘禅,8,阵营2 胜利,"曹操,不知火舞,敖隐,阿古朵,刘禅","影,安琪拉,李元芳,裴擒虎,廉颇"
廉颇,刘禅,9,阵营1 胜利,"老夫子,西施,虞姬,赵云,刘禅","影,沈梦溪,艾琳,李白,廉颇"
廉颇,刘禅,10,阵营1 胜利,"蚩奼,安琪拉,公孙离,马超,刘禅","夏洛特,女娲,孙权,暃,廉颇"
廉颇,刘禅,11,阵营1 胜利,"影,沈梦溪,元流之子(射手),阿古朵,廉颇","白起,甄姬,后羿,曜,刘禅"
廉颇,刘禅,12,阵营1 胜利,"元歌,小乔,狄仁杰,阿古朵,廉颇","影,甄姬,百里守约,宫本武藏,刘禅"
廉颇,刘禅,13,阵营1 胜利,"司空震,女娲,百里守约,橘右京,刘禅","狂铁,不知火舞,元流之子(射手),百里玄策,廉颇"
廉颇,刘禅,14,阵营2 胜利,"曹操,姜子牙,虞姬,韩信,刘禅","吕布,高渐离,艾琳,蚩奼,廉颇"
廉颇,刘禅,15,阵营1 胜利,"花木兰,女娲,公孙离,韩信,刘禅","老夫子,海诺,鲁班七号,铠,廉颇"
廉颇,刘禅,16,阵营1 胜利,"刘邦,甄姬,敖隐,哪吒,廉颇","夏洛特,弈星,元流之子(射手),娜可露露,刘禅"
廉颇,刘禅,17,阵营1 胜利,"马超,小乔,元流之子(射手),雅典娜,刘禅","嫦娥,不知火舞,司空震,镜,廉颇"
廉颇,刘禅,18,阵营2 胜利,"蒙恬,嫦娥,元流之子(射手),镜,刘禅","蚩奼,女娲,公孙离,曜,廉颇"
廉颇,刘禅,19,阵营2 胜利,"蒙恬,海诺,李信,杨戬,刘禅","花木兰,安琪拉,苍,大司命,廉颇"
廉颇,孙膑,1,阵营1 胜利,"孙策,杨玉环,蒙犽,裴擒虎,孙膑","曹操,墨子,戈娅,暃,廉颇"
廉颇,孙膑,2,阵营2 胜利,"哪吒,杨玉环,扁鹊,阿古朵,孙膑","影,不知火舞,元流之子(射手),孙悟空,廉颇"
廉颇,孙膑,3,阵营1 胜利,"马超,大乔,戈娅,宫本武藏,孙膑","司空震,海诺,蚩奼,大司命,廉颇"
廉颇,孙膑,4,阵营1 胜利,"哪吒,嫦娥,元流之子(射手),马超,廉颇","老夫子,杨玉环,戈娅,宫本武藏,孙膑"
廉颇,孙膑,5,阵营2 胜利,"元歌,甄姬,李信,云缨,廉颇","狂铁,沈梦溪,戈娅,裴擒虎,孙膑"
廉颇,孙膑,6,阵营2 胜利,"吕布,甄姬,元流之子(射手),裴擒虎,廉颇","司空震,嫦娥,梦奇,百里玄策,孙膑"
廉颇,孙膑,7,阵营1 胜利,"蒙恬,王昭君,敖隐,李白,廉颇","大司命,沈梦溪,蚩奼,裴擒虎,孙膑"
廉颇,孙膑,8,阵营2 胜利,"司空震,嫦娥,蚩奼,盘古,孙膑","关羽,沈梦溪,元流之子(射手),百里玄策,廉颇"
廉颇,孙膑,9,阵营1 胜利,"盘古,海月,戈娅,镜,廉颇","蚩奼,上官婉儿,元流之子(射手),孙悟空,孙膑"
廉颇,孙膑,10,阵营1 胜利,"曹操,海诺,敖隐,宫本武藏,孙膑","姬小满,女娲,百里守约,李白,廉颇"
廉颇,孙膑,11,阵营1 胜利,"狂铁,海月,蚩奼,韩信,廉颇","马超,小乔,戈娅,阿古朵,孙膑"
廉颇,孙膑,12,阵营2 胜利,"夏洛特,海月,艾琳,马超,孙膑","狂铁,女娲,蚩奼,猪八戒,廉颇"
廉颇,孙膑,13,阵营2 胜利,"狂铁,大乔,苍,韩信,廉颇","夏洛特,武则天,元流之子(射手),马超,孙膑"
廉颇,孙膑,14,阵营2 胜利,"元歌,元流之子(法师),蚩奼,镜,孙膑","老夫子,姜子牙,虞姬,百里玄策,廉颇"
廉颇,孙膑,15,阵营1 胜利,"兰陵王,貂蝉,戈娅,曜,廉颇","白起,海诺,元流之子(射手),韩信,孙膑"
廉颇,孙膑,16,阵营1 胜利,"狂铁,嫦娥,戈娅,阿古朵,孙膑","达摩,女娲,元流之子(射手),澜,廉颇"
廉颇,孙膑,17,阵营2 胜利,"孙策,大乔,戈娅,韩信,廉颇","影,不知火舞,元流之子(射手),大司命,孙膑"
廉颇,孙膑,18,阵营1 胜利,"元歌,嫦娥,孙尚香,阿古朵,孙膑","司空震,诸葛亮,戈娅,百里玄策,廉颇"
廉颇,孙膑,19,阵营2 胜利,"元流之子(坦克),大乔,孙尚香,影,孙膑","夏洛特,沈梦溪,元流之子(射手),司马懿,廉颇"
廉颇,项羽,1,阵营2 胜利,"马超,不知火舞,元流之子(射手),韩信,项羽","司空震,杨玉环,戈娅,裴擒虎,廉颇"
廉颇,项羽,2,阵营1 胜利,"芈月,上官婉儿,戈娅,云中君,项羽","关羽,不知火舞,蚩奼,李白,廉颇"
廉颇,项羽,3,阵营2 胜利,"蒙恬,甄姬,李元芳,孙悟空,廉颇","哪吒,沈梦溪,元流之子(射手),裴擒虎,项羽"
廉颇,项羽,4,阵营1 胜利,"元歌,妲己,公孙离,雅典娜,项羽","亚连,海月,元流之子(射手),大司命,廉颇"
廉颇,项羽,5,阵营2 胜利,"老夫子,海月,敖隐,云缨,廉颇","影,西施,李信,李白,项羽"
廉颇,项羽,6,阵营1 胜利,"曹操,周瑜,戈娅,阿古朵,廉颇","影,嫦娥,元流之子(射手),典韦,项羽"
廉颇,项羽,7,阵营1 胜利,"亚瑟,诸葛亮,公孙离,马超,廉颇","曹操,安琪拉,蚩奼,梦奇,项羽"
廉颇,项羽,8,阵营1 胜利,"哪吒,沈梦溪,元流之子(射手),阿轲,项羽","老夫子,大乔,戈娅,百里玄策,廉颇"
廉颇,项羽,9,阵营1 胜利,"影,大乔,蚩奼,云缨,项羽","花木兰,海月,元流之子(射手),裴擒虎,廉颇"
廉颇,项羽,10,阵营1 胜利,"司空震,安琪拉,蚩奼,马超,项羽","钟无艳,海诺,李信,云缨,廉颇"
廉颇,项羽,11,阵营1 胜利,"赵怀真,元流之子(法师),孙权,孙悟空,廉颇","杨戬,嫦娥,戈娅,赵云,项羽"
廉颇,项羽,12,阵营2 胜利,"芈月,不知火舞,孙尚香,裴擒虎,廉颇","司空震,金蝉,苍,镜,项羽"
廉颇,项羽,13,阵营2 胜利,"元歌,甄姬,孙权,橘右京,项羽","刘邦,嫦娥,戈娅,梦奇,廉颇"
廉颇,项羽,14,阵营2 胜利,"曹操,杨玉环,公孙离,云缨,项羽","影,嫦娥,李信,阿轲,廉颇"
廉颇,项羽,15,阵营2 胜利,"哪吒,西施,元流之子(射手),猪八戒,廉颇","芈月,海诺,百里守约,李元芳,项羽"
廉颇,项羽,16,阵营1 胜利,"影,姜子牙,后羿,阿古朵,项羽","曹操,不知火舞,百里守约,阿轲,廉颇"
廉颇,项羽,17,阵营2 胜利,"赵怀真,女娲,后羿,镜,项羽","曹操,干将莫邪,戈娅,孙悟空,廉颇"
廉颇,项羽,18,阵营1 胜利,"关羽,貂蝉,戈娅,韩信,项羽","哪吒,不知火舞,后羿,澜,廉颇"
廉颇,项羽,19,阵营2 胜利,"狂铁,貂蝉,戈娅,百里玄策,项羽","哪吒,西施,元流之子(射手),韩信,廉颇"
廉颇,刘邦,1,阵营1 胜利,"司空震,元流之子(法师),公孙离,镜,刘邦","蚩奼,高渐离,元流之子(射手),马超,廉颇"
廉颇,刘邦,2,阵营1 胜利,"狂铁,女娲,元流之子(射手),云中君,廉颇","达摩,诸葛亮,苍,百里玄策,刘邦"
廉颇,刘邦,3,阵营2 胜利,"曹操,沈梦溪,元流之子(射手),阿古朵,刘邦","夏洛特,武则天,李信,裴擒虎,廉颇"
廉颇,刘邦,4,阵营1 胜利,"狂铁,米莱狄,公孙离,司马懿,刘邦","司空震,貂蝉,蚩奼,曜,廉颇"
廉颇,刘邦,5,阵营1 胜利,"影,王昭君,孙权,元流之子(刺客),刘邦","老夫子,嫦娥,元流之子(射手),镜,廉颇"
廉颇,刘邦,6,阵营1 胜利,"马超,西施,戈娅,大司命,刘邦","蚩奼,安琪拉,虞姬,橘右京,廉颇"
廉颇,刘邦,7,阵营1 胜利,"赵怀真,甄姬,李信,云缨,刘邦","亚瑟,大乔,蚩奼,韩信,廉颇"
廉颇,刘邦,8,阵营1 胜利,"蚩奼,海诺,公孙离,阿古朵,刘邦","姬小满,大乔,元流之子(射手),杨戬,廉颇"
廉颇,刘邦,9,阵营2 胜利,"哪吒,貂蝉,李信,诸葛亮,廉颇","公孙离,曹操,大乔,马超,刘邦"
廉颇,刘邦,10,阵营1 胜利,"孙策,诸葛亮,鲁班七号,镜,刘邦","关羽,西施,狄仁杰,孙悟空,廉颇"
廉颇,刘邦,11,阵营1 胜利,"白起,米莱狄,公孙离,赵云,刘邦","哪吒,安琪拉,元流之子(射手),韩信,廉颇"
廉颇,刘邦,12,阵营2 胜利,"蒙恬,沈梦溪,蚩奼,杨戬,刘邦","白起,嫦娥,元流之子(射手),露娜,廉颇"
廉颇,刘邦,13,阵营1 胜利,"哪吒,妲己,黄忠,马超,刘邦","老夫子,小乔,蚩奼,裴擒虎,廉颇"
廉颇,刘邦,14,阵营1 胜利,"蚩奼,不知火舞,戈娅,马超,刘邦","狂铁,姜子牙,后羿,橘右京,廉颇"
廉颇,刘邦,15,阵营1 胜利,"曹操,安琪拉,公孙离,裴擒虎,刘邦","蒙恬,西施,元流之子(射手),大司命,廉颇"
廉颇,刘邦,16,阵营1 胜利,"元歌,干将莫邪,戈娅,云缨,廉颇","曹操,嬴政,元流之子(射手),铠,刘邦"
廉颇,刘邦,17,阵营2 胜利,"关羽,杨玉环,元流之子(射手),露娜,廉颇","司空震,女娲,艾琳,阿古朵,刘邦"
廉颇,刘邦,18,阵营1 胜利,"马超,小乔,狄仁杰,曜,廉颇","狂铁,张良,元流之子(射手),宫本武藏,刘邦"
廉颇,刘邦,19,阵营1 胜利,"哪吒,女娲,蚩奼,赵云,廉颇","钟无艳,大乔,公孙离,百里玄策,刘邦"
廉颇,张良,1,阵营2 胜利,"猪八戒,沈梦溪,元流之子(射手),韩信,张良","兰陵王,弈星,戈娅,裴擒虎,廉颇"
廉颇,张良,2,阵营1 胜利,"马超,小乔,马可波罗,娜可露露,张良","司空震,西施,公孙离,百里玄策,廉颇"
廉颇,张良,3,阵营2 胜利,"元歌,诸葛亮,公孙离,露娜,张良","芈月,貂蝉,苍,典韦,廉颇"
廉颇,张良,4,阵营2 胜利,"司空震,弈星,艾琳,暃,廉颇","花木兰,金蝉,戈娅,元流之子(刺客),张良"
廉颇,张良,5,阵营2 胜利,"影,海月,蚩奼,大司命,廉颇","司空震,女娲,狄仁杰,裴擒虎,张良"
廉颇,张良,6,阵营1 胜利,"影,沈梦溪,蚩奼,露娜,张良","马超,不知火舞,李信,韩信,廉颇"
廉颇,张良,7,阵营1 胜利,"芈月,女娲,敖隐,澜,廉颇","海诺,小乔,元流之子(射手),司马懿,张良"
廉颇,张良,8,阵营2 胜利,"曹操,诸葛亮,蚩奼,马超,廉颇","貂蝉,小乔,公孙离,镜,张良"
廉颇,张良,9,阵营2 胜利,"哪吒,海月,孙权,马超,张良","司空震,嫦娥,后羿,镜,廉颇"
廉颇,张良,10,阵营1 胜利,"元歌,扁鹊,孙权,刘备,廉颇","马超,米莱狄,元流之子(射手),裴擒虎,张良"
廉颇,张良,11,阵营1 胜利,"姬小满,周瑜,元流之子(射手),韩信,廉颇","关羽,沈梦溪,百里守约,澜,张良"
廉颇,张良,12,阵营2 胜利,"芈月,杨玉环,李信,云缨,廉颇","哪吒,沈梦溪,戈娅,镜,张良"
廉颇,张良,13,阵营2 胜利,"夏洛特,诸葛亮,虞姬,裴擒虎,张良","姬小满,武则天,蚩奼,暃,廉颇"
廉颇,张良,14,阵营2 胜利,"兰陵王,女娲,戈娅,马超,廉颇","司空震,嫦娥,蚩奼,镜,张良"
廉颇,张良,15,阵营2 胜利,"吕布,干将莫邪,敖隐,梦奇,张良","老夫子,女娲,李信,宫本武藏,廉颇"
廉颇,张良,16,阵营2 胜利,"老夫子,不知火舞,后羿,马超,廉颇","盘古,貂蝉,虞姬,雅典娜,张良"
廉颇,张良,17,阵营2 胜利,"关羽,不知火舞,元流之子(射手),杨戬,廉颇","元歌,诸葛亮,虞姬,猪八戒,张良"
廉颇,张良,18,阵营1 胜利,"关羽,嫦娥,艾琳,马超,廉颇","老夫子,小乔,元流之子(射手),百里玄策,张良"
廉颇,张良,19,阵营2 胜利,"元歌,沈梦溪,百里守约,镜,张良","花木兰,干将莫邪,李信,云中君,廉颇"
廉颇,朵莉亚,1,阵营1 胜利,"夏洛特,女娲,元流之子(射手),阿古朵,朵莉亚","关羽,小乔,公孙离,元流之子(刺客),廉颇"
廉颇,朵莉亚,2,阵营1 胜利,"影,嫦娥,公孙离,铠,朵莉亚","狂铁,甄姬,后羿,诸葛亮,廉颇"
廉颇,朵莉亚,3,阵营2 胜利,"蚩奼,女娲,虞姬,镜,朵莉亚","哪吒,诸葛亮,孙权,孙悟空,廉颇"
廉颇,朵莉亚,4,阵营2 胜利,"马超,上官婉儿,公孙离,铠,朵莉亚","哪吒,不知火舞,戈娅,暃,廉颇"
廉颇,朵莉亚,5,阵营1 胜利,"司空震,杨玉环,元流之子(射手),韩信,朵莉亚","达摩,嫦娥,孙权,镜,廉颇"
廉颇,朵莉亚,6,阵营1 胜利,"元歌,姜子牙,戈娅,元流之子(刺客),朵莉亚","花木兰,诸葛亮,蚩奼,镜,廉颇"
廉颇,朵莉亚,7,阵营1 胜利,"钟无艳,大乔,李信,影,廉颇","赵怀真,小乔,元流之子(射手),铠,朵莉亚"
廉颇,朵莉亚,8,阵营2 胜利,"孙策,沈梦溪,戈娅,暃,廉颇","兰陵王,安琪拉,苍,镜,朵莉亚"
廉颇,朵莉亚,9,阵营2 胜利,"项羽,海月,戈娅,赵云,朵莉亚","元歌,沈梦溪,孙权,典韦,廉颇"
廉颇,朵莉亚,10,阵营1 胜利,"司空震,上官婉儿,后羿,李白,朵莉亚","曹操,小乔,元流之子(射手),赵云,廉颇"
廉颇,朵莉亚,11,阵营2 胜利,"狂铁,诸葛亮,戈娅,李元芳,廉颇","曹操,上官婉儿,孙尚香,娜可露露,朵莉亚"
廉颇,朵莉亚,12,阵营1 胜利,"曹操,武则天,李信,元流之子(坦克),朵莉亚","元歌,杨玉环,戈娅,宫本武藏,廉颇"
廉颇,朵莉亚,13,阵营2 胜利,"杨戬,嫦娥,元流之子(射手),云缨,朵莉亚","司空震,不知火舞,孙权,孙悟空,廉颇"
廉颇,朵莉亚,14,阵营2 胜利,"老夫子,米莱狄,公孙离,娜可露露,廉颇","姬小满,不知火舞,后羿,暃,朵莉亚"
廉颇,朵莉亚,15,阵营2 胜利,"影,大乔,蚩奼,云缨,朵莉亚","司空震,嫦娥,虞姬,镜,廉颇"
廉颇,朵莉亚,16,阵营2 胜利,"关羽,沈梦溪,孙权,镜,朵莉亚","哪吒,女娲,虞姬,裴擒虎,廉颇"
廉颇,朵莉亚,17,阵营1 胜利,"钟无艳,大乔,苍,铠,朵莉亚","司空震,甄姬,戈娅,裴擒虎,廉颇"
廉颇,朵莉亚,18,阵营1 胜利,"哪吒,嫦娥,公孙离,百里玄策,廉颇","司空震,女娲,戈娅,云缨,朵莉亚"
廉颇,朵莉亚,19,阵营2 胜利,"关羽,沈梦溪,孙权,孙悟空,廉颇","孙策,小乔,元流之子(射手),暃,朵莉亚"
廉颇,牛魔,1,阵营1 胜利,"哪吒,嫦娥,莱西奥,司马懿,牛魔","亚瑟,海月,元流之子(射手),裴擒虎,廉颇"
廉颇,牛魔,2,阵营2 胜利,"元歌,上官婉儿,敖隐,云缨,牛魔","大乔,元流之子(射手),哪吒,镜,廉颇"
廉颇,牛魔,3,阵营1 胜利,"关羽,干将莫邪,苍,裴擒虎,牛魔","马超,武则天,孙权,宫本武藏,廉颇"
廉颇,牛魔,4,阵营2 胜利,"亚连,甄姬,戈娅,裴擒虎,牛魔","老夫子,诸葛亮,元流之子(射手),影,廉颇"
廉颇,牛魔,5,阵营1 胜利,"哪吒,嬴政,苍,马超,牛魔","钟无艳,不知火舞,敖隐,露娜,廉颇"
廉颇,牛魔,6,阵营1 胜利,"蚩奼,诸葛亮,莱西奥,镜,牛魔","司空震,小乔,戈娅,裴擒虎,廉颇"
廉颇,牛魔,7,阵营2 胜利,"蒙恬,大乔,狄仁杰,裴擒虎,廉颇","司空震,不知火舞,戈娅,橘右京,牛魔"
廉颇,牛魔,8,阵营2 胜利,"影,诸葛亮,李信,娜可露露,牛魔","元歌,沈梦溪,蒙犽,云缨,廉颇"
廉颇,牛魔,9,阵营2 胜利,"曹操,女娲,敖隐,宫本武藏,廉颇","影,诸葛亮,狄仁杰,韩信,牛魔"
廉颇,牛魔,10,阵营2 胜利,"夏洛特,不知火舞,艾琳,元流之子(刺客),牛魔","老夫子,周瑜,蚩奼,橘右京,廉颇"
廉颇,牛魔,11,阵营2 胜利,"曹操,西施,敖隐,韩信,牛魔","白起,不知火舞,百里守约,云缨,廉颇"
廉颇,牛魔,12,阵营2 胜利,"司空震,武则天,孙尚香,孙悟空,廉颇","曹操,沈梦溪,老夫子,裴擒虎,牛魔"
廉颇,牛魔,13,阵营1 胜利,"达摩,墨子,后羿,哪吒,牛魔","影,姜子牙,元流之子(射手),典韦,廉颇"
廉颇,牛魔,14,阵营2 胜利,"孙策,海月,鲁班七号,宫本武藏,牛魔","曹操,沈梦溪,元流之子(射手),暃,廉颇"
廉颇,牛魔,15,阵营1 胜利,"狂铁,武则天,公孙离,裴擒虎,牛魔","花木兰,元流之子(法师),蚩奼,孙悟空,廉颇"
廉颇,牛魔,16,阵营2 胜利,"项羽,貂蝉,戈娅,元流之子(刺客),牛魔","影,上官婉儿,公孙离,宫本武藏,廉颇"
廉颇,牛魔,17,阵营1 胜利,"元歌,女娲,公孙离,盘古,廉颇","白起,沈梦溪,司空震,裴擒虎,牛魔"
廉颇,牛魔,18,阵营1 胜利,"老夫子,嫦娥,元流之子(射手),铠,廉颇","姬小满,上官婉儿,蚩奼,裴擒虎,牛魔"
廉颇,牛魔,19,阵营2 胜利,"曹操,武则天,老夫子,曜,廉颇","哪吒,沈梦溪,戈娅,诸葛亮,牛魔"
廉颇,张飞,1,阵营2 胜利,"项羽,海诺,蚩奼,橘右京,张飞","兰陵王,米莱狄,后羿,铠,廉颇"
廉颇,张飞,2,阵营2 胜利,"曹操,嫦娥,苍,诸葛亮,张飞","影,小乔,公孙离,元流之子(刺客),廉颇"
廉颇,张飞,3,阵营2 胜利,"孙策,不知火舞,戈娅,裴擒虎,张飞","马超,沈梦溪,公孙离,镜,廉颇"
廉颇,张飞,4,阵营2 胜利,"元歌,安琪拉,元流之子(射手),橘右京,廉颇","关羽,大乔,苍,韩信,张飞"
廉颇,张飞,5,阵营2 胜利,"白起,杨玉环,蚩奼,露娜,张飞","夏洛特,王昭君,孙权,韩信,廉颇"
廉颇,张飞,6,阵营2 胜利,"芈月,武则天,蚩奼,阿古朵,廉颇","蒙恬,海诺,元流之子(射手),曜,张飞"
廉颇,张飞,7,阵营2 胜利,"马超,大乔,狄仁杰,阿古朵,廉颇","哪吒,女娲,蚩奼,诸葛亮,张飞"
廉颇,张飞,8,阵营1 胜利,"影,西施,戈娅,裴擒虎,廉颇","关羽,沈梦溪,公孙离,马超,张飞"
廉颇,张飞,9,阵营1 胜利,"元歌,张良,公孙离,裴擒虎,张飞","关羽,海诺,元流之子(射手),镜,廉颇"
廉颇,张飞,10,阵营1 胜利,"达摩,西施,艾琳,铠,廉颇","亚连,上官婉儿,戈娅,娜可露露,张飞"
廉颇,张飞,11,阵营1 胜利,"孙策,嫦娥,敖隐,阿古朵,廉颇","曹操,弈星,元流之子(射手),诸葛亮,张飞"
廉颇,张飞,12,阵营1 胜利,"影,海诺,虞姬,裴擒虎,张飞","哪吒,弈星,孙尚香,马超,廉颇"
廉颇,张飞,13,阵营1 胜利,"司空震,元流之子(法师),马可波罗,裴擒虎,张飞","芈月,海诺,元流之子(射手),赵云,廉颇"
廉颇,张飞,14,阵营2 胜利,"马超,姜子牙,孙权,裴擒虎,张飞","曹操,不知火舞,苍,刘备,廉颇"
廉颇,张飞,15,阵营2 胜利,"影,甄姬,苍,李白,廉颇","元歌,沈梦溪,元流之子(射手),曜,张飞"
廉颇,张飞,16,阵营1 胜利,"曹操,女娲,李元芳,韩信,廉颇","蒙恬,沈梦溪,元流之子(射手),镜,张飞"
廉颇,张飞,17,阵营2 胜利,"狂铁,貂蝉,元流之子(射手),阿轲,张飞","老夫子,小乔,狄仁杰,影,廉颇"
廉颇,张飞,18,阵营1 胜利,"赵怀真,海月,公孙离,韩信,张飞","白起,不知火舞,蚩奼,阿古朵,廉颇"
廉颇,张飞,19,阵营2 胜利,"蚩奼,甄姬,孙权,百里玄策,廉颇","狂铁,海诺,元流之子(射手),裴擒虎,张飞"
廉颇,钟馗,1,阵营2 胜利,"芈月,女娲,后羿,暃,钟馗","影,干将莫邪,鲁班七号,曜,廉颇"
廉颇,钟馗,2,阵营1 胜利,"元歌,沈梦溪,莱西奥,露娜,钟馗","夏洛特,海诺,元流之子(射手),李白,廉颇"
廉颇,钟馗,3,阵营1 胜利,"夏侯惇,嫦娥,蚩奼,露娜,钟馗","元歌,不知火舞,李信,杨戬,廉颇"
廉颇,钟馗,4,阵营1 胜利,"关羽,武则天,公孙离,橘右京,廉颇","蚩奼,干将莫邪,孙权,裴擒虎,钟馗"
廉颇,钟馗,5,阵营1 胜利,"司空震,西施,元流之子(射手),暃,钟馗","梦奇,嫦娥,莱西奥,杨戬,廉颇"
廉颇,钟馗,6,阵营2 胜利,"芈月,大乔,蚩奼,露娜,钟馗","曹操,女娲,元流之子(射手),裴擒虎,廉颇"
廉颇,钟馗,7,阵营2 胜利,"司空震,不知火舞,戈娅,裴擒虎,钟馗","曹操,女娲,孙权,赵云,廉颇"
廉颇,钟馗,8,阵营2 胜利,"蚩奼,沈梦溪,敖隐,大司命,钟馗","兰陵王,嫦娥,元流之子(射手),裴擒虎,廉颇"
廉颇,钟馗,9,阵营1 胜利,"元歌,沈梦溪,李信,李白,廉颇","孙策,诸葛亮,元流之子(射手),阿古朵,钟馗"
廉颇,钟馗,10,阵营2 胜利,"关羽,不知火舞,蚩奼,曜,廉颇","司空震,武则天,莱西奥,孙悟空,钟馗"
廉颇,钟馗,11,阵营2 胜利,"司空震,杨玉环,狄仁杰,韩信,廉颇","老夫子,女娲,戈娅,曹操,钟馗"
廉颇,钟馗,12,阵营1 胜利,"狂铁,小乔,戈娅,镜,廉颇","大司命,嫦娥,孙权,李白,钟馗"
廉颇,钟馗,13,阵营2 胜利,"花木兰,沈梦溪,李信,裴擒虎,廉颇","芈月,不知火舞,元流之子(射手),云缨,钟馗"
廉颇,钟馗,14,阵营1 胜利,"钟无艳,沈梦溪,元流之子(射手),韩信,钟馗","司空震,干将莫邪,后羿,裴擒虎,廉颇"
廉颇,钟馗,15,阵营1 胜利,"花木兰,甄姬,苍,典韦,钟馗","狂铁,貂蝉,蚩奼,宫本武藏,廉颇"
廉颇,钟馗,16,阵营2 胜利,"孙策,姜子牙,敖隐,诸葛亮,钟馗","老夫子,不知火舞,元流之子(射手),橘右京,廉颇"
廉颇,钟馗,17,阵营1 胜利,"元歌,海月,艾琳,宫本武藏,钟馗","狂铁,沈梦溪,元流之子(射手),马超,廉颇"
廉颇,钟馗,18,阵营1 胜利,"元歌,海诺,孙尚香,阿轲,钟馗","达摩,周瑜,蚩奼,裴擒虎,廉颇"
廉颇,钟馗,19,阵营2 胜利,"马超,高渐离,马可波罗,兰陵王,钟馗","关羽,嫦娥,孙权,宫本武藏,廉颇"
廉颇,杨玉环,1,阵营2 胜利,"狂铁,沈梦溪,元流之子(射手),镜,杨玉环","关羽,干将莫邪,戈娅,暃,廉颇"
廉颇,杨玉环,2,阵营1 胜利,"曹操,墨子,元流之子(射手),暃,杨玉环","影,海月,戈娅,赵云,廉颇"
廉颇,杨玉环,3,阵营2 胜利,"蒙恬,诸葛亮,敖隐,赵云,杨玉环","狂铁,嫦娥,戈娅,马超,廉颇"
廉颇,杨玉环,4,阵营1 胜利,"吕布,甄姬,戈娅,铠,杨玉环","影,武则天,蚩奼,镜,廉颇"
廉颇,杨玉环,5,阵营2 胜利,"老夫子,甄姬,戈娅,澜,杨玉环","关羽,嫦娥,虞姬,大司命,廉颇"
廉颇,杨玉环,6,阵营1 胜利,"猪八戒,大乔,元流之子(射手),赵云,杨玉环","元歌,武则天,虞姬,橘右京,廉颇"
廉颇,杨玉环,7,阵营1 胜利,"吕布,沈梦溪,元流之子(射手),大司命,廉颇","哪吒,嫦娥,苍,猪八戒,杨玉环"
廉颇,杨玉环,8,阵营2 胜利,"哪吒,海月,艾琳,宫本武藏,廉颇","狂铁,貂蝉,狄仁杰,裴擒虎,杨玉环"
廉颇,杨玉环,9,阵营1 胜利,"赵怀真,海月,元流之子(射手),赵云,杨玉环","项羽,沈梦溪,戈娅,露娜,廉颇"
廉颇,杨玉环,10,阵营1 胜利,"关羽,海诺,戈娅,孙悟空,廉颇","马超,貂蝉,元流之子(射手),橘右京,杨玉环"
廉颇,杨玉环,11,阵营2 胜利,"芈月,弈星,元流之子(射手),赵云,杨玉环","白起,嫦娥,公孙离,裴擒虎,廉颇"
廉颇,杨玉环,12,阵营2 胜利,"猪八戒,安琪拉,蚩奼,宫本武藏,廉颇","哪吒,嫦娥,李元芳,露娜,杨玉环"
廉颇,杨玉环,13,阵营2 胜利,"钟无艳,高渐离,元流之子(射手),大司命,杨玉环","夏洛特,干将莫邪,百里守约,典韦,廉颇"
廉颇,杨玉环,14,阵营2 胜利,"老夫子,女娲,元流之子(射手),云中君,廉颇","吕布,沈梦溪,戈娅,宫本武藏,杨玉环"
廉颇,杨玉环,15,阵营2 胜利,"赵怀真,扁鹊,元流之子(射手),大司命,杨玉环","李信,甄姬,戈娅,裴擒虎,廉颇"
廉颇,杨玉环,16,阵营2 胜利,"李信,嫦娥,公孙离,云中君,廉颇","元歌,貂蝉,元流之子(射手),雅典娜,杨玉环"
廉颇,杨玉环,17,阵营1 胜利,"曹操,大乔,李信,李白,杨玉环","花木兰,周瑜,蚩奼,镜,廉颇"
廉颇,杨玉环,18,阵营1 胜利,"狂铁,武则天,李元芳,诸葛亮,廉颇","亚瑟,沈梦溪,元流之子(射手),司马懿,杨玉环"
廉颇,杨玉环,19,阵营1 胜利,"元歌,女娲,公孙离,裴擒虎,廉颇","曹操,上官婉儿,戈娅,阿古朵,杨玉环"
廉颇,蔡文姬,1,阵营2 胜利,"狂铁,大乔,戈娅,澜,廉颇","吕布,嫦娥,元流之子(射手),司马懿,蔡文姬"
廉颇,蔡文姬,2,阵营1 胜利,"元歌,女娲,戈娅,露娜,廉颇","蚩奼,干将莫邪,元流之子(射手),云缨,蔡文姬"
廉颇,蔡文姬,3,阵营2 胜利,"曹操,杨玉环,孙权,李白,蔡文姬","哪吒,上官婉儿,蚩奼,司马懿,廉颇"
廉颇,蔡文姬,4,阵营1 胜利,"蚩奼,弈星,戈娅,杨戬,廉颇","马超,女娲,元流之子(射手),暃,蔡文姬"
廉颇,蔡文姬,5,阵营2 胜利,"曹操,杨玉环,元流之子(射手),韩信,廉颇","元歌,海月,蚩奼,赵云,蔡文姬"
廉颇,蔡文姬,6,阵营1 胜利,"兰陵王,小乔,蚩奼,暃,廉颇","梦奇,沈梦溪,元流之子(射手),宫本武藏,蔡文姬"
廉颇,蔡文姬,7,阵营1 胜利,"花木兰,貂蝉,孙权,阿古朵,廉颇","蒙恬,甄姬,蚩奼,百里玄策,蔡文姬"
廉颇,蔡文姬,8,阵营1 胜利,"司空震,貂蝉,公孙离,赵云,廉颇","元流之子(坦克),小乔,李信,雅典娜,蔡文姬"
廉颇,蔡文姬,9,阵营1 胜利,"大司命,小乔,戈娅,铠,蔡文姬","曹操,沈梦溪,元流之子(射手),暃,廉颇"
廉颇,蔡文姬,10,阵营2 胜利,"蒙恬,沈梦溪,虞姬,韩信,蔡文姬","橘右京,女娲,蚩奼,镜,廉颇"
廉颇,蔡文姬,11,阵营1 胜利,"花木兰,女娲,元流之子(射手),暃,蔡文姬","元歌,诸葛亮,虞姬,韩信,廉颇"
廉颇,蔡文姬,12,阵营2 胜利,"杨戬,海诺,元流之子(射手),镜,廉颇","司空震,女娲,蚩奼,元流之子(刺客),蔡文姬"
廉颇,蔡文姬,13,阵营2 胜利,"蒙恬,米莱狄,孙尚香,裴擒虎,廉颇","元歌,沈梦溪,孙权,露娜,蔡文姬"
廉颇,蔡文姬,14,阵营2 胜利,"司空震,小乔,元流之子(射手),铠,廉颇","夏洛特,嫦娥,鲁班七号,云缨,蔡文姬"
廉颇,蔡文姬,15,阵营2 胜利,"老夫子,海诺,元流之子(射手),典韦,蔡文姬","哪吒,王昭君,百里守约,宫本武藏,廉颇"
廉颇,蔡文姬,16,阵营2 胜利,"马超,嫦娥,苍,橘右京,蔡文姬","姬小满,不知火舞,公孙离,裴擒虎,廉颇"
廉颇,蔡文姬,17,阵营1 胜利,"狂铁,沈梦溪,孙尚香,云缨,蔡文姬","老夫子,诸葛亮,戈娅,韩信,廉颇"
廉颇,蔡文姬,18,阵营1 胜利,"亚瑟,弈星,艾琳,赵云,廉颇","老夫子,甄姬,李元芳,裴擒虎,蔡文姬"
廉颇,蔡文姬,19,阵营2 胜利,"元歌,沈梦溪,虞姬,娜可露露,廉颇","芈月,高渐离,戈娅,雅典娜,蔡文姬"
廉颇,太乙真人,1,阵营2 胜利,"关羽,杨玉环,元流之子(射手),司马懿,廉颇","司空震,小乔,艾琳,暃,太乙真人"
廉颇,太乙真人,2,阵营1 胜利,"影,安琪拉,戈娅,云中君,太乙真人","元歌,诸葛亮,苍,曜,廉颇"
廉颇,太乙真人,3,阵营1 胜利,"影,小乔,元流之子(射手),铠,廉颇","狂铁,甄姬,戈娅,兰陵王,太乙真人"
廉颇,太乙真人,4,阵营1 胜利,"老夫子,海月,公孙离,铠,太乙真人","狂铁,沈梦溪,元流之子(射手),李元芳,廉颇"
廉颇,太乙真人,5,阵营1 胜利,"曹操,沈梦溪,元流之子(射手),宫本武藏,廉颇","影,诸葛亮,莱西奥,嫦娥,太乙真人"
廉颇,太乙真人,6,阵营2 胜利,"兰陵王,弈星,狄仁杰,裴擒虎,廉颇","关羽,海月,鲁班七号,梦奇,太乙真人"
廉颇,太乙真人,7,阵营1 胜利,"兰陵王,海月,狄仁杰,韩信,廉颇","元歌,嫦娥,孙尚香,阿古朵,太乙真人"
廉颇,太乙真人,8,阵营1 胜利,"猪八戒,沈梦溪,苍,大司命,廉颇","马超,不知火舞,后羿,镜,太乙真人"
廉颇,太乙真人,9,阵营1 胜利,"司空震,武则天,蚩奼,云缨,廉颇","马超,小乔,孙尚香,哪吒,太乙真人"
廉颇,太乙真人,10,阵营2 胜利,"花木兰,沈梦溪,后羿,阿古朵,太乙真人","芈月,小乔,敖隐,橘右京,廉颇"
廉颇,太乙真人,11,阵营2 胜利,"狂铁,甄姬,艾琳,李元芳,太乙真人","吕布,女娲,公孙离,云缨,廉颇"
廉颇,太乙真人,12,阵营1 胜利,"影,甄姬,戈娅,元流之子(刺客),廉颇","蒙恬,不知火舞,孙权,宫本武藏,太乙真人"
廉颇,太乙真人,13,阵营2 胜利,"狂铁,不知火舞,蚩奼,盘古,廉颇","哪吒,高渐离,狄仁杰,元流之子(刺客),太乙真人"
廉颇,太乙真人,14,阵营1 胜利,"芈月,大乔,敖隐,阿古朵,廉颇","哪吒,周瑜,公孙离,李元芳,太乙真人"
廉颇,太乙真人,15,阵营2 胜利,"老夫子,小乔,孙尚香,哪吒,廉颇","狂铁,杨玉环,元流之子(射手),李元芳,太乙真人"
廉颇,太乙真人,16,阵营2 胜利,"司空震,沈梦溪,元流之子(射手),铠,太乙真人","曹操,小乔,蚩奼,阿古朵,廉颇"
廉颇,太乙真人,17,阵营1 胜利,"关羽,沈梦溪,戈娅,宫本武藏,廉颇","曹操,高渐离,艾琳,韩信,太乙真人"
廉颇,太乙真人,18,阵营2 胜利,"影,干将莫邪,后羿,马超,太乙真人","关羽,不知火舞,公孙离,大司命,廉颇"
廉颇,太乙真人,19,阵营2 胜利,"姬小满,上官婉儿,阿古朵,裴擒虎,太乙真人","关羽,女娲,元流之子(射手),司马懿,廉颇"
廉颇,东皇太一,1,阵营2 胜利,"花木兰,元流之子(法师),戈娅,镜,廉颇","司空震,嫦娥,狄仁杰,马超,东皇太一"
廉颇,东皇太一,2,阵营2 胜利,"狂铁,海月,孙尚香,露娜,东皇太一","关羽,小乔,百里守约,铠,廉颇"
廉颇,东皇太一,3,阵营2 胜利,"猪八戒,沈梦溪,艾琳,铠,东皇太一","吕布,女娲,蚩奼,橘右京,廉颇"
廉颇,东皇太一,4,阵营1 胜利,"马超,西施,公孙离,橘右京,廉颇","曹操,诸葛亮,元流之子(射手),暃,东皇太一"
廉颇,东皇太一,5,阵营2 胜利,"曹操,嫦娥,元流之子(射手),百里玄策,东皇太一","芈月,小乔,孙权,大司命,廉颇"
廉颇,东皇太一,6,阵营1 胜利,"关羽,王昭君,蚩奼,孙悟空,东皇太一","元歌,甄姬,狄仁杰,铠,廉颇"
廉颇,东皇太一,7,阵营2 胜利,"蒙恬,沈梦溪,敖隐,宫本武藏,廉颇","曹操,不知火舞,元流之子(射手),诸葛亮,东皇太一"
廉颇,东皇太一,8,阵营1 胜利,"孙策,张良,苍,铠,廉颇","曹操,沈梦溪,元流之子(射手),裴擒虎,东皇太一"
廉颇,东皇太一,9,阵营2 胜利,"狂铁,王昭君,戈娅,阿古朵,东皇太一","白起,嫦娥,鲁班七号,元流之子(刺客),廉颇"
廉颇,东皇太一,10,阵营2 胜利,"马超,沈梦溪,百里守约,阿古朵,东皇太一","夏洛特,西施,戈娅,阿轲,廉颇"
廉颇,东皇太一,11,阵营2 胜利,"司空震,姜子牙,后羿,典韦,廉颇","影,西施,公孙离,裴擒虎,东皇太一"
廉颇,东皇太一,12,阵营1 胜利,"白起,沈梦溪,虞姬,云缨,东皇太一","影,弈星,元流之子(射手),孙悟空,廉颇"
廉颇,东皇太一,13,阵营2 胜利,"司空震,甄姬,蚩奼,百里玄策,廉颇","狂铁,安琪拉,元流之子(射手),阿古朵,东皇太一"
廉颇,东皇太一,14,阵营2 胜利,"花木兰,上官婉儿,敖隐,元流之子(刺客),廉颇","关羽,小乔,虞姬,马超,东皇太一"
廉颇,东皇太一,15,阵营1 胜利,"曹操,诸葛亮,后羿,盘古,东皇太一","海诺,女娲,公孙离,裴擒虎,廉颇"
廉颇,东皇太一,16,阵营2 胜利,"曹操,沈梦溪,戈娅,露娜,廉颇","花木兰,嫦娥,元流之子(射手),娜可露露,东皇太一"
廉颇,东皇太一,17,阵营1 胜利,"钟无艳,海诺,元流之子(射手),暃,东皇太一","元歌,高渐离,蒙犽,宫本武藏,廉颇"
廉颇,东皇太一,18,阵营2 胜利,"元歌,弈星,元流之子(射手),诸葛亮,廉颇","孙悟空,嫦娥,百里守约,马超,东皇太一"
廉颇,东皇太一,19,阵营2 胜利,"哪吒,海诺,鲁班七号,大司命,东皇太一","曹操,大乔,孙尚香,元流之子(刺客),廉颇"
廉颇,大禹,1,阵营2 胜利,"影,女娲,蒙犽,韩信,廉颇","元歌,海月,孙权,诸葛亮,大禹"
廉颇,大禹,2,阵营1 胜利,"白起,小乔,马可波罗,典韦,大禹","老夫子,女娲,苍,曜,廉颇"
廉颇,大禹,3,阵营1 胜利,"哪吒,武则天,孙尚香,裴擒虎,廉颇","司空震,小乔,公孙离,暃,大禹"
廉颇,大禹,4,阵营2 胜利,"马超,沈梦溪,元流之子(射手),暃,廉颇","猪八戒,弈星,黄忠,裴擒虎,大禹"
廉颇,大禹,5,阵营2 胜利,"猪八戒,不知火舞,公孙离,宫本武藏,廉颇","元歌,杨玉环,元流之子(射手),裴擒虎,大禹"
廉颇,大禹,6,阵营1 胜利,"狂铁,海月,狄仁杰,云中君,廉颇","老夫子,沈梦溪,公孙离,宫本武藏,大禹"
廉颇,大禹,7,阵营1 胜利,"芈月,嬴政,百里守约,镜,大禹","蒙恬,不知火舞,公孙离,韩信,廉颇"
廉颇,大禹,8,阵营2 胜利,"老夫子,诸葛亮,李信,马超,廉颇","曹操,弈星,蚩奼,铠,大禹"
廉颇,大禹,9,阵营2 胜利,"亚瑟,大乔,苍,元流之子(刺客),廉颇","猪八戒,沈梦溪,戈娅,云缨,大禹"
廉颇,大禹,10,阵营2 胜利,"项羽,诸葛亮,狄仁杰,暃,廉颇","花木兰,不知火舞,戈娅,大司命,大禹"
廉颇,大禹,11,阵营2 胜利,"曹操,女娲,孙权,暃,廉颇","影,沈梦溪,后羿,哪吒,大禹"
廉颇,大禹,12,阵营2 胜利,"马超,甄姬,公孙离,娜可露露,廉颇","老夫子,西施,元流之子(射手),李信,大禹"
廉颇,大禹,13,阵营2 胜利,"兰陵王,弈星,虞姬,橘右京,廉颇","蚩奼,大乔,孙尚香,百里玄策,大禹"
廉颇,大禹,14,阵营2 胜利,"狂铁,安琪拉,虞姬,马超,大禹","花木兰,高渐离,蚩奼,元流之子(刺客),廉颇"
廉颇,大禹,15,阵营1 胜利,"曹操,嬴政,戈娅,百里玄策,廉颇","杨戬,妲己,鲁班七号,诸葛亮,大禹"
廉颇,大禹,16,阵营2 胜利,"关羽,妲己,公孙离,裴擒虎,廉颇","老夫子,武则天,虞姬,元流之子(刺客),大禹"
廉颇,大禹,17,阵营2 胜利,"孙策,嫦娥,敖隐,娜可露露,大禹","影,不知火舞,元流之子(射手),暃,廉颇"
廉颇,大禹,18,阵营1 胜利,"元歌,武则天,公孙离,澜,大禹","关羽,不知火舞,蚩奼,马超,廉颇"
廉颇,大禹,19,阵营2 胜利,"影,西施,元流之子(射手),马超,廉颇","兰陵王,嫦娥,虞姬,司马懿,大禹"
廉颇,鬼谷子,1,阵营1 胜利,"哪吒,不知火舞,李信,阿古朵,鬼谷子","老夫子,西施,元流之子(射手),云缨,廉颇"
廉颇,鬼谷子,2,阵营2 胜利,"关羽,嫦娥,戈娅,阿古朵,廉颇","狂铁,干将莫邪,马可波罗,镜,鬼谷子"
廉颇,鬼谷子,3,阵营2 胜利,"司空震,沈梦溪,元流之子(射手),哪吒,廉颇","狂铁,貂蝉,公孙离,司马懿,鬼谷子"
廉颇,鬼谷子,4,阵营1 胜利,"兰陵王,杨玉环,李信,赵云,廉颇","哪吒,甄姬,戈娅,裴擒虎,鬼谷子"
廉颇,鬼谷子,5,阵营1 胜利,"司空震,杨玉环,蚩奼,韩信,廉颇","杨戬,甄姬,苍,镜,鬼谷子"
廉颇,鬼谷子,6,阵营2 胜利,"孙策,小乔,元流之子(射手),司马懿,鬼谷子","蒙恬,西施,孙权,橘右京,廉颇"
廉颇,鬼谷子,7,阵营2 胜利,"元歌,小乔,元流之子(射手),孙悟空,鬼谷子","马超,安琪拉,虞姬,裴擒虎,廉颇"
廉颇,鬼谷子,8,阵营2 胜利,"曹操,嬴政,百里守约,裴擒虎,鬼谷子","蚩奼,诸葛亮,后羿,镜,廉颇"
廉颇,鬼谷子,9,阵营2 胜利,"白起,武则天,孙权,哪吒,鬼谷子","花木兰,元流之子(法师),蚩奼,曜,廉颇"
廉颇,鬼谷子,10,阵营2 胜利,"哪吒,海诺,元流之子(射手),露娜,廉颇","狂铁,小乔,孙权,娜可露露,鬼谷子"
廉颇,鬼谷子,11,阵营2 胜利,"项羽,王昭君,蚩奼,韩信,廉颇","影,沈梦溪,元流之子(射手),娜可露露,鬼谷子"
廉颇,鬼谷子,12,阵营2 胜利,"马超,上官婉儿,蚩奼,孙悟空,廉颇","夏洛特,小乔,孙权,杨戬,鬼谷子"
廉颇,鬼谷子,13,阵营2 胜利,"司空震,不知火舞,敖隐,马超,廉颇","老夫子,嫦娥,元流之子(射手),裴擒虎,鬼谷子"
廉颇,鬼谷子,14,阵营2 胜利,"刘邦,沈梦溪,蚩奼,韩信,鬼谷子","司空震,女娲,戈娅,孙悟空,廉颇"
廉颇,鬼谷子,15,阵营2 胜利,"哪吒,高渐离,蚩奼,宫本武藏,廉颇","马超,沈梦溪,孙权,雅典娜,鬼谷子"
廉颇,鬼谷子,16,阵营2 胜利,"白起,小乔,戈娅,露娜,廉颇","夏洛特,甄姬,元流之子(射手),铠,鬼谷子"
廉颇,鬼谷子,17,阵营1 胜利,"狂铁,海月,戈娅,阿古朵,鬼谷子","蚩奼,安琪拉,元流之子(射手),韩信,廉颇"
廉颇,鬼谷子,18,阵营2 胜利,"影,海月,戈娅,镜,鬼谷子","项羽,女娲,百里守约,兰陵王,廉颇"
廉颇,鬼谷子,19,阵营1 胜利,"哪吒,弈星,元流之子(射手),镜,廉颇","花木兰,上官婉儿,艾琳,诸葛亮,鬼谷子"
廉颇,大乔,1,阵营1 胜利,"蚩奼,女娲,公孙离,马超,大乔","老夫子,海月,敖隐,孙悟空,廉颇"
廉颇,大乔,2,阵营1 胜利,"影,王昭君,敖隐,云缨,廉颇","关羽,诸葛亮,百里守约,镜,大乔"
廉颇,大乔,3,阵营2 胜利,"影,女娲,公孙离,孙悟空,大乔","老夫子,嫦娥,元流之子(射手),阿轲,廉颇"
廉颇,大乔,4,阵营2 胜利,"老夫子,嫦娥,公孙离,宫本武藏,廉颇","司空震,诸葛亮,元流之子(射手),韩信,大乔"
廉颇,大乔,5,阵营1 胜利,"达摩,女娲,苍,云缨,大乔","蒙恬,高渐离,元流之子(射手),阿古朵,廉颇"
廉颇,大乔,6,阵营2 胜利,"狂铁,海月,蚩奼,云中君,大乔","老夫子,甄姬,孙尚香,百里玄策,廉颇"
廉颇,大乔,7,阵营1 胜利,"司空震,小乔,公孙离,马超,大乔","元歌,不知火舞,鲁班七号,云缨,廉颇"
廉颇,大乔,8,阵营1 胜利,"白起,不知火舞,苍,云缨,大乔","芈月,安琪拉,元流之子(射手),橘右京,廉颇"
廉颇,大乔,9,阵营2 胜利,"亚连,甄姬,敖隐,铠,廉颇","关羽,西施,狄仁杰,娜可露露,大乔"
廉颇,大乔,10,阵营2 胜利,"哪吒,杨玉环,李信,裴擒虎,廉颇","孙策,诸葛亮,元流之子(射手),橘右京,大乔"
廉颇,大乔,11,阵营1 胜利,"哪吒,沈梦溪,狄仁杰,铠,大乔","夏洛特,女娲,孙尚香,韩信,廉颇"
廉颇,大乔,12,阵营1 胜利,"关羽,沈梦溪,元流之子(射手),盘古,大乔","杨戬,不知火舞,戈娅,韩信,廉颇"
廉颇,大乔,13,阵营1 胜利,"司空震,沈梦溪,后羿,露娜,大乔","曹操,貂蝉,公孙离,马超,廉颇"
廉颇,大乔,14,阵营1 胜利,"元歌,甄姬,元流之子(射手),暃,大乔","吕布,小乔,百里守约,典韦,廉颇"
廉颇,大乔,15,阵营2 胜利,"狂铁,干将莫邪,敖隐,阿古朵,大乔","司空震,女娲,虞姬,雅典娜,廉颇"
廉颇,大乔,16,阵营2 胜利,"花木兰,高渐离,元流之子(射手),哪吒,廉颇","老夫子,干将莫邪,司空震,孙悟空,大乔"
廉颇,大乔,17,阵营2 胜利,"哪吒,诸葛亮,元流之子(射手),阿轲,大乔","蒙恬,嫦娥,戈娅,暃,廉颇"
廉颇,大乔,18,阵营2 胜利,"狂铁,杨玉环,元流之子(射手),典韦,大乔","达摩,沈梦溪,戈娅,铠,廉颇"
廉颇,大乔,19,阵营2 胜利,"蒙恬,沈梦溪,艾琳,孙悟空,大乔","曹操,扁鹊,戈娅,猪八戒,廉颇"
廉颇,苏烈,1,阵营1 胜利,"哪吒,嫦娥,蒙犽,裴擒虎,廉颇","花木兰,女娲,公孙离,娜可露露,苏烈"
廉颇,苏烈,2,阵营1 胜利,"老夫子,嫦娥,元流之子(射手),橘右京,廉颇","曹操,大乔,蚩奼,哪吒,苏烈"
廉颇,苏烈,3,阵营2 胜利,"蚩奼,不知火舞,百里守约,刘备,苏烈","姬小满,妲己,后羿,诸葛亮,廉颇"
廉颇,苏烈,4,阵营1 胜利,"白起,沈梦溪,戈娅,曹操,苏烈","司空震,不知火舞,公孙离,露娜,廉颇"
廉颇,苏烈,5,阵营2 胜利,"蚩奼,弈星,莱西奥,暃,苏烈","杨戬,金蝉,李信,云中君,廉颇"
廉颇,苏烈,6,阵营2 胜利,"老夫子,嫦娥,孙权,百里玄策,苏烈","影,高渐离,阿古朵,裴擒虎,廉颇"
廉颇,苏烈,7,阵营1 胜利,"哪吒,沈梦溪,后羿,韩信,苏烈","司空震,高渐离,苍,李白,廉颇"
廉颇,苏烈,8,阵营1 胜利,"芈月,甄姬,戈娅,大司命,苏烈","蚩奼,西施,司空震,暃,廉颇"
廉颇,苏烈,9,阵营1 胜利,"猪八戒,小乔,戈娅,裴擒虎,廉颇","赵怀真,嫦娥,伽罗,马超,苏烈"
廉颇,苏烈,10,阵营1 胜利,"司空震,不知火舞,孙权,裴擒虎,苏烈","蒙恬,沈梦溪,戈娅,兰陵王,廉颇"
廉颇,苏烈,11,阵营2 胜利,"关羽,不知火舞,元流之子(射手),裴擒虎,廉颇","老夫子,王昭君,戈娅,阿古朵,苏烈"
廉颇,苏烈,12,阵营1 胜利,"嫦娥,女娲,孙尚香,典韦,苏烈","项羽,妲己,艾琳,裴擒虎,廉颇"
廉颇,苏烈,13,阵营2 胜利,"亚瑟,妲己,蚩奼,赵云,廉颇","司空震,甄姬,孙权,百里玄策,苏烈"
廉颇,苏烈,14,阵营1 胜利,"关羽,沈梦溪,苍,娜可露露,苏烈","梦奇,嫦娥,戈娅,裴擒虎,廉颇"
廉颇,苏烈,15,阵营1 胜利,"亚瑟,沈梦溪,后羿,娜可露露,苏烈","元歌,武则天,元流之子(射手),雅典娜,廉颇"
廉颇,苏烈,16,阵营1 胜利,"马超,武则天,孙权,韩信,苏烈","程咬金,小乔,戈娅,暃,廉颇"
廉颇,苏烈,17,阵营1 胜利,"项羽,杨玉环,元流之子(射手),哪吒,廉颇","元歌,不知火舞,李元芳,典韦,苏烈"
廉颇,苏烈,18,阵营1 胜利,"杨戬,沈梦溪,李元芳,娜可露露,廉颇","蚩奼,嫦娥,元流之子(射手),暃,苏烈"
廉颇,苏烈,19,阵营1 胜利,"哪吒,大乔,莱西奥,曜,廉颇","老夫子,不知火舞,司空震,诸葛亮,苏烈"
廉颇,明世隐,1,阵营1 胜利,"元歌,杨玉环,后羿,裴擒虎,廉颇","曹操,沈梦溪,孙尚香,云缨,明世隐"
廉颇,明世隐,2,阵营2 胜利,"元歌,刘邦,元流之子(射手),韩信,明世隐","司空震,嫦娥,戈娅,阿古朵,廉颇"
廉颇,明世隐,3,阵营1 胜利,"元歌,高渐离,公孙离,诸葛亮,廉颇","夏洛特,女娲,元流之子(射手),曹操,明世隐"
廉颇,明世隐,4,阵营2 胜利,"哪吒,沈梦溪,苍,梦奇,明世隐","蚩奼,安琪拉,戈娅,橘右京,廉颇"
廉颇,明世隐,5,阵营2 胜利,"蒙恬,女娲,狄仁杰,韩信,明世隐","姬小满,周瑜,元流之子(射手),铠,廉颇"
廉颇,明世隐,6,阵营1 胜利,"老夫子,诸葛亮,戈娅,铠,明世隐","姬小满,姜子牙,蚩奼,韩信,廉颇"
廉颇,明世隐,7,阵营1 胜利,"老夫子,小乔,元流之子(射手),孙悟空,明世隐","司空震,杨玉环,百里守约,铠,廉颇"
廉颇,明世隐,8,阵营2 胜利,"司空震,姜子牙,孙权,镜,廉颇","哪吒,沈梦溪,戈娅,裴擒虎,明世隐"
廉颇,明世隐,9,阵营1 胜利,"影,大乔,虞姬,澜,明世隐","元歌,高渐离,元流之子(射手),暃,廉颇"
廉颇,明世隐,10,阵营2 胜利,"老夫子,诸葛亮,元流之子(射手),阿古朵,明世隐","亚连,甄姬,公孙离,李元芳,廉颇"
廉颇,明世隐,11,阵营1 胜利,"狂铁,沈梦溪,敖隐,宫本武藏,廉颇","司空震,女娲,公孙离,李白,明世隐"
廉颇,明世隐,12,阵营1 胜利,"老夫子,诸葛亮,元流之子(射手),马超,明世隐","狂铁,女娲,艾琳,梦奇,廉颇"
廉颇,明世隐,13,阵营2 胜利,"哪吒,弈星,艾琳,李元芳,廉颇","夏洛特,貂蝉,元流之子(射手),铠,明世隐"
廉颇,明世隐,14,阵营1 胜利,"老夫子,西施,孙权,裴擒虎,明世隐","芈月,貂蝉,蚩奼,橘右京,廉颇"
廉颇,明世隐,15,阵营1 胜利,"曹操,沈梦溪,艾琳,澜,明世隐","达摩,大乔,李元芳,曜,廉颇"
廉颇,明世隐,16,阵营1 胜利,"影,不知火舞,蚩奼,暃,廉颇","关羽,金蝉,虞姬,大司命,明世隐"
廉颇,明世隐,17,阵营1 胜利,"姬小满,安琪拉,元流之子(射手),大司命,廉颇","哪吒,海诺,莱西奥,诸葛亮,明世隐"
廉颇,明世隐,18,阵营2 胜利,"司空震,不知火舞,蚩奼,镜,廉颇","影,张良,元流之子(射手),铠,明世隐"
廉颇,明世隐,19,阵营2 胜利,"司空震,妲己,敖隐,裴擒虎,廉颇","狂铁,王昭君,艾琳,铠,明世隐"
廉颇,瑶,1,阵营2 胜利,"曹操,沈梦溪,鲁班七号,镜,廉颇","老夫子,武则天,艾琳,阿古朵,瑶"
廉颇,瑶,2,阵营1 胜利,"曹操,沈梦溪,百里守约,哪吒,廉颇","元歌,嫦娥,马可波罗,裴擒虎,瑶"
廉颇,瑶,3,阵营2 胜利,"元歌,海诺,狄仁杰,镜,廉颇","马超,海月,李信,裴擒虎,瑶"
廉颇,瑶,4,阵营1 胜利,"影,大乔,狄仁杰,李元芳,瑶","达摩,小乔,戈娅,诸葛亮,廉颇"
廉颇,瑶,5,阵营1 胜利,"狂铁,嫦娥,蚩奼,暃,瑶","司空震,不知火舞,虞姬,元流之子(刺客),廉颇"
廉颇,瑶,6,阵营1 胜利,"老夫子,不知火舞,蚩奼,裴擒虎,廉颇","哪吒,公孙离,甄姬,云缨,瑶"
廉颇,瑶,7,阵营2 胜利,"马超,海诺,戈娅,百里玄策,瑶","杨戬,不知火舞,蚩奼,司马懿,廉颇"
廉颇,瑶,8,阵营1 胜利,"司空震,沈梦溪,元流之子(射手),司马懿,瑶","白起,上官婉儿,公孙离,阿轲,廉颇"
廉颇,瑶,9,阵营2 胜利,"元歌,甄姬,敖隐,百里玄策,瑶","花木兰,诸葛亮,元流之子(射手),雅典娜,廉颇"
廉颇,瑶,10,阵营1 胜利,"马超,海月,元流之子(射手),孙悟空,廉颇","影,甄姬,戈娅,暃,瑶"
廉颇,瑶,11,阵营1 胜利,"狂铁,海月,元流之子(射手),暃,瑶","孙策,弈星,戈娅,宫本武藏,廉颇"
廉颇,瑶,12,阵营2 胜利,"马超,不知火舞,戈娅,曹操,廉颇","关羽,嫦娥,元流之子(射手),裴擒虎,瑶"
廉颇,瑶,13,阵营1 胜利,"蒙恬,貂蝉,孙权,云缨,瑶","狂铁,妲己,后羿,百里玄策,廉颇"
廉颇,瑶,14,阵营1 胜利,"芈月,西施,伽罗,李白,廉颇","狂铁,女娲,元流之子(射手),李元芳,瑶"
廉颇,瑶,15,阵营2 胜利,"哪吒,沈梦溪,公孙离,裴擒虎,廉颇","姬小满,太乙真人,孙权,镜,瑶"
廉颇,瑶,16,阵营1 胜利,"程咬金,扁鹊,元流之子(射手),李元芳,瑶","蚩奼,武则天,百里守约,猪八戒,廉颇"
廉颇,瑶,17,阵营1 胜利,"马超,女娲,敖隐,镜,廉颇","杨戬,杨玉环,元流之子(射手),暃,瑶"
廉颇,瑶,18,阵营2 胜利,"哪吒,女娲,虞姬,云中君,瑶","曹操,不知火舞,苍,孙悟空,廉颇"
廉颇,瑶,19,阵营2 胜利,"老夫子,女娲,戈娅,韩信,廉颇","蒙恬,沈梦溪,蚩奼,赵云,瑶"
廉颇,盾山,1,阵营1 胜利,"狂铁,女娲,鲁班七号,马超,盾山","老夫子,高渐离,戈娅,大司命,廉颇"
廉颇,盾山,2,阵营2 胜利,"哪吒,杨玉环,蚩奼,暃,廉颇","花木兰,米莱狄,艾琳,孙悟空,盾山"
廉颇,盾山,3,阵营2 胜利,"狂铁,不知火舞,元流之子(射手),暃,廉颇","曹操,诸葛亮,狄仁杰,赵云,盾山"
廉颇,盾山,4,阵营1 胜利,"影,干将莫邪,元流之子(射手),云缨,廉颇","项羽,嫦娥,艾琳,元流之子(刺客),盾山"
廉颇,盾山,5,阵营2 胜利,"芈月,大乔,敖隐,李白,廉颇","司空震,海诺,虞姬,裴擒虎,盾山"
廉颇,盾山,6,阵营2 胜利,"元歌,嫦娥,敖隐,兰陵王,廉颇","刘邦,杨玉环,艾琳,百里玄策,盾山"
廉颇,盾山,7,阵营2 胜利,"蒙恬,海月,狄仁杰,孙悟空,盾山","杨戬,沈梦溪,戈娅,李元芳,廉颇"
廉颇,盾山,8,阵营1 胜利,"海诺,海月,敖隐,澜,廉颇","元歌,甄姬,虞姬,镜,盾山"
廉颇,盾山,9,阵营2 胜利,"马超,不知火舞,公孙离,李白,廉颇","夏洛特,上官婉儿,元流之子(射手),暃,盾山"
廉颇,盾山,10,阵营1 胜利,"马超,海月,戈娅,曜,盾山","达摩,王昭君,孙权,橘右京,廉颇"
廉颇,盾山,11,阵营1 胜利,"蒙恬,嫦娥,元流之子(射手),梦奇,盾山","白起,小乔,敖隐,刘备,廉颇"
廉颇,盾山,12,阵营2 胜利,"曜,女娲,蚩奼,赵云,廉颇","狂铁,不知火舞,鲁班七号,暃,盾山"
廉颇,盾山,13,阵营1 胜利,"夏洛特,上官婉儿,百里守约,百里玄策,廉颇","曹操,诸葛亮,蚩奼,韩信,盾山"
廉颇,盾山,14,阵营2 胜利,"司空震,女娲,蚩奼,赵云,盾山","哪吒,杨玉环,狄仁杰,李白,廉颇"
廉颇,盾山,15,阵营2 胜利,"影,元流之子(法师),敖隐,百里玄策,廉颇","蚩奼,女娲,后羿,赵云,盾山"
廉颇,盾山,16,阵营2 胜利,"马超,嫦娥,虞姬,澜,盾山","司空震,小乔,戈娅,橘右京,廉颇"
廉颇,盾山,17,阵营2 胜利,"马超,甄姬,孙尚香,百里玄策,盾山","老夫子,不知火舞,蚩奼,裴擒虎,廉颇"
廉颇,盾山,18,阵营1 胜利,"花木兰,干将莫邪,苍,赵云,盾山","达摩,小乔,元流之子(射手),娜可露露,廉颇"
廉颇,盾山,19,阵营2 胜利,"达摩,沈梦溪,戈娅,铠,廉颇","狂铁,甄姬,艾琳,李元芳,盾山"
廉颇,西施,1,阵营1 胜利,"哪吒,女娲,后羿,铠,西施","司空震,扁鹊,蚩奼,曜,廉颇"
廉颇,西施,2,阵营2 胜利,"影,诸葛亮,敖隐,澜,廉颇","花木兰,沈梦溪,李信,阿古朵,西施"
廉颇,西施,3,阵营2 胜利,"曹操,大乔,蚩奼,赵云,廉颇","蒙恬,上官婉儿,孙权,裴擒虎,西施"
廉颇,西施,4,阵营1 胜利,"蒙恬,上官婉儿,虞姬,赵云,廉颇","哪吒,不知火舞,李信,暃,西施"
廉颇,西施,5,阵营1 胜利,"元歌,海月,苍,马超,西施","司空震,貂蝉,蚩奼,宫本武藏,廉颇"
廉颇,西施,6,阵营1 胜利,"哪吒,甄姬,戈娅,元流之子(刺客),西施","曹操,貂蝉,公孙离,影,廉颇"
廉颇,西施,7,阵营1 胜利,"刘邦,嫦娥,虞姬,马超,廉颇","影,沈梦溪,戈娅,诸葛亮,西施"
廉颇,西施,8,阵营1 胜利,"蚩奼,沈梦溪,孙尚香,马超,廉颇","程咬金,干将莫邪,戈娅,裴擒虎,西施"
廉颇,西施,9,阵营2 胜利,"老夫子,沈梦溪,艾琳,铠,廉颇","哪吒,不知火舞,公孙离,暃,西施"
廉颇,西施,10,阵营2 胜利,"曹操,嫦娥,李信,云缨,西施","影,大乔,敖隐,孙悟空,廉颇"
廉颇,西施,11,阵营2 胜利,"花木兰,女娲,戈娅,典韦,廉颇","曹操,杨玉环,艾琳,暃,西施"
廉颇,西施,12,阵营1 胜利,"影,上官婉儿,元流之子(射手),百里玄策,西施","元歌,姜子牙,蚩奼,裴擒虎,廉颇"
廉颇,西施,13,阵营1 胜利,"关羽,武则天,狄仁杰,孙悟空,西施","司空震,女娲,苍,李白,廉颇"
廉颇,西施,14,阵营1 胜利,"姬小满,海月,公孙离,孙悟空,廉颇","哪吒,嫦娥,孙权,大司命,西施"
廉颇,西施,15,阵营1 胜利,"杨戬,小乔,蚩奼,云缨,西施","影,甄姬,元流之子(射手),镜,廉颇"
廉颇,西施,16,阵营2 胜利,"影,武则天,元流之子(射手),孙悟空,廉颇","蒙恬,貂蝉,蚩奼,裴擒虎,西施"
廉颇,西施,17,阵营1 胜利,"貂蝉,女娲,敖隐,典韦,廉颇","蒙恬,沈梦溪,蚩奼,李元芳,西施"
廉颇,西施,18,阵营2 胜利,"曹操,米莱狄,元流之子(射手),李元芳,西施","芈月,沈梦溪,虞姬,韩信,廉颇"
廉颇,西施,19,阵营2 胜利,"亚瑟,嫦娥,元流之子(射手),孙悟空,西施","姬小满,嬴政,戈娅,司马懿,廉颇"
廉颇,鲁班大师,1,阵营2 胜利,"兰陵王,王昭君,戈娅,裴擒虎,鲁班大师","关羽,海月,元流之子(射手),马超,廉颇"
廉颇,鲁班大师,2,阵营1 胜利,"夏洛特,嫦娥,鲁班七号,宫本武藏,鲁班大师","司空震,大乔,后羿,裴擒虎,廉颇"
廉颇,鲁班大师,3,阵营2 胜利,"司空震,上官婉儿,元流之子(射手),杨戬,鲁班大师","达摩,周瑜,孙权,马超,廉颇"
廉颇,鲁班大师,4,阵营1 胜利,"老夫子,嫦娥,虞姬,镜,廉颇","司空震,小乔,蚩奼,宫本武藏,鲁班大师"
廉颇,鲁班大师,5,阵营2 胜利,"哪吒,沈梦溪,孙权,暃,廉颇","元歌,弈星,孙尚香,露娜,鲁班大师"
廉颇,鲁班大师,6,阵营2 胜利,"夏侯惇,嫦娥,艾琳,马超,鲁班大师,蒙恬,蚩奼,孙悟空,廉颇",未集齐10人
廉颇,鲁班大师,7,阵营2 胜利,"亚瑟,安琪拉,元流之子(射手),兰陵王,鲁班大师","马超,弈星,虞姬,杨戬,廉颇"
廉颇,鲁班大师,8,阵营1 胜利,"影,上官婉儿,元流之子(射手),裴擒虎,鲁班大师","哪吒,诸葛亮,艾琳,镜,廉颇"
廉颇,鲁班大师,9,阵营2 胜利,"杨戬,杨玉环,蚩奼,澜,鲁班大师","关羽,小乔,公孙离,云缨,廉颇"
廉颇,鲁班大师,10,阵营1 胜利,"哪吒,不知火舞,元流之子(射手),阿古朵,鲁班大师","老夫子,沈梦溪,戈娅,孙悟空,廉颇"
廉颇,鲁班大师,11,阵营1 胜利,"狂铁,周瑜,敖隐,裴擒虎,鲁班大师","蒙恬,嫦娥,虞姬,韩信,廉颇"
廉颇,鲁班大师,12,阵营1 胜利,"亚瑟,小乔,元流之子(射手),赵云,鲁班大师","关羽,女娲,戈娅,镜,廉颇"
廉颇,鲁班大师,13,阵营2 胜利,"蚩奼,小乔,孙尚香,暃,鲁班大师","夏洛特,海月,元流之子(射手),雅典娜,廉颇"
廉颇,鲁班大师,14,阵营1 胜利,"曹操,嬴政,虞姬,孙悟空,廉颇","兰陵王,安琪拉,戈娅,裴擒虎,鲁班大师"
廉颇,鲁班大师,15,阵营2 胜利,"影,诸葛亮,戈娅,裴擒虎,廉颇","哪吒,干将莫邪,百里守约,韩信,鲁班大师"
廉颇,鲁班大师,16,阵营2 胜利,"老夫子,小乔,李信,马超,鲁班大师","司空震,沈梦溪,元流之子(射手),橘右京,廉颇"
廉颇,鲁班大师,17,阵营1 胜利,"元歌,沈梦溪,元流之子(射手),韩信,廉颇","曹操,弈星,狄仁杰,裴擒虎,鲁班大师"
廉颇,鲁班大师,18,阵营2 胜利,"赵怀真,安琪拉,元流之子(射手),露娜,廉颇","曹操,沈梦溪,鲁班七号,李白,鲁班大师"
廉颇,鲁班大师,19,阵营2 胜利,"花木兰,沈梦溪,元流之子(射手),韩信,鲁班大师","元歌,甄姬,戈娅,猪八戒,廉颇"
廉颇,桑启,1,阵营1 胜利,"影,元流之子(法师),孙权,猪八戒,桑启","蚩奼,小乔,艾琳,裴擒虎,廉颇"
廉颇,桑启,2,阵营1 胜利,"花木兰,妲己,元流之子(射手),司马懿,廉颇","曹操,大乔,后羿,典韦,桑启"
廉颇,桑启,3,阵营1 胜利,"花木兰,甄姬,敖隐,孙悟空,桑启","刘邦,杨玉环,黄忠,镜,廉颇"
廉颇,桑启,4,阵营1 胜利,"关羽,西施,元流之子(射手),韩信,廉颇","蒙恬,不知火舞,公孙离,阿古朵,桑启"
廉颇,桑启,5,阵营1 胜利,"姬小满,西施,敖隐,诸葛亮,廉颇","花木兰,小乔,后羿,元流之子(刺客),桑启"
廉颇,桑启,6,阵营2 胜利,"达摩,嫦娥,敖隐,暃,廉颇","蒙恬,甄姬,元流之子(射手),裴擒虎,桑启"
廉颇,桑启,7,阵营2 胜利,"蒙恬,诸葛亮,戈娅,韩信,桑启","关羽,女娲,孙权,橘右京,廉颇"
廉颇,桑启,8,阵营2 胜利,"关羽,女娲,李信,孙悟空,廉颇","马超,西施,敖隐,阿古朵,桑启"
廉颇,桑启,9,阵营2 胜利,"夏洛特,小乔,敖隐,雅典娜,廉颇","花木兰,女娲,戈娅,百里玄策,桑启"
廉颇,桑启,10,阵营2 胜利,"蒙恬,不知火舞,戈娅,阿古朵,桑启","花木兰,甄姬,孙权,裴擒虎,廉颇"
廉颇,桑启,11,阵营2 胜利,"影,甄姬,元流之子(射手),镜,桑启","狂铁,沈梦溪,虞姬,典韦,廉颇"
廉颇,桑启,12,阵营2 胜利,"芈月,女娲,敖隐,暃,廉颇","哪吒,嫦娥,百里守约,元流之子(刺客),桑启"
廉颇,桑启,13,阵营1 胜利,"亚瑟,武则天,戈娅,李白,桑启","蚩奼,安琪拉,公孙离,澜,廉颇"
廉颇,桑启,14,阵营1 胜利,"狂铁,海诺,敖隐,娜可露露,廉颇","元歌,武则天,元流之子(射手),裴擒虎,桑启"
廉颇,桑启,15,阵营1 胜利,"程咬金,大乔,元流之子(射手),雅典娜,桑启","吕布,海诺,百里守约,云中君,廉颇"
廉颇,桑启,16,阵营2 胜利,"猪八戒,貂蝉,敖隐,云缨,廉颇","曹操,女娲,元流之子(射手),百里玄策,桑启"
廉颇,桑启,17,阵营2 胜利,"元歌,诸葛亮,莱西奥,暃,廉颇","关羽,女娲,艾琳,裴擒虎,桑启"
廉颇,桑启,18,阵营1 胜利,"老夫子,海诺,戈娅,宫本武藏,桑启","马超,不知火舞,元流之子(射手),哪吒,廉颇"
廉颇,桑启,19,阵营1 胜利,"杨戬,女娲,后羿,宫本武藏,桑启","哪吒,金蝉,蒙犽,镜,廉颇"
廉颇,赵怀真,1,阵营2 胜利,"司空震,不知火舞,蚩奼,赵云,廉颇","老夫子,上官婉儿,元流之子(射手),诸葛亮,赵怀真"
廉颇,赵怀真,2,阵营2 胜利,"夏洛特,姜子牙,元流之子(射手),暃,赵怀真","芈月,小乔,公孙离,铠,廉颇"
廉颇,赵怀真,3,阵营1 胜利,"狂铁,嫦娥,元流之子(射手),云缨,廉颇","影,墨子,戈娅,阿古朵,赵怀真"
廉颇,赵怀真,4,阵营2 胜利,"哪吒,不知火舞,狄仁杰,暃,赵怀真","元歌,张良,孙权,镜,廉颇"
廉颇,赵怀真,5,阵营1 胜利,"花木兰,武则天,孙权,裴擒虎,赵怀真","元歌,甄姬,戈娅,杨戬,廉颇"
廉颇,赵怀真,6,阵营2 胜利,"姬小满,女娲,戈娅,元流之子(刺客),廉颇","关羽,海诺,孙权,暃,赵怀真"
廉颇,赵怀真,7,阵营2 胜利,"狂铁,诸葛亮,元流之子(射手),马超,赵怀真","钟无艳,不知火舞,蚩奼,暃,廉颇"
廉颇,赵怀真,8,阵营2 胜利,"吕布,沈梦溪,元流之子(射手),韩信,廉颇","哪吒,海月,蚩奼,暃,赵怀真"
廉颇,赵怀真,9,阵营1 胜利,"孙策,王昭君,后羿,韩信,廉颇","吕布,西施,孙尚香,阿古朵,赵怀真"
廉颇,赵怀真,10,阵营2 胜利,"元歌,安琪拉,虞姬,裴擒虎,廉颇","夏洛特,嫦娥,狄仁杰,阿古朵,赵怀真"
廉颇,赵怀真,11,阵营1 胜利,"哪吒,沈梦溪,元流之子(射手),阿古朵,廉颇","影,弈星,戈娅,赵云,赵怀真"
廉颇,赵怀真,12,阵营1 胜利,"云缨,嫦娥,元歌,镜,廉颇","兰陵王,妲己,艾琳,梦奇,赵怀真"
廉颇,赵怀真,13,阵营2 胜利,"老夫子,上官婉儿,元流之子(射手),刘备,赵怀真","影,海月,蚩奼,李元芳,廉颇"
廉颇,赵怀真,14,阵营1 胜利,"程咬金,上官婉儿,苍,马超,廉颇","元歌,西施,莱西奥,赵云,赵怀真"
廉颇,赵怀真,15,阵营1 胜利,"狂铁,小乔,元流之子(射手),露娜,廉颇","曹操,海诺,孙权,裴擒虎,赵怀真"
廉颇,赵怀真,16,阵营2 胜利,"老夫子,武则天,苍,诸葛亮,赵怀真","哪吒,海月,狄仁杰,百里玄策,廉颇"
廉颇,赵怀真,17,阵营2 胜利,"刘邦,沈梦溪,百里守约,裴擒虎,赵怀真","影,貂蝉,敖隐,韩信,廉颇"
廉颇,赵怀真,18,阵营1 胜利,"亚连,弈星,伽罗,阿古朵,赵怀真","司空震,女娲,戈娅,梦奇,廉颇"
廉颇,赵怀真,19,阵营1 胜利,"关羽,貂蝉,孙权,裴擒虎,廉颇","狂铁,高渐离,狄仁杰,镜,赵怀真"
廉颇,空空儿,1,阵营2 胜利,"关羽,干将莫邪,李信,马超,空空儿","花木兰,嫦娥,戈娅,孙悟空,廉颇"
廉颇,空空儿,2,阵营1 胜利,"哪吒,女娲,艾琳,百里玄策,廉颇","司空震,刘邦,戈娅,大司命,空空儿"
廉颇,空空儿,3,阵营1 胜利,"亚瑟,大乔,元流之子(射手),阿古朵,廉颇","狂铁,貂蝉,苍,曜,空空儿"
廉颇,空空儿,4,阵营1 胜利,"关羽,武则天,苍,裴擒虎,廉颇","司空震,海诺,元流之子(射手),李白,空空儿"
廉颇,空空儿,5,阵营2 胜利,"蒙恬,沈梦溪,公孙离,裴擒虎,空空儿","影,西施,戈娅,橘右京,廉颇"
廉颇,空空儿,6,阵营1 胜利,"白起,不知火舞,戈娅,裴擒虎,空空儿","关羽,杨玉环,孙权,露娜,廉颇"
廉颇,空空儿,7,阵营2 胜利,"马超,不知火舞,戈娅,宫本武藏,廉颇","老夫子,沈梦溪,虞姬,赵云,空空儿"
廉颇,空空儿,8,阵营1 胜利,"老夫子,嫦娥,元流之子(射手),李白,空空儿","影,小乔,后羿,韩信,廉颇"
廉颇,空空儿,9,阵营1 胜利,"孙策,女娲,蚩奼,杨戬,空空儿","司空震,海诺,元流之子(射手),裴擒虎,廉颇"
廉颇,空空儿,10,阵营1 胜利,"司空震,女娲,戈娅,杨戬,空空儿","蒙恬,甄姬,蚩奼,赵云,廉颇"
廉颇,空空儿,11,阵营1 胜利,"老夫子,上官婉儿,公孙离,裴擒虎,廉颇","狂铁,嫦娥,元流之子(射手),孙悟空,空空儿"
廉颇,空空儿,12,阵营1 胜利,"司空震,大乔,孙权,阿轲,空空儿","关羽,小乔,元流之子(射手),裴擒虎,廉颇"
廉颇,空空儿,13,阵营1 胜利,"关羽,女娲,蚩奼,司马懿,廉颇","兰陵王,嫦娥,百里守约,裴擒虎,空空儿"
廉颇,空空儿,14,阵营2 胜利,"老夫子,嫦娥,虞姬,百里玄策,空空儿","影,武则天,李信,暃,廉颇"
廉颇,空空儿,15,阵营2 胜利,"老夫子,西施,敖隐,暃,空空儿","芈月,女娲,戈娅,孙悟空,廉颇"
廉颇,空空儿,16,阵营2 胜利,"元歌,女娲,虞姬,韩信,空空儿","兰陵王,武则天,元流之子(射手),大司命,廉颇"
廉颇,空空儿,17,阵营2 胜利,"刘邦,沈梦溪,公孙离,盘古,空空儿","老夫子,小乔,元流之子(射手),云缨,廉颇"
廉颇,空空儿,18,阵营2 胜利,"老夫子,上官婉儿,苍,镜,廉颇","马超,武则天,孙权,大司命,空空儿"
廉颇,空空儿,19,阵营1 胜利,"蒙恬,上官婉儿,元流之子(射手),暃,空空儿","司空震,不知火舞,孙尚香,韩信,廉颇"
廉颇,少司缘,1,阵营1 胜利,"老夫子,杨玉环,元流之子(射手),云缨,少司缘","夏洛特,弈星,戈娅,司马懿,廉颇"
廉颇,少司缘,2,阵营2 胜利,"花木兰,海月,元流之子(射手),李元芳,少司缘","司空震,甄姬,苍,裴擒虎,廉颇"
廉颇,少司缘,3,阵营2 胜利,"花木兰,女娲,李信,露娜,少司缘","狂铁,甄姬,艾琳,阿古朵,廉颇"
廉颇,少司缘,4,阵营2 胜利,"元歌,女娲,蚩奼,铠,廉颇","关羽,貂蝉,李信,裴擒虎,少司缘"
廉颇,少司缘,5,阵营1 胜利,"元歌,嫦娥,孙权,梦奇,廉颇","影,女娲,戈娅,镜,少司缘"
廉颇,少司缘,6,阵营2 胜利,"司空震,诸葛亮,艾琳,刘备,少司缘","元歌,元流之子(法师),孙尚香,曜,廉颇"
廉颇,少司缘,7,阵营1 胜利,"芈月,不知火舞,敖隐,镜,廉颇","哪吒,上官婉儿,公孙离,暃,少司缘"
廉颇,少司缘,8,阵营2 胜利,"蚩奼,沈梦溪,戈娅,大司命,廉颇","老夫子,不知火舞,元流之子(射手),阿古朵,少司缘"
廉颇,少司缘,9,阵营2 胜利,"姬小满,女娲,元流之子(射手),镜,廉颇","夏洛特,诸葛亮,孙权,裴擒虎,少司缘"
廉颇,少司缘,10,阵营1 胜利,"曹操,周瑜,戈娅,镜,廉颇","蚩奼,不知火舞,元流之子(射手),阿古朵,少司缘"
廉颇,少司缘,11,阵营2 胜利,"哪吒,安琪拉,戈娅,典韦,少司缘","关羽,沈梦溪,元流之子(射手),铠,廉颇"
廉颇,少司缘,12,阵营2 胜利,"狂铁,元流之子(法师),蚩奼,雅典娜,廉颇","元歌,不知火舞,戈娅,阿轲,少司缘"
廉颇,少司缘,13,阵营1 胜利,"影,杨玉环,戈娅,橘右京,少司缘","姬小满,沈梦溪,元流之子(射手),典韦,廉颇"
廉颇,少司缘,14,阵营1 胜利,"哪吒,不知火舞,李元芳,韩信,廉颇","花木兰,女娲,后羿,裴擒虎,少司缘"
廉颇,少司缘,15,阵营2 胜利,"老夫子,嫦娥,蚩奼,百里玄策,少司缘","蒙恬,干将莫邪,敖隐,阿古朵,廉颇"
廉颇,少司缘,16,阵营2 胜利,"元歌,高渐离,后羿,宫本武藏,廉颇","芈月,武则天,蒙犽,李元芳,少司缘"
廉颇,少司缘,17,阵营2 胜利,"程咬金,上官婉儿,元流之子(射手),暃,廉颇","影,武则天,伽罗,典韦,少司缘"
廉颇,少司缘,18,阵营1 胜利,"曹操,武则天,敖隐,孙悟空,廉颇","芈月,沈梦溪,苍,李白,少司缘"
廉颇,少司缘,19,阵营1 胜利,"花木兰,嫦娥,狄仁杰,典韦,少司缘","马超,高渐离,元流之子(射手),裴擒虎,廉颇"
廉颇,元流之子(坦克),1,阵营1 胜利,"花木兰,杨玉环,敖隐,宫本武藏,元流之子(坦克)","狂铁,貂蝉,苍,曜,廉颇"
廉颇,元流之子(坦克),2,阵营2 胜利,"橘右京,沈梦溪,蚩奼,司马懿,元流之子(坦克)","司空震,嫦娥,艾琳,大司命,廉颇"
廉颇,元流之子(坦克),3,阵营2 胜利,"元歌,嫦娥,公孙离,橘右京,元流之子(坦克)","芈月,周瑜,蚩奼,裴擒虎,廉颇"
廉颇,元流之子(坦克),4,阵营1 胜利,"狂铁,安琪拉,敖隐,阿古朵,廉颇","亚连,沈梦溪,孙权,诸葛亮,元流之子(坦克)"
廉颇,元流之子(坦克),5,阵营2 胜利,"老夫子,沈梦溪,敖隐,曜,元流之子(坦克)","哪吒,女娲,鲁班七号,韩信,廉颇"
廉颇,元流之子(坦克),6,阵营1 胜利,"姬小满,上官婉儿,虞姬,赵云,元流之子(坦克)","元歌,沈梦溪,元流之子(射手),大司命,廉颇"
廉颇,元流之子(坦克),7,阵营2 胜利,"哪吒,西施,戈娅,猪八戒,廉颇","司空震,沈梦溪,孙权,云中君,元流之子(坦克)"
廉颇,元流之子(坦克),8,阵营2 胜利,"影,沈梦溪,敖隐,镜,廉颇","橘右京,女娲,后羿,韩信,元流之子(坦克)"
廉颇,元流之子(坦克),9,阵营1 胜利,"狂铁,嬴政,狄仁杰,阿古朵,元流之子(坦克)","夏侯惇,沈梦溪,公孙离,娜可露露,廉颇"
廉颇,元流之子(坦克),10,阵营2 胜利,"曹操,不知火舞,后羿,典韦,廉颇","夏洛特,嫦娥,蚩奼,阿古朵,元流之子(坦克)"
廉颇,元流之子(坦克),11,阵营2 胜利,"影,上官婉儿,虞姬,百里玄策,廉颇","曹操,不知火舞,狄仁杰,暃,元流之子(坦克)"
廉颇,元流之子(坦克),12,阵营2 胜利,"关羽,上官婉儿,孙权,阿古朵,廉颇","孙策,沈梦溪,戈娅,百里玄策,元流之子(坦克)"
廉颇,元流之子(坦克),13,阵营2 胜利,"司空震,嫦娥,敖隐,暃,元流之子(坦克)","杨戬,小乔,百里守约,赵云,廉颇"
廉颇,元流之子(坦克),14,阵营2 胜利,"杨戬,女娲,百里守约,阿轲,元流之子(坦克)","芈月,沈梦溪,莱西奥,铠,廉颇"
廉颇,元流之子(坦克),15,阵营1 胜利,"元歌,小乔,虞姬,韩信,元流之子(坦克)","李信,上官婉儿,公孙离,镜,廉颇"
廉颇,元流之子(坦克),16,阵营1 胜利,"刘邦,嫦娥,元流之子(射手),阿轲,廉颇","影,弈星,戈娅,孙悟空,元流之子(坦克)"
廉颇,元流之子(坦克),17,阵营1 胜利,"狂铁,沈梦溪,公孙离,赵云,廉颇","司空震,杨玉环,李信,铠,元流之子(坦克)"
廉颇,元流之子(坦克),18,阵营2 胜利,"蚩奼,不知火舞,狄仁杰,曜,元流之子(坦克)","狂铁,女娲,敖隐,暃,廉颇"
廉颇,元流之子(坦克),19,阵营1 胜利,"元歌,米莱狄,百里守约,韩信,廉颇","曹操,大乔,鲁班七号,裴擒虎,元流之子(坦克)"
廉颇,元流之子(辅助),1,阵营1 胜利,"哪吒,沈梦溪,李信,刘备,廉颇","蚩奼,女娲,孙权,孙悟空,元流之子(辅助)"
廉颇,元流之子(辅助),2,阵营1 胜利,"蒙恬,貂蝉,狄仁杰,裴擒虎,元流之子(辅助)","司空震,不知火舞,蚩奼,马超,廉颇"
廉颇,元流之子(辅助),3,阵营2 胜利,"夏洛特,高渐离,敖隐,橘右京,元流之子(辅助)","司空震,诸葛亮,元流之子(射手),梦奇,廉颇"
廉颇,元流之子(辅助),4,阵营1 胜利,"姬小满,不知火舞,戈娅,马超,廉颇","元歌,沈梦溪,百里守约,韩信,元流之子(辅助)"
廉颇,元流之子(辅助),5,阵营1 胜利,"老夫子,海诺,孙尚香,镜,元流之子(辅助)","关羽,嫦娥,蚩奼,诸葛亮,廉颇"
廉颇,元流之子(辅助),6,阵营2 胜利,"哪吒,干将莫邪,狄仁杰,马超,元流之子(辅助)","夏洛特,海月,元流之子(射手),韩信,廉颇"
廉颇,元流之子(辅助),7,阵营1 胜利,"达摩,西施,敖隐,典韦,元流之子(辅助)","影,女娲,公孙离,裴擒虎,廉颇"
廉颇,元流之子(辅助),8,阵营2 胜利,"亚连,嫦娥,公孙离,大司命,廉颇","司空震,小乔,艾琳,曜,元流之子(辅助)"
廉颇,元流之子(辅助),9,阵营2 胜利,"曹操,嫦娥,元流之子(射手),韩信,廉颇","元歌,不知火舞,狄仁杰,镜,元流之子(辅助)"
廉颇,元流之子(辅助),10,阵营2 胜利,"马超,甄姬,虞姬,裴擒虎,元流之子(辅助)","亚瑟,高渐离,戈娅,宫本武藏,廉颇"
廉颇,元流之子(辅助),11,阵营2 胜利,"关羽,大乔,狄仁杰,李元芳,元流之子(辅助)","夏洛特,武则天,公孙离,司马懿,廉颇"
廉颇,元流之子(辅助),12,阵营1 胜利,"老夫子,武则天,李信,宫本武藏,元流之子(辅助)","影,大乔,蚩奼,露娜,廉颇"
廉颇,元流之子(辅助),13,阵营2 胜利,"司空震,女娲,戈娅,孙悟空,廉颇","狂铁,貂蝉,狄仁杰,橘右京,元流之子(辅助)"
廉颇,元流之子(辅助),14,阵营2 胜利,"姬小满,弈星,元流之子(射手),曜,廉颇","狂铁,女娲,戈娅,兰陵王,元流之子(辅助)"
廉颇,元流之子(辅助),15,阵营1 胜利,"关羽,海诺,元流之子(射手),露娜,廉颇","狂铁,安琪拉,艾琳,马超,元流之子(辅助)"
廉颇,元流之子(辅助),16,阵营2 胜利,"老夫子,西施,戈娅,马超,元流之子(辅助)","狂铁,海诺,元流之子(射手),诸葛亮,廉颇"
廉颇,元流之子(辅助),17,阵营2 胜利,"哪吒,干将莫邪,蚩奼,暃,廉颇","老夫子,西施,司空震,司马懿,元流之子(辅助)"
廉颇,元流之子(辅助),18,阵营2 胜利,"司空震,海月,艾琳,云缨,元流之子(辅助)","孙策,不知火舞,孙尚香,韩信,廉颇"
廉颇,元流之子(辅助),19,阵营2 胜利,"元歌,诸葛亮,孙权,盘古,廉颇","马超,杨玉环,艾琳,裴擒虎,元流之子(辅助)"
墨子,庄周,1,阵营2 胜利,"苏烈,嫦娥,敖隐,橘右京,庄周","司空震,武则天,百里守约,诸葛亮,墨子"
墨子,庄周,2,阵营2 胜利,"狂铁,女娲,蚩奼,韩信,庄周","花木兰,武则天,伽罗,赵云,墨子"
墨子,庄周,3,阵营2 胜利,"白起,沈梦溪,戈娅,哪吒,墨子","狂铁,干将莫邪,敖隐,孙悟空,庄周"
墨子,庄周,4,阵营1 胜利,"司空震,女娲,百里守约,裴擒虎,庄周","影,周瑜,元流之子(射手),韩信,墨子"
墨子,庄周,5,阵营2 胜利,"哪吒,不知火舞,戈娅,阿古朵,墨子","关羽,沈梦溪,孙权,韩信,庄周"
墨子,庄周,6,阵营2 胜利,"蚩奼,安琪拉,苍,元流之子(刺客),庄周","狂铁,小乔,后羿,韩信,墨子"
墨子,庄周,7,阵营2 胜利,"元歌,上官婉儿,敖隐,马超,墨子","老夫子,诸葛亮,蒙犽,裴擒虎,庄周"
墨子,庄周,8,阵营1 胜利,"亚瑟,周瑜,公孙离,马超,墨子","司空震,海月,莱西奥,赵云,庄周"
墨子,庄周,9,阵营2 胜利,"司空震,元流之子(法师),狄仁杰,大司命,庄周","老夫子,武则天,孙权,裴擒虎,墨子"
墨子,庄周,10,阵营1 胜利,"老夫子,嫦娥,敖隐,赵云,庄周","影,大乔,元流之子(射手),露娜,墨子"
墨子,庄周,11,阵营1 胜利,"元歌,诸葛亮,元流之子(射手),李元芳,墨子","花木兰,小乔,蚩奼,雅典娜,庄周"
墨子,庄周,12,阵营1 胜利,"哪吒,貂蝉,后羿,韩信,墨子","蚩奼,上官婉儿,狄仁杰,马超,庄周"
墨子,庄周,13,阵营1 胜利,"白起,不知火舞,敖隐,阿轲,墨子","影,女娲,虞姬,铠,庄周"
墨子,庄周,14,阵营1 胜利,"马超,诸葛亮,狄仁杰,裴擒虎,庄周","姬小满,不知火舞,公孙离,大司命,墨子"
墨子,庄周,15,阵营2 胜利,"影,女娲,元流之子(射手),马超,庄周","孙策,沈梦溪,敖隐,澜,墨子"
墨子,庄周,16,阵营1 胜利,"影,诸葛亮,敖隐,云缨,墨子","狂铁,安琪拉,后羿,百里玄策,庄周"
墨子,庄周,17,阵营1 胜利,"蒙恬,嫦娥,元流之子(射手),司马懿,庄周","达摩,扁鹊,蚩奼,百里玄策,墨子"
墨子,庄周,18,阵营2 胜利,"影,武则天,敖隐,钟无艳,墨子","蚩奼,甄姬,戈娅,镜,庄周"
墨子,庄周,19,阵营2 胜利,"元歌,武则天,敖隐,影,庄周","赵云,甄姬,鲁班七号,雅典娜,墨子"
墨子,刘禅,1,阵营2 胜利,"马超,沈梦溪,孙权,李元芳,墨子","程咬金,妲己,虞姬,暃,刘禅"
墨子,刘禅,2,阵营1 胜利,"貂蝉,金蝉,狄仁杰,马超,墨子","影,海月,公孙离,百里玄策,刘禅"
墨子,刘禅,3,阵营2 胜利,"哪吒,杨玉环,公孙离,刘备,刘禅","司空震,嫦娥,元流之子(射手),暃,墨子"
墨子,刘禅,4,阵营1 胜利,"司空震,小乔,虞姬,镜,刘禅","夏洛特,杨玉环,戈娅,露娜,墨子"
墨子,刘禅,5,阵营2 胜利,"狂铁,金蝉,公孙离,云缨,刘禅","老夫子,不知火舞,蚩奼,梦奇,墨子"
墨子,刘禅,6,阵营2 胜利,"哪吒,女娲,元流之子(射手),韩信,刘禅","司空震,大乔,李信,裴擒虎,墨子"
墨子,刘禅,7,阵营2 胜利,"孙策,海月,蚩奼,暃,墨子","狂铁,武则天,孙权,镜,刘禅"
墨子,刘禅,8,阵营2 胜利,"关羽,沈梦溪,孙权,韩信,墨子","影,干将莫邪,元流之子(射手),宫本武藏,刘禅"
墨子,刘禅,9,阵营2 胜利,"蚩奼,小乔,孙权,司马懿,刘禅","影,沈梦溪,公孙离,盘古,墨子"
墨子,刘禅,10,阵营2 胜利,"元歌,嬴政,孙权,孙悟空,墨子","夏洛特,高渐离,李信,兰陵王,刘禅"
墨子,刘禅,11,阵营2 胜利,"哪吒,女娲,戈娅,元流之子(刺客),刘禅","元歌,西施,公孙离,阿古朵,墨子"
墨子,刘禅,12,阵营1 胜利,"司空震,嬴政,李元芳,阿古朵,墨子","曹操,不知火舞,戈娅,哪吒,刘禅"
墨子,刘禅,13,阵营1 胜利,"夏洛特,西施,艾琳,阿轲,墨子","哪吒,海诺,虞姬,韩信,刘禅"
墨子,刘禅,14,阵营1 胜利,"孙策,诸葛亮,司空震,铠,刘禅","哪吒,女娲,蚩奼,韩信,墨子"
墨子,刘禅,15,阵营2 胜利,"夏洛特,嫦娥,元流之子(射手),大司命,刘禅","马超,沈梦溪,后羿,露娜,墨子"
墨子,刘禅,16,阵营1 胜利,"关羽,嫦娥,元流之子(射手),哪吒,墨子","程咬金,海月,戈娅,裴擒虎,刘禅"
墨子,刘禅,17,阵营1 胜利,"狂铁,女娲,元流之子(射手),娜可露露,刘禅","吕布,杨玉环,孙权,司马懿,墨子"
墨子,刘禅,18,阵营2 胜利,"影,沈梦溪,元流之子(射手),铠,刘禅","司空震,王昭君,莱西奥,云缨,墨子"
墨子,刘禅,19,阵营1 胜利,"兰陵王,沈梦溪,元流之子(射手),诸葛亮,刘禅","元歌,小乔,公孙离,马超,墨子"
墨子,孙膑,1,阵营1 胜利,"夏洛特,安琪拉,蚩奼,镜,孙膑","关羽,干将莫邪,孙权,百里玄策,墨子"
墨子,孙膑,2,阵营1 胜利,"元歌,沈梦溪,虞姬,云缨,墨子","姬小满,海诺,戈娅,马超,孙膑"
墨子,孙膑,3,阵营2 胜利,"马超,海月,戈娅,宫本武藏,孙膑","元歌,嫦娥,后羿,橘右京,墨子"
墨子,孙膑,4,阵营1 胜利,"元流之子(坦克),嬴政,蚩奼,大司命,孙膑","狂铁,海月,戈娅,典韦,墨子"
墨子,孙膑,5,阵营2 胜利,"夏洛特,甄姬,敖隐,铠,墨子","项羽,诸葛亮,黄忠,云缨,孙膑"
墨子,孙膑,6,阵营1 胜利,"影,海诺,公孙离,裴擒虎,墨子","夏洛特,嫦娥,戈娅,阿古朵,孙膑"
墨子,孙膑,7,阵营2 胜利,"姬小满,不知火舞,苍,裴擒虎,墨子","达摩,沈梦溪,戈娅,孙悟空,孙膑"
墨子,孙膑,8,阵营2 胜利,"哪吒,金蝉,敖隐,大司命,墨子","司空震,诸葛亮,孙权,云缨,孙膑"
墨子,孙膑,9,阵营1 胜利,"曹操,武则天,虞姬,镜,孙膑","孙策,上官婉儿,元流之子(射手),李元芳,墨子"
墨子,孙膑,10,阵营1 胜利,"元歌,诸葛亮,戈娅,赵云,墨子","夏洛特,小乔,狄仁杰,镜,孙膑"
墨子,孙膑,11,阵营2 胜利,"曹操,高渐离,扁鹊,元流之子(刺客),墨子","梦奇,海诺,元流之子(射手),百里玄策,孙膑"
墨子,孙膑,12,阵营1 胜利,"夏洛特,弈星,戈娅,猪八戒,孙膑","司空震,海月,蚩奼,大司命,墨子"
墨子,孙膑,13,阵营1 胜利,"曹操,元流之子(法师),敖隐,赵云,孙膑","元歌,海诺,公孙离,阿古朵,墨子"
墨子,孙膑,14,阵营2 胜利,"蒙恬,嫦娥,蚩奼,镜,孙膑","程咬金,戈娅,杨玉环,马超,墨子"
墨子,孙膑,15,阵营1 胜利,"影,小乔,戈娅,露娜,孙膑","夏洛特,安琪拉,元流之子(射手),雅典娜,墨子"
墨子,孙膑,16,阵营1 胜利,"影,海诺,孙权,孙悟空,孙膑","杨戬,女娲,公孙离,大司命,墨子"
墨子,孙膑,17,阵营2 胜利,"司空震,小乔,莱西奥,云中君,孙膑","钟无艳,杨玉环,蚩奼,宫本武藏,墨子"
墨子,孙膑,18,阵营1 胜利,"哪吒,貂蝉,公孙离,韩信,墨子","老夫子,嫦娥,孙权,赵云,孙膑"
墨子,孙膑,19,阵营1 胜利,"夏洛特,杨玉环,李信,铠,孙膑","夏侯惇,女娲,孙权,暃,墨子"
墨子,项羽,1,阵营1 胜利,"影,甄姬,元流之子(射手),宫本武藏,墨子","曹操,嫦娥,蚩奼,镜,项羽"
墨子,项羽,2,阵营1 胜利,"曹操,不知火舞,元流之子(射手),影,墨子","元歌,西施,虞姬,赵云,项羽"
墨子,项羽,3,阵营2 胜利,"影,杨玉环,敖隐,镜,项羽","元歌,不知火舞,百里守约,雅典娜,墨子"
墨子,项羽,4,阵营1 胜利,"哪吒,王昭君,后羿,暃,项羽","蚩奼,西施,孙权,梦奇,墨子"
墨子,项羽,5,阵营1 胜利,"花木兰,女娲,鲁班七号,马超,项羽","亚瑟,高渐离,虞姬,镜,墨子"
墨子,项羽,6,阵营1 胜利,"马超,不知火舞,苍,裴擒虎,墨子","影,诸葛亮,李信,橘右京,项羽"
墨子,项羽,7,阵营2 胜利,"哪吒,貂蝉,百里守约,裴擒虎,墨子","影,大乔,元流之子(射手),娜可露露,项羽"
墨子,项羽,8,阵营2 胜利,"孙策,弈星,元流之子(射手),曜,墨子","夏洛特,女娲,戈娅,澜,项羽"
墨子,项羽,9,阵营2 胜利,"花木兰,妲己,虞姬,雅典娜,墨子","关羽,不知火舞,阿古朵,镜,项羽"
墨子,项羽,10,阵营2 胜利,"元歌,小乔,李信,杨戬,墨子","影,嫦娥,孙权,赵云,项羽"
墨子,项羽,11,阵营1 胜利,"蒙恬,大乔,公孙离,橘右京,墨子","狂铁,西施,元流之子(射手),裴擒虎,项羽"
墨子,项羽,12,阵营2 胜利,"司空震,西施,艾琳,裴擒虎,墨子","花木兰,沈梦溪,后羿,百里玄策,项羽"
墨子,项羽,13,阵营1 胜利,"狂铁,女娲,敖隐,李元芳,项羽","花木兰,沈梦溪,戈娅,韩信,墨子"
墨子,项羽,14,阵营1 胜利,"哪吒,不知火舞,公孙离,阿古朵,项羽","马超,嫦娥,戈娅,孙悟空,墨子"
墨子,项羽,15,阵营1 胜利,"猪八戒,沈梦溪,莱西奥,杨戬,项羽","曹操,大乔,蚩奼,镜,墨子"
墨子,项羽,16,阵营1 胜利,"杨戬,上官婉儿,敖隐,镜,项羽","白起,海月,公孙离,马超,墨子"
墨子,项羽,17,阵营2 胜利,"关羽,沈梦溪,元流之子(射手),兰陵王,项羽","老夫子,甄姬,李信,云缨,墨子"
墨子,项羽,18,阵营1 胜利,"盘古,诸葛亮,元流之子(射手),马超,墨子","狂铁,海月,李信,百里玄策,项羽"
墨子,项羽,19,阵营2 胜利,"司空震,不知火舞,虞姬,雅典娜,墨子","兰陵王,干将莫邪,李信,诸葛亮,项羽"
墨子,刘邦,1,阵营2 胜利,"影,女娲,鲁班七号,裴擒虎,墨子","司空震,不知火舞,孙权,李元芳,刘邦"
墨子,刘邦,2,阵营2 胜利,"盘古,沈梦溪,百里守约,娜可露露,墨子","哪吒,不知火舞,虞姬,镜,刘邦"
墨子,刘邦,3,阵营1 胜利,"关羽,嫦娥,蚩奼,裴擒虎,刘邦","马超,不知火舞,孙权,云缨,墨子"
墨子,刘邦,4,阵营1 胜利,"夏侯惇,甄姬,艾琳,梦奇,刘邦","夏洛特,女娲,李信,橘右京,墨子"
墨子,刘邦,5,阵营2 胜利,"司空震,高渐离,孙权,元流之子(刺客),刘邦","狂铁,嫦娥,元流之子(射手),孙悟空,墨子"
墨子,刘邦,6,阵营1 胜利,"达摩,大乔,孙权,大司命,刘邦","项羽,米莱狄,公孙离,镜,墨子"
墨子,刘邦,7,阵营2 胜利,"马超,弈星,虞姬,云缨,墨子","哪吒,沈梦溪,元流之子(射手),暃,刘邦"
墨子,刘邦,8,阵营2 胜利,"司空震,甄姬,苍,暃,刘邦","狂铁,女娲,元流之子(射手),橘右京,墨子"
墨子,刘邦,9,阵营2 胜利,"亚瑟,海月,后羿,露娜,墨子","夏洛特,杨玉环,元流之子(射手),镜,刘邦"
墨子,刘邦,10,阵营1 胜利,"李信,西施,戈娅,百里玄策,刘邦","狂铁,沈梦溪,敖隐,暃,墨子"
墨子,刘邦,11,阵营2 胜利,"司空震,大乔,蚩奼,赵云,刘邦","大司命,不知火舞,戈娅,暃,墨子"
墨子,刘邦,12,阵营2 胜利,"曹操,诸葛亮,戈娅,裴擒虎,墨子","李信,小乔,蚩奼,橘右京,刘邦"
墨子,刘邦,13,阵营1 胜利,"梦奇,武则天,戈娅,马超,墨子","老夫子,小乔,虞姬,孙悟空,刘邦"
墨子,刘邦,14,阵营1 胜利,"达摩,不知火舞,元流之子(射手),李白,墨子","孙策,海月,虞姬,典韦,刘邦"
墨子,刘邦,15,阵营1 胜利,"亚瑟,杨玉环,元流之子(射手),露娜,刘邦","曹操,女娲,黄忠,孙悟空,墨子"
墨子,刘邦,16,阵营2 胜利,"狂铁,女娲,敖隐,赵云,墨子","老夫子,米莱狄,李元芳,娜可露露,刘邦"
墨子,刘邦,17,阵营2 胜利,"曹操,西施,苍,诸葛亮,刘邦","花木兰,杨玉环,百里守约,铠,墨子"
墨子,刘邦,18,阵营2 胜利,"马超,杨玉环,戈娅,雅典娜,刘邦","老夫子,女娲,艾琳,赵云,墨子"
墨子,刘邦,19,阵营2 胜利,"哪吒,貂蝉,公孙离,橘右京,刘邦","司空震,海月,蚩奼,韩信,墨子"
墨子,张良,1,阵营2 胜利,"芈月,武则天,元流之子(射手),娜可露露,墨子","马超,嫦娥,敖隐,赵云,张良"
墨子,张良,2,阵营2 胜利,"芈月,沈梦溪,虞姬,李白,墨子","哪吒,嫦娥,百里守约,元流之子(刺客),张良"
墨子,张良,3,阵营2 胜利,"蚩奼,弈星,戈娅,韩信,墨子","姬小满,嫦娥,元流之子(射手),赵云,张良"
墨子,张良,4,阵营2 胜利,"程咬金,海月,公孙离,典韦,张良","曹操,嫦娥,苍,露娜,墨子"
墨子,张良,5,阵营2 胜利,"影,不知火舞,苍,暃,墨子","司空震,杨玉环,敖隐,裴擒虎,张良"
墨子,张良,6,阵营1 胜利,"貂蝉,女娲,虞姬,兰陵王,墨子","刘邦,安琪拉,戈娅,裴擒虎,张良"
墨子,张良,7,阵营2 胜利,"狂铁,姜子牙,公孙离,橘右京,墨子","曹操,诸葛亮,虞姬,裴擒虎,张良"
墨子,张良,8,阵营1 胜利,"司空震,沈梦溪,元流之子(射手),露娜,张良","哪吒,高渐离,达摩,孙悟空,墨子"
墨子,张良,9,阵营2 胜利,"梦奇,不知火舞,公孙离,曹操,墨子","司空震,干将莫邪,虞姬,马超,张良"
墨子,张良,10,阵营1 胜利,"杨戬,妲己,元流之子(射手),赵云,张良","哪吒,貂蝉,蚩奼,橘右京,墨子"
墨子,张良,11,阵营2 胜利,"老夫子,甄姬,蚩奼,韩信,墨子","孙策,小乔,李信,镜,张良"
墨子,张良,12,阵营2 胜利,"吕布,沈梦溪,元流之子(射手),马超,张良","夏洛特,女娲,虞姬,裴擒虎,墨子"
墨子,张良,13,阵营2 胜利,"孙策,诸葛亮,苍,孙悟空,墨子","司空震,海诺,虞姬,百里玄策,张良"
墨子,张良,14,阵营1 胜利,"哪吒,沈梦溪,敖隐,韩信,墨子","亚瑟,嫦娥,元流之子(射手),李元芳,张良"
墨子,张良,15,阵营1 胜利,"夏洛特,沈梦溪,蚩奼,韩信,张良","哪吒,嫦娥,元流之子(射手),裴擒虎,墨子"
墨子,张良,16,阵营1 胜利,"夏洛特,嫦娥,戈娅,诸葛亮,墨子","司空震,安琪拉,后羿,典韦,张良"
墨子,张良,17,阵营1 胜利,"蒙恬,沈梦溪,百里守约,镜,张良","蚩奼,武则天,元流之子(射手),马超,墨子"
墨子,张良,18,阵营1 胜利,"夏洛特,小乔,李元芳,诸葛亮,墨子","花木兰,沈梦溪,元流之子(射手),裴擒虎,张良"
墨子,张良,19,阵营1 胜利,"杨戬,女娲,虞姬,孙悟空,张良","花木兰,海月,孙尚香,铠,墨子"
墨子,朵莉亚,1,阵营1 胜利,"芈月,海月,蚩奼,赵云,朵莉亚","亚连,诸葛亮,狄仁杰,韩信,墨子"
墨子,朵莉亚,2,阵营2 胜利,"老夫子,杨玉环,李信,韩信,朵莉亚","狂铁,嫦娥,戈娅,兰陵王,墨子"
墨子,朵莉亚,3,阵营1 胜利,"马超,沈梦溪,百里守约,司马懿,墨子","吕布,元流之子(法师),戈娅,赵云,朵莉亚"
墨子,朵莉亚,4,阵营1 胜利,"吕布,西施,艾琳,司马懿,朵莉亚","老夫子,不知火舞,孙权,暃,墨子"
墨子,朵莉亚,5,阵营1 胜利,"姬小满,小乔,孙尚香,铠,墨子","蒙恬,不知火舞,元流之子(射手),韩信,朵莉亚"
墨子,朵莉亚,6,阵营2 胜利,"项羽,周瑜,元流之子(射手),铠,朵莉亚","哪吒,嫦娥,虞姬,云缨,墨子"
墨子,朵莉亚,7,阵营1 胜利,"司空震,沈梦溪,敖隐,元流之子(刺客),墨子","元歌,嫦娥,公孙离,裴擒虎,朵莉亚"
墨子,朵莉亚,8,阵营1 胜利,"老夫子,女娲,后羿,宫本武藏,墨子","关羽,大乔,百里守约,韩信,朵莉亚"
墨子,朵莉亚,9,阵营2 胜利,"司空震,貂蝉,虞姬,铠,墨子","元歌,嫦娥,蚩奼,梦奇,朵莉亚"
墨子,朵莉亚,10,阵营2 胜利,"蒙恬,女娲,敖隐,韩信,朵莉亚","老夫子,嫦娥,公孙离,诸葛亮,墨子"
墨子,朵莉亚,11,阵营2 胜利,"狂铁,沈梦溪,孙尚香,宫本武藏,墨子","杨戬,诸葛亮,后羿,典韦,朵莉亚"
墨子,朵莉亚,12,阵营2 胜利,"曹操,张良,狄仁杰,刘备,朵莉亚","老夫子,小乔,元流之子(射手),阿古朵,墨子"
墨子,朵莉亚,13,阵营2 胜利,"芈月,姜子牙,元流之子(射手),铠,墨子","狂铁,女娲,后羿,李元芳,朵莉亚"
墨子,朵莉亚,14,阵营2 胜利,"司空震,弈星,敖隐,暃,墨子","狂铁,元流之子(法师),艾琳,雅典娜,朵莉亚"
墨子,朵莉亚,15,阵营2 胜利,"影,小乔,后羿,孙悟空,墨子","亚瑟,上官婉儿,元流之子(射手),韩信,朵莉亚"
墨子,朵莉亚,16,阵营2 胜利,"芈月,小乔,孙权,赵云,墨子","曹操,沈梦溪,蚩奼,马超,朵莉亚"
墨子,朵莉亚,17,阵营1 胜利,"影,嫦娥,百里守约,雅典娜,墨子","夏洛特,弈星,蚩奼,典韦,朵莉亚"
墨子,朵莉亚,18,阵营2 胜利,"元歌,武则天,孙权,元流之子(刺客),朵莉亚","狂铁,西施,元流之子(射手),镜,墨子"
墨子,朵莉亚,19,阵营2 胜利,"影,海月,公孙离,百里玄策,朵莉亚","老夫子,不知火舞,元流之子(射手),马超,墨子"
墨子,牛魔,1,阵营1 胜利,"白起,元流之子(法师),敖隐,阿古朵,牛魔","赵云,姜子牙,元流之子(射手),铠,墨子"
墨子,牛魔,2,阵营1 胜利,"狂铁,大乔,元流之子(射手),裴擒虎,墨子","夏洛特,嫦娥,戈娅,孙悟空,牛魔"
墨子,牛魔,3,阵营2 胜利,"元歌,武则天,蚩奼,李元芳,牛魔","蒙恬,米莱狄,孙尚香,元流之子(刺客),墨子"
墨子,牛魔,4,阵营2 胜利,"杨戬,沈梦溪,元流之子(射手),裴擒虎,墨子","花木兰,诸葛亮,戈娅,镜,牛魔"
墨子,牛魔,5,阵营2 胜利,"蚩奼,女娲,元流之子(射手),李白,牛魔","李信,安琪拉,后羿,梦奇,墨子"
墨子,牛魔,6,阵营2 胜利,"狂铁,嫦娥,戈娅,镜,牛魔","元歌,女娲,孙权,典韦,墨子"
墨子,牛魔,7,阵营2 胜利,"夏洛特,上官婉儿,虞姬,百里玄策,墨子","关羽,西施,莱西奥,诸葛亮,牛魔"
墨子,牛魔,8,阵营1 胜利,"司空震,大乔,狄仁杰,暃,牛魔","达摩,嫦娥,李信,杨戬,墨子"
墨子,牛魔,9,阵营2 胜利,"狂铁,元流之子(法师),艾琳,云缨,墨子","杨戬,沈梦溪,元流之子(射手),宫本武藏,牛魔"
墨子,牛魔,10,阵营2 胜利,"元歌,嫦娥,公孙离,铠,牛魔","程咬金,沈梦溪,狄仁杰,阿古朵,墨子"
墨子,牛魔,11,阵营1 胜利,"哪吒,不知火舞,元流之子(射手),李白,墨子","赵怀真,杨玉环,蚩奼,赵云,牛魔"
墨子,牛魔,12,阵营1 胜利,"马超,武则天,敖隐,阿古朵,牛魔","元歌,西施,后羿,百里玄策,墨子"
墨子,牛魔,13,阵营2 胜利,"司空震,王昭君,戈娅,盘古,墨子","蒙恬,女娲,孙权,雅典娜,牛魔"
墨子,牛魔,14,阵营2 胜利,"司空震,上官婉儿,敖隐,孙悟空,墨子","关羽,沈梦溪,孙尚香,元流之子(刺客),牛魔"
墨子,牛魔,15,阵营1 胜利,"姬小满,诸葛亮,百里守约,暃,牛魔","钟无艳,甄姬,李信,赵云,墨子"
墨子,牛魔,16,阵营1 胜利,"狂铁,高渐离,元流之子(射手),镜,牛魔","钟无艳,沈梦溪,戈娅,马超,墨子"
墨子,牛魔,17,阵营1 胜利,"元歌,海月,元流之子(射手),裴擒虎,牛魔","亚瑟,不知火舞,苍,孙悟空,墨子"
墨子,牛魔,18,阵营2 胜利,"兰陵王,女娲,元流之子(射手),宫本武藏,墨子","司空震,嫦娥,虞姬,大司命,牛魔"
墨子,牛魔,19,阵营1 胜利,"姬小满,武则天,李元芳,诸葛亮,牛魔","白起,杨玉环,戈娅,云缨,墨子"
墨子,张飞,1,阵营1 胜利,"元流之子(坦克),女娲,蚩奼,铠,墨子","曹操,沈梦溪,孙权,宫本武藏,张飞"
墨子,张飞,2,阵营1 胜利,"孙策,女娲,蚩奼,镜,墨子","司空震,海诺,百里守约,刘备,张飞"
墨子,张飞,3,阵营1 胜利,"芈月,大乔,艾琳,铠,张飞","哪吒,不知火舞,元流之子(射手),孙悟空,墨子"
墨子,张飞,4,阵营1 胜利,"杨戬,金蝉,元流之子(射手),梦奇,张飞","马超,海诺,蚩奼,曜,墨子"
墨子,张飞,5,阵营2 胜利,"影,女娲,百里守约,阿轲,墨子","花木兰,杨玉环,苍,百里玄策,张飞"
墨子,张飞,6,阵营2 胜利,"杨戬,武则天,公孙离,镜,张飞","花木兰,金蝉,元流之子(射手),韩信,墨子"
墨子,张飞,7,阵营2 胜利,"梦奇,女娲,孙权,孙悟空,张飞","夏洛特,上官婉儿,戈娅,哪吒,墨子"
墨子,张飞,8,阵营2 胜利,"关羽,高渐离,莱西奥,露娜,墨子","狂铁,沈梦溪,李元芳,马超,张飞"
墨子,张飞,9,阵营2 胜利,"司空震,小乔,狄仁杰,司马懿,墨子","哪吒,武则天,元流之子(射手),雅典娜,张飞"
墨子,张飞,10,阵营1 胜利,"元歌,弈星,元流之子(射手),梦奇,墨子","兰陵王,不知火舞,公孙离,孙悟空,张飞"
墨子,张飞,11,阵营1 胜利,"元歌,大乔,蚩奼,赵云,墨子","影,王昭君,孙尚香,娜可露露,张飞"
墨子,张飞,12,阵营2 胜利,"元歌,甄姬,元流之子(射手),韩信,张飞","影,诸葛亮,孙权,典韦,墨子"
墨子,张飞,13,阵营1 胜利,"司空震,杨玉环,敖隐,橘右京,张飞","哪吒,甄姬,李元芳,娜可露露,墨子"
墨子,张飞,14,阵营1 胜利,"蒙恬,小乔,黄忠,马超,墨子","芈月,安琪拉,元流之子(射手),孙悟空,张飞"
墨子,张飞,15,阵营2 胜利,"马超,小乔,莱西奥,杨戬,张飞","司空震,西施,百里守约,铠,墨子"
墨子,张飞,16,阵营1 胜利,"关羽,海诺,敖隐,猪八戒,墨子","夏洛特,大乔,公孙离,宫本武藏,张飞"
墨子,张飞,17,阵营1 胜利,"老夫子,诸葛亮,孙权,露娜,张飞","关羽,小乔,蚩奼,哪吒,墨子"
墨子,张飞,18,阵营2 胜利,"元歌,海月,马可波罗,影,张飞","貂蝉,嫦娥,蚩奼,大司命,墨子"
墨子,张飞,19,阵营2 胜利,"哪吒,海月,后羿,云缨,墨子","关羽,大乔,元流之子(射手),钟无艳,张飞"
墨子,钟馗,1,阵营1 胜利,"刘邦,小乔,元流之子(射手),铠,钟馗","司空震,上官婉儿,戈娅,兰陵王,墨子"
墨子,钟馗,2,阵营2 胜利,"芈月,沈梦溪,艾琳,元流之子(刺客),墨子","老夫子,不知火舞,狄仁杰,橘右京,钟馗"
墨子,钟馗,3,阵营1 胜利,"关羽,武则天,孙权,韩信,墨子","兰陵王,杨玉环,蚩奼,李白,钟馗"
墨子,钟馗,4,阵营1 胜利,"貂蝉,小乔,戈娅,杨戬,钟馗","姬小满,沈梦溪,元流之子(射手),典韦,墨子"
墨子,钟馗,5,阵营1 胜利,"廉颇,不知火舞,元流之子(射手),镜,墨子","花木兰,小乔,虞姬,娜可露露,钟馗"
墨子,钟馗,6,阵营2 胜利,"狂铁,沈梦溪,狄仁杰,赵云,钟馗","哪吒,高渐离,戈娅,百里玄策,墨子"
墨子,钟馗,7,阵营2 胜利,"元歌,海月,李信,宫本武藏,墨子","曜,沈梦溪,元流之子(射手),哪吒,钟馗"
墨子,钟馗,8,阵营1 胜利,"曹操,诸葛亮,后羿,铠,墨子","司空震,弈星,蚩奼,阿古朵,钟馗"
墨子,钟馗,9,阵营1 胜利,"狂铁,诸葛亮,公孙离,娜可露露,钟馗","夏洛特,高渐离,伽罗,韩信,墨子"
墨子,钟馗,10,阵营2 胜利,"元歌,大乔,孙尚香,宫本武藏,墨子","影,诸葛亮,黄忠,露娜,钟馗"
墨子,钟馗,11,阵营2 胜利,"元歌,不知火舞,艾琳,大司命,钟馗","花木兰,金蝉,蚩奼,云缨,墨子"
墨子,钟馗,12,阵营1 胜利,"蚩奼,不知火舞,虞姬,曜,钟馗","曹操,高渐离,公孙离,孙悟空,墨子"
墨子,钟馗,13,阵营2 胜利,"影,杨玉环,元流之子(射手),曜,墨子","达摩,上官婉儿,孙尚香,雅典娜,钟馗"
墨子,钟馗,14,阵营1 胜利,"蒙恬,小乔,元流之子(射手),赵云,墨子","狂铁,大乔,敖隐,镜,钟馗"
墨子,钟馗,15,阵营1 胜利,"狂铁,小乔,孙权,马超,墨子","司空震,妲己,公孙离,百里玄策,钟馗"
墨子,钟馗,16,阵营2 胜利,"马超,高渐离,黄忠,云缨,钟馗","关羽,小乔,蚩奼,杨戬,墨子"
墨子,钟馗,17,阵营1 胜利,"影,大乔,敖隐,韩信,墨子","芈月,诸葛亮,蚩奼,镜,钟馗"
墨子,钟馗,18,阵营2 胜利,"白起,小乔,戈娅,元流之子(刺客),钟馗","花木兰,沈梦溪,李信,百里玄策,墨子"
墨子,钟馗,19,阵营2 胜利,"元歌,不知火舞,公孙离,露娜,钟馗","夏洛特,海月,蚩奼,典韦,墨子"
墨子,杨玉环,1,阵营2 胜利,"司空震,弈星,孙权,杨戬,杨玉环","关羽,甄姬,蚩奼,阿古朵,墨子"
墨子,杨玉环,2,阵营2 胜利,"老夫子,诸葛亮,公孙离,阿古朵,杨玉环","影,大乔,孙尚香,大司命,墨子"
墨子,杨玉环,3,阵营1 胜利,"达摩,武则天,公孙离,马超,杨玉环","蚩奼,嬴政,戈娅,司马懿,墨子"
墨子,杨玉环,4,阵营1 胜利,"曹操,嬴政,蚩奼,裴擒虎,杨玉环","司空震,女娲,元流之子(射手),云缨,墨子"
墨子,杨玉环,5,阵营1 胜利,"元歌,武则天,百里守约,镜,墨子","狂铁,诸葛亮,艾琳,娜可露露,杨玉环"
墨子,杨玉环,6,阵营1 胜利,"老夫子,蚩奼,元流之子(法师),暃,杨玉环","蒙恬,嫦娥,虞姬,镜,墨子"
墨子,杨玉环,7,阵营1 胜利,"老夫子,海月,艾琳,裴擒虎,杨玉环","狂铁,不知火舞,李信,大司命,墨子"
墨子,杨玉环,8,阵营1 胜利,"狂铁,上官婉儿,蚩奼,镜,杨玉环","夏洛特,貂蝉,公孙离,阿古朵,墨子"
墨子,杨玉环,9,阵营1 胜利,"狂铁,海诺,元流之子(射手),诸葛亮,杨玉环","元歌,嫦娥,苍,李白,墨子"
墨子,杨玉环,10,阵营2 胜利,"花木兰,武则天,孙尚香,露娜,墨子","影,甄姬,公孙离,橘右京,杨玉环"
墨子,杨玉环,11,阵营1 胜利,"夏洛特,小乔,苍,李白,墨子","司空震,周瑜,元流之子(射手),大司命,杨玉环"
墨子,杨玉环,12,阵营1 胜利,"猪八戒,不知火舞,元流之子(射手),赵云,杨玉环","老夫子,沈梦溪,戈娅,李元芳,墨子"
墨子,杨玉环,13,阵营1 胜利,"刘邦,嫦娥,公孙离,曜,杨玉环","狂铁,米莱狄,百里守约,阿轲,墨子"
墨子,杨玉环,14,阵营1 胜利,"孙策,弈星,戈娅,阿古朵,墨子","刘邦,貂蝉,苍,铠,杨玉环"
墨子,杨玉环,15,阵营1 胜利,"曹操,沈梦溪,艾琳,娜可露露,杨玉环","元歌,嫦娥,公孙离,杨戬,墨子"
墨子,杨玉环,16,阵营2 胜利,"芈月,海月,元流之子(射手),李元芳,杨玉环","蚩奼,女娲,戈娅,铠,墨子"
墨子,杨玉环,17,阵营1 胜利,"夏洛特,海月,戈娅,裴擒虎,墨子","元歌,沈梦溪,孙权,大司命,杨玉环"
墨子,杨玉环,18,阵营2 胜利,"狂铁,弈星,蚩奼,马超,墨子","哪吒,元流之子(法师),李元芳,百里玄策,杨玉环"
墨子,杨玉环,19,阵营1 胜利,"关羽,诸葛亮,黄忠,橘右京,墨子","杨戬,海诺,苍,云缨,杨玉环"
墨子,蔡文姬,1,阵营2 胜利,"狂铁,上官婉儿,百里守约,裴擒虎,墨子","影,诸葛亮,元流之子(射手),兰陵王,蔡文姬"
墨子,蔡文姬,2,阵营2 胜利,"老夫子,不知火舞,元流之子(射手),哪吒,墨子","姬小满,王昭君,公孙离,橘右京,蔡文姬"
墨子,蔡文姬,3,阵营2 胜利,"蚩奼,嫦娥,孙权,杨戬,蔡文姬","马超,小乔,后羿,裴擒虎,墨子"
墨子,蔡文姬,4,阵营1 胜利,"马超,沈梦溪,元流之子(射手),橘右京,墨子","老夫子,女娲,戈娅,裴擒虎,蔡文姬"
墨子,蔡文姬,5,阵营2 胜利,"元歌,沈梦溪,李信,裴擒虎,墨子","曹操,安琪拉,元流之子(射手),李元芳,蔡文姬"
墨子,蔡文姬,6,阵营1 胜利,"影,妲己,元流之子(射手),韩信,墨子","夏洛特,元流之子(法师),戈娅,百里玄策,蔡文姬"
墨子,蔡文姬,7,阵营2 胜利,"关羽,杨玉环,司空震,裴擒虎,蔡文姬","刘邦,海月,戈娅,赵云,墨子"
墨子,蔡文姬,8,阵营1 胜利,"蚩奼,西施,戈娅,孙悟空,墨子","影,大乔,元流之子(射手),雅典娜,蔡文姬"
墨子,蔡文姬,9,阵营1 胜利,"曹操,上官婉儿,敖隐,百里玄策,墨子","蒙恬,海诺,孙权,赵云,蔡文姬"
墨子,蔡文姬,10,阵营2 胜利,"夏洛特,沈梦溪,公孙离,李元芳,墨子","蚩奼,周瑜,元流之子(射手),百里玄策,蔡文姬"
墨子,蔡文姬,11,阵营2 胜利,"司空震,杨玉环,虞姬,裴擒虎,墨子","影,金蝉,元流之子(射手),百里玄策,蔡文姬"
墨子,蔡文姬,12,阵营1 胜利,"梦奇,小乔,公孙离,阿古朵,蔡文姬","哪吒,沈梦溪,元流之子(射手),孙悟空,墨子"
墨子,蔡文姬,13,阵营1 胜利,"孙策,太乙真人,戈娅,裴擒虎,墨子","马超,上官婉儿,后羿,兰陵王,蔡文姬"
墨子,蔡文姬,14,阵营2 胜利,"狂铁,杨玉环,元流之子(射手),云缨,蔡文姬","司空震,沈梦溪,虞姬,娜可露露,墨子"
墨子,蔡文姬,15,阵营2 胜利,"橘右京,沈梦溪,戈娅,李信,墨子","关羽,西施,元流之子(射手),镜,蔡文姬"
墨子,蔡文姬,16,阵营1 胜利,"哪吒,不知火舞,蚩奼,曜,蔡文姬","曹操,沈梦溪,孙权,云缨,墨子"
墨子,蔡文姬,17,阵营2 胜利,"达摩,妲己,敖隐,镜,墨子","赵怀真,女娲,虞姬,橘右京,蔡文姬"
墨子,蔡文姬,18,阵营1 胜利,"孙策,海月,公孙离,镜,蔡文姬","马超,小乔,戈娅,元流之子(坦克),墨子"
墨子,蔡文姬,19,阵营1 胜利,"曹操,貂蝉,百里守约,云缨,墨子","夏洛特,甄姬,苍,裴擒虎,蔡文姬"
墨子,太乙真人,1,阵营1 胜利,"曹操,女娲,狄仁杰,露娜,墨子","影,沈梦溪,元流之子(射手),韩信,太乙真人"
墨子,太乙真人,2,阵营2 胜利,"马超,高渐离,苍,诸葛亮,太乙真人","狂铁,小乔,狄仁杰,韩信,墨子"
墨子,太乙真人,3,阵营1 胜利,"元歌,小乔,百里守约,孙悟空,墨子","姬小满,女娲,戈娅,曜,太乙真人"
墨子,太乙真人,4,阵营1 胜利,"曹操,大乔,公孙离,孙悟空,墨子","芈月,不知火舞,虞姬,百里玄策,太乙真人"
墨子,太乙真人,5,阵营1 胜利,"蚩奼,干将莫邪,李信,猪八戒,墨子","曹操,甄姬,孙尚香,刘备,太乙真人"
墨子,太乙真人,6,阵营1 胜利,"影,沈梦溪,蚩奼,曜,墨子","狂铁,诸葛亮,公孙离,铠,太乙真人"
墨子,太乙真人,7,阵营2 胜利,"马超,沈梦溪,艾琳,杨戬,太乙真人","关羽,嫦娥,李信,百里玄策,墨子"
墨子,太乙真人,8,阵营2 胜利,"花木兰,小乔,艾琳,阿古朵,墨子","关羽,女娲,司空震,典韦,太乙真人"
墨子,太乙真人,9,阵营1 胜利,"影,杨玉环,蚩奼,裴擒虎,墨子","司空震,沈梦溪,戈娅,曜,太乙真人"
墨子,太乙真人,10,阵营2 胜利,"老夫子,沈梦溪,戈娅,韩信,墨子","哪吒,嬴政,元流之子(射手),百里玄策,太乙真人"
墨子,太乙真人,11,阵营2 胜利,"姬小满,安琪拉,元流之子(射手),百里玄策,墨子","哪吒,女娲,孙尚香,孙悟空,太乙真人"
墨子,太乙真人,12,阵营2 胜利,"项羽,嫦娥,元流之子(射手),裴擒虎,太乙真人","蚩奼,不知火舞,司空震,百里玄策,墨子"
墨子,太乙真人,13,阵营2 胜利,"马超,周瑜,蚩奼,铠,墨子","曹操,诸葛亮,戈娅,雅典娜,太乙真人"
墨子,太乙真人,14,阵营2 胜利,"哪吒,不知火舞,元流之子(射手),裴擒虎,太乙真人","吕布,杨玉环,戈娅,嫦娥,墨子"
墨子,太乙真人,15,阵营2 胜利,"花木兰,弈星,元流之子(射手),阿轲,太乙真人","孙策,周瑜,马可波罗,橘右京,墨子"
墨子,太乙真人,16,阵营2 胜利,"哪吒,诸葛亮,元流之子(射手),露娜,太乙真人","花木兰,海月,孙权,元流之子(刺客),墨子"
墨子,太乙真人,17,阵营1 胜利,"夏洛特,沈梦溪,敖隐,元流之子(刺客),太乙真人","元歌,嫦娥,元流之子(射手),大司命,墨子"
墨子,太乙真人,18,阵营2 胜利,"蒙恬,甄姬,元流之子(射手),诸葛亮,墨子","老夫子,西施,戈娅,韩信,太乙真人"
墨子,太乙真人,19,阵营2 胜利,"老夫子,不知火舞,元流之子(射手),盘古,太乙真人","司空震,沈梦溪,公孙离,司马懿,墨子"
墨子,东皇太一,1,阵营1 胜利,"狂铁,小乔,敖隐,哪吒,东皇太一","貂蝉,武则天,虞姬,赵云,墨子"
墨子,东皇太一,2,阵营1 胜利,"哪吒,安琪拉,蚩奼,铠,墨子","兰陵王,嫦娥,百里守约,司马懿,东皇太一"
墨子,东皇太一,3,阵营2 胜利,"蒙恬,妲己,元流之子(射手),云缨,墨子","狂铁,西施,戈娅,裴擒虎,东皇太一"
墨子,东皇太一,4,阵营1 胜利,"曹操,甄姬,戈娅,暃,东皇太一","司空震,周瑜,蒙犽,铠,墨子"
墨子,东皇太一,5,阵营1 胜利,"芈月,周瑜,戈娅,暃,东皇太一","夏洛特,女娲,蚩奼,橘右京,墨子"
墨子,东皇太一,6,阵营2 胜利,"司空震,安琪拉,元流之子(射手),杨戬,东皇太一","元歌,诸葛亮,虞姬,雅典娜,墨子"
墨子,东皇太一,7,阵营1 胜利,"影,女娲,元流之子(射手),韩信,东皇太一","哪吒,上官婉儿,蚩奼,阿轲,墨子"
墨子,东皇太一,8,阵营1 胜利,"哪吒,干将莫邪,百里守约,云中君,墨子","曹操,小乔,公孙离,孙悟空,东皇太一"
墨子,东皇太一,9,阵营2 胜利,"孙策,海月,孙权,云缨,墨子","元歌,沈梦溪,孙尚香,司马懿,东皇太一"
墨子,东皇太一,10,阵营2 胜利,"司空震,嫦娥,元流之子(射手),马超,东皇太一","哪吒,上官婉儿,孙权,云缨,墨子"
墨子,东皇太一,11,阵营1 胜利,"马超,嫦娥,敖隐,李元芳,墨子","蚩奼,周瑜,元流之子(射手),宫本武藏,东皇太一"
墨子,东皇太一,12,阵营1 胜利,"姬小满,嫦娥,元流之子(射手),暃,东皇太一","关羽,西施,戈娅,曜,墨子"
墨子,东皇太一,13,阵营2 胜利,"影,元流之子(法师),蚩奼,马超,东皇太一","老夫子,小乔,孙权,裴擒虎,墨子"
墨子,东皇太一,14,阵营2 胜利,"狂铁,嫦娥,敖隐,孙悟空,东皇太一","哪吒,诸葛亮,虞姬,镜,墨子"
墨子,东皇太一,15,阵营1 胜利,"哪吒,小乔,元流之子(射手),韩信,东皇太一","曹操,金蝉,蚩奼,百里玄策,墨子"
墨子,东皇太一,16,阵营1 胜利,"狂铁,不知火舞,艾琳,钟无艳,墨子","夏洛特,米莱狄,元流之子(射手),橘右京,东皇太一"
墨子,东皇太一,17,阵营1 胜利,"曹操,嫦娥,敖隐,雅典娜,东皇太一","孙策,安琪拉,元流之子(射手),马超,墨子"
墨子,东皇太一,18,阵营1 胜利,"影,女娲,元流之子(射手),云缨,东皇太一","蒙恬,诸葛亮,苍,露娜,墨子"
墨子,东皇太一,19,阵营1 胜利,"芈月,沈梦溪,公孙离,杨戬,墨子","夏洛特,干将莫邪,戈娅,李元芳,东皇太一"
墨子,大禹,1,阵营2 胜利,"元歌,不知火舞,戈娅,裴擒虎,大禹","姬小满,嫦娥,虞姬,芈月,墨子"
墨子,大禹,2,阵营1 胜利,"哪吒,沈梦溪,敖隐,镜,墨子","曹操,海诺,戈娅,裴擒虎,大禹"
墨子,大禹,3,阵营2 胜利,"狂铁,女娲,蚩奼,赵云,墨子","影,武则天,元流之子(射手),镜,大禹"
墨子,大禹,4,阵营2 胜利,"哪吒,沈梦溪,戈娅,暃,大禹","关羽,武则天,元流之子(射手),雅典娜,墨子"
墨子,大禹,5,阵营1 胜利,"蒙恬,小乔,李信,曜,墨子","芈月,甄姬,元流之子(射手),澜,大禹"
墨子,大禹,6,阵营2 胜利,"芈月,嫦娥,元流之子(射手),云缨,大禹","花木兰,大乔,公孙离,裴擒虎,墨子"
墨子,大禹,7,阵营2 胜利,"曹操,大乔,蚩奼,韩信,墨子","哪吒,武则天,艾琳,镜,大禹"
墨子,大禹,8,阵营1 胜利,"夏洛特,海月,虞姬,元流之子(刺客),墨子","影,杨玉环,元流之子(射手),铠,大禹"
墨子,大禹,9,阵营2 胜利,"夏洛特,不知火舞,戈娅,猪八戒,大禹","元歌,甄姬,元流之子(射手),司马懿,墨子"
墨子,大禹,10,阵营1 胜利,"马超,沈梦溪,百里守约,阿古朵,墨子","曹操,海月,苍,哪吒,大禹"
墨子,大禹,11,阵营1 胜利,"狂铁,大乔,戈娅,暃,大禹","司空震,小乔,元流之子(射手),马超,墨子"
墨子,大禹,12,阵营2 胜利,"赵怀真,嫦娥,公孙离,曜,大禹","关羽,太乙真人,李信,元流之子(刺客),墨子"
墨子,大禹,13,阵营2 胜利,"狂铁,貂蝉,敖隐,裴擒虎,墨子","哪吒,小乔,虞姬,阿古朵,大禹"
墨子,大禹,14,阵营2 胜利,"哪吒,沈梦溪,戈娅,韩信,大禹","曹操,杨玉环,苍,大司命,墨子"
墨子,大禹,15,阵营1 胜利,"夏洛特,甄姬,马可波罗,诸葛亮,大禹","狂铁,海月,狄仁杰,澜,墨子"
墨子,大禹,16,阵营1 胜利,"马超,武则天,元流之子(射手),暃,墨子","蚩奼,貂蝉,公孙离,橘右京,大禹"
墨子,大禹,17,阵营1 胜利,"哪吒,高渐离,虞姬,裴擒虎,墨子","芈月,武则天,元流之子(射手),韩信,大禹"
墨子,大禹,18,阵营2 胜利,"元歌,不知火舞,苍,铠,大禹","影,大乔,公孙离,赵云,墨子"
墨子,大禹,19,阵营1 胜利,"杨戬,小乔,戈娅,云中君,墨子","夏洛特,诸葛亮,苍,赵云,大禹"
墨子,鬼谷子,1,阵营2 胜利,"影,不知火舞,戈娅,司马懿,鬼谷子","曹操,嫦娥,公孙离,马超,墨子"
墨子,鬼谷子,2,阵营2 胜利,"老夫子,海诺,元流之子(射手),铠,墨子","影,沈梦溪,戈娅,澜,鬼谷子"
墨子,鬼谷子,3,阵营2 胜利,"关羽,海月,苍,裴擒虎,墨子","老夫子,嫦娥,元流之子(射手),韩信,鬼谷子"
墨子,鬼谷子,4,阵营1 胜利,"白起,甄姬,百里守约,典韦,墨子","孙策,不知火舞,蚩奼,诸葛亮,鬼谷子"
墨子,鬼谷子,5,阵营2 胜利,"司空震,诸葛亮,李信,马超,鬼谷子","老夫子,沈梦溪,李元芳,影,墨子"
墨子,鬼谷子,6,阵营1 胜利,"芈月,弈星,敖隐,百里玄策,墨子","哪吒,女娲,元流之子(射手),橘右京,鬼谷子"
墨子,鬼谷子,7,阵营1 胜利,"司空震,沈梦溪,元流之子(射手),韩信,墨子","关羽,小乔,蚩奼,百里玄策,鬼谷子"
墨子,鬼谷子,8,阵营2 胜利,"蚩奼,妲己,虞姬,雅典娜,墨子","老夫子,沈梦溪,元流之子(射手),镜,鬼谷子"
墨子,鬼谷子,9,阵营1 胜利,"元歌,大乔,李信,元流之子(刺客),鬼谷子","哪吒,沈梦溪,孙权,曜,墨子"
墨子,鬼谷子,10,阵营1 胜利,"关羽,大乔,元流之子(射手),韩信,墨子","芈月,小乔,后羿,铠,鬼谷子"
墨子,鬼谷子,11,阵营2 胜利,"达摩,杨玉环,公孙离,镜,鬼谷子","司空震,嫦娥,戈娅,刘备,墨子"
墨子,鬼谷子,12,阵营1 胜利,"关羽,西施,戈娅,宫本武藏,墨子","蒙恬,沈梦溪,元流之子(射手),百里玄策,鬼谷子"
墨子,鬼谷子,13,阵营1 胜利,"蚩奼,甄姬,马可波罗,赵云,墨子","元歌,上官婉儿,元流之子(射手),铠,鬼谷子"
墨子,鬼谷子,14,阵营2 胜利,"芈月,元流之子(法师),虞姬,裴擒虎,鬼谷子","影,沈梦溪,元流之子(射手),李白,墨子"
墨子,鬼谷子,15,阵营2 胜利,"盘古,小乔,元流之子(射手),铠,鬼谷子","影,干将莫邪,蚩奼,诸葛亮,墨子"
墨子,鬼谷子,16,阵营1 胜利,"元歌,不知火舞,艾琳,赵云,鬼谷子","杨戬,女娲,公孙离,孙悟空,墨子"
墨子,鬼谷子,17,阵营2 胜利,"夏洛特,安琪拉,后羿,诸葛亮,墨子","狂铁,沈梦溪,元流之子(射手),暃,鬼谷子"
墨子,鬼谷子,18,阵营1 胜利,"曹操,嫦娥,元流之子(射手),暃,墨子","猪八戒,诸葛亮,孙权,百里玄策,鬼谷子"
墨子,鬼谷子,19,阵营1 胜利,"杨戬,弈星,敖隐,镜,墨子","东皇太一,西施,公孙离,李白,鬼谷子"
墨子,大乔,1,阵营1 胜利,"孙策,西施,敖隐,阿古朵,墨子","关羽,海诺,元流之子(射手),暃,大乔"
墨子,大乔,2,阵营1 胜利,"梦奇,海诺,元流之子(射手),铠,大乔","亚瑟,安琪拉,公孙离,暃,墨子"
墨子,大乔,3,阵营1 胜利,"司空震,安琪拉,元流之子(射手),宫本武藏,大乔","花木兰,诸葛亮,艾琳,哪吒,墨子"
墨子,大乔,4,阵营1 胜利,"哪吒,沈梦溪,元流之子(射手),李元芳,大乔","影,高渐离,蚩奼,阿古朵,墨子"
墨子,大乔,5,阵营1 胜利,"哪吒,武则天,孙权,裴擒虎,大乔","关羽,嫦娥,元流之子(射手),马超,墨子"
墨子,大乔,6,阵营1 胜利,"关羽,武则天,狄仁杰,马超,墨子","蒙恬,米莱狄,扁鹊,露娜,大乔"
墨子,大乔,7,阵营1 胜利,"芈月,貂蝉,莱西奥,马超,大乔","哪吒,上官婉儿,蚩奼,镜,墨子"
墨子,大乔,8,阵营1 胜利,"蚩奼,不知火舞,敖隐,梦奇,大乔","孙策,沈梦溪,元流之子(射手),铠,墨子"
墨子,大乔,9,阵营2 胜利,"孙策,不知火舞,戈娅,裴擒虎,大乔","影,安琪拉,艾琳,露娜,墨子"
墨子,大乔,10,阵营2 胜利,"哪吒,沈梦溪,后羿,司马懿,墨子","蚩奼,嫦娥,元流之子(射手),典韦,大乔"
墨子,大乔,11,阵营2 胜利,"姬小满,沈梦溪,公孙离,百里玄策,墨子","狂铁,武则天,苍,韩信,大乔"
墨子,大乔,12,阵营1 胜利,"司空震,杨玉环,后羿,阿轲,墨子","哪吒,海月,黄忠,诸葛亮,大乔"
墨子,大乔,13,阵营1 胜利,"花木兰,甄姬,马可波罗,元流之子(刺客),墨子","哪吒,嫦娥,后羿,韩信,大乔"
墨子,大乔,14,阵营2 胜利,"芈月,沈梦溪,蚩奼,梦奇,大乔","女娲,公孙离,司空震,马超,墨子"
墨子,大乔,15,阵营2 胜利,"老夫子,高渐离,艾琳,娜可露露,大乔","钟无艳,嫦娥,孙权,露娜,墨子"
墨子,大乔,16,阵营2 胜利,"夏洛特,上官婉儿,戈娅,裴擒虎,墨子","蚩奼,沈梦溪,元流之子(射手),曜,大乔"
墨子,大乔,17,阵营2 胜利,"钟无艳,诸葛亮,元流之子(射手),典韦,大乔","司空震,女娲,戈娅,李白,墨子"
墨子,大乔,18,阵营1 胜利,"老夫子,海月,戈娅,韩信,墨子","关羽,姜子牙,元流之子(射手),裴擒虎,大乔"
墨子,大乔,19,阵营2 胜利,"花木兰,海月,戈娅,裴擒虎,墨子","夏洛特,嫦娥,元流之子(射手),阿轲,大乔"
墨子,苏烈,1,阵营2 胜利,"蚩奼,杨玉环,虞姬,暃,墨子","元歌,沈梦溪,元流之子(射手),澜,苏烈"
墨子,苏烈,2,阵营1 胜利,"司空震,不知火舞,戈娅,铠,苏烈","白起,沈梦溪,元流之子(射手),裴擒虎,墨子"
墨子,苏烈,3,阵营2 胜利,"老夫子,女娲,元流之子(射手),百里玄策,苏烈","影,不知火舞,虞姬,铠,墨子"
墨子,苏烈,4,阵营1 胜利,"哪吒,姜子牙,敖隐,孙悟空,苏烈","蒙恬,嫦娥,元流之子(射手),云缨,墨子"
墨子,苏烈,5,阵营2 胜利,"哪吒,上官婉儿,后羿,孙悟空,墨子","老夫子,嫦娥,元流之子(射手),橘右京,苏烈"
墨子,苏烈,6,阵营1 胜利,"蚩奼,海诺,敖隐,大司命,墨子","老夫子,不知火舞,公孙离,暃,苏烈"
墨子,苏烈,7,阵营1 胜利,"花木兰,诸葛亮,后羿,裴擒虎,墨子","元歌,小乔,李元芳,韩信,苏烈"
墨子,苏烈,8,阵营2 胜利,"亚连,小乔,狄仁杰,裴擒虎,苏烈","影,沈梦溪,李信,镜,墨子"
墨子,苏烈,9,阵营1 胜利,"夏洛特,周瑜,元流之子(射手),韩信,墨子","老夫子,貂蝉,公孙离,典韦,苏烈"
墨子,苏烈,10,阵营2 胜利,"关羽,西施,敖隐,马超,苏烈","司空震,诸葛亮,蚩奼,橘右京,墨子"
墨子,苏烈,11,阵营1 胜利,"蒙恬,诸葛亮,蚩奼,云缨,苏烈","司空震,女娲,元流之子(射手),李白,墨子"
墨子,苏烈,12,阵营2 胜利,"元歌,大乔,艾琳,大司命,苏烈","夏洛特,海诺,苍,马超,墨子"
墨子,苏烈,13,阵营1 胜利,"哪吒,武则天,公孙离,马超,墨子","杨戬,海月,虞姬,百里玄策,苏烈"
墨子,苏烈,14,阵营1 胜利,"哪吒,金蝉,元流之子(射手),宫本武藏,苏烈","元歌,杨玉环,百里守约,裴擒虎,墨子"
墨子,苏烈,15,阵营1 胜利,"夏洛特,女娲,元流之子(射手),大司命,墨子","马超,貂蝉,戈娅,裴擒虎,苏烈"
墨子,苏烈,16,阵营2 胜利,"曹操,嫦娥,戈娅,阿古朵,墨子","达摩,沈梦溪,元流之子(射手),诸葛亮,苏烈"
墨子,苏烈,17,阵营2 胜利,"夏洛特,沈梦溪,敖隐,诸葛亮,苏烈","老夫子,女娲,元流之子(射手),娜可露露,墨子"
墨子,苏烈,18,阵营1 胜利,"蒙恬,女娲,敖隐,镜,墨子","司空震,嫦娥,戈娅,暃,苏烈"
墨子,苏烈,19,阵营1 胜利,"达摩,太乙真人,虞姬,盘古,墨子","影,海月,元流之子(射手),雅典娜,苏烈"
墨子,明世隐,1,阵营1 胜利,"曹操,西施,敖隐,云中君,墨子","白起,嫦娥,艾琳,赵云,明世隐"
墨子,明世隐,2,阵营2 胜利,"关羽,沈梦溪,百里守约,暃,墨子","哪吒,武则天,元流之子(射手),马超,明世隐"
墨子,明世隐,3,阵营2 胜利,"孙悟空,杨玉环,敖隐,司马懿,墨子","司空震,弈星,戈娅,韩信,明世隐"
墨子,明世隐,4,阵营1 胜利,"曹操,沈梦溪,敖隐,宫本武藏,明世隐","大司命,女娲,虞姬,马超,墨子"
墨子,明世隐,5,阵营1 胜利,"影,小乔,元流之子(射手),铠,明世隐","曹操,女娲,戈娅,孙悟空,墨子"
墨子,明世隐,6,阵营1 胜利,"夏洛特,干将莫邪,百里守约,赵云,明世隐","元歌,貂蝉,元流之子(射手),宫本武藏,墨子"
墨子,明世隐,7,阵营2 胜利,"马超,上官婉儿,孙尚香,云缨,墨子","猪八戒,不知火舞,艾琳,宫本武藏,明世隐"
墨子,明世隐,8,阵营2 胜利,"司空震,海诺,李元芳,大司命,墨子","马超,西施,元流之子(射手),娜可露露,明世隐"
墨子,明世隐,9,阵营2 胜利,"哪吒,嫦娥,阿古朵,马超,墨子","苏烈,海月,元流之子(射手),司马懿,明世隐"
墨子,明世隐,10,阵营1 胜利,"芈月,嫦娥,李信,暃,墨子","哪吒,周瑜,狄仁杰,铠,明世隐"
墨子,明世隐,11,阵营1 胜利,"关羽,貂蝉,狄仁杰,裴擒虎,明世隐","曹操,弈星,元流之子(射手),镜,墨子"
墨子,明世隐,12,阵营2 胜利,"亚连,王昭君,元流之子(射手),镜,明世隐","蒙恬,嫦娥,戈娅,裴擒虎,墨子"
墨子,明世隐,13,阵营1 胜利,"夏洛特,大乔,孙权,诸葛亮,明世隐","哪吒,海月,蚩奼,橘右京,墨子"
墨子,明世隐,14,阵营2 胜利,"马超,海月,狄仁杰,裴擒虎,墨子","司空震,女娲,蚩奼,杨戬,明世隐"
墨子,明世隐,15,阵营1 胜利,"亚瑟,大乔,艾琳,暃,明世隐","曹操,王昭君,百里守约,典韦,墨子"
墨子,瑶,1,阵营2 胜利,"关羽,女娲,艾琳,铠,瑶","吕布,嫦娥,蒙犽,典韦,墨子"
墨子,瑶,2,阵营2 胜利,"狂铁,周瑜,李信,孙悟空,瑶","元歌,沈梦溪,戈娅,暃,墨子"
墨子,瑶,3,阵营2 胜利,"马超,沈梦溪,公孙离,云缨,墨子","老夫子,弈星,艾琳,裴擒虎,瑶"
墨子,瑶,4,阵营2 胜利,"影,女娲,百里守约,杨戬,墨子","程咬金,嫦娥,元流之子(射手),云缨,瑶"
墨子,瑶,5,阵营1 胜利,"花木兰,小乔,虞姬,典韦,墨子","司空震,甄姬,蚩奼,韩信,瑶"
墨子,瑶,6,阵营1 胜利,"亚连,西施,敖隐,韩信,墨子","梦奇,妲己,元流之子(射手),赵云,瑶"
墨子,瑶,7,阵营1 胜利,"白起,杨玉环,公孙离,李元芳,墨子","影,不知火舞,元流之子(射手),司马懿,瑶"
墨子,瑶,8,阵营1 胜利,"芈月,上官婉儿,虞姬,云缨,瑶","马超,杨玉环,戈娅,哪吒,墨子"
墨子,瑶,9,阵营2 胜利,"白起,诸葛亮,戈娅,云缨,瑶","司空震,女娲,马可波罗,橘右京,墨子"
墨子,瑶,10,阵营1 胜利,"铠,弈星,苍,阿古朵,墨子","司空震,嫦娥,元流之子(射手),杨戬,瑶"
墨子,瑶,11,阵营2 胜利,"关羽,安琪拉,元流之子(射手),镜,墨子","花木兰,沈梦溪,戈娅,马超,瑶"
墨子,瑶,12,阵营2 胜利,"兰陵王,米莱狄,戈娅,雅典娜,墨子","杨戬,海月,百里守约,赵云,瑶"
墨子,瑶,13,阵营1 胜利,"海诺,西施,元流之子(射手),雅典娜,瑶","影,小乔,李信,宫本武藏,墨子"
墨子,瑶,14,阵营1 胜利,"夏洛特,貂蝉,李信,镜,墨子","亚连,甄姬,艾琳,马超,瑶"
墨子,瑶,15,阵营1 胜利,"白起,沈梦溪,蒙犽,镜,瑶","影,武则天,元流之子(射手),典韦,墨子"
墨子,瑶,16,阵营2 胜利,"项羽,高渐离,蚩奼,露娜,瑶","司空震,小乔,百里守约,橘右京,墨子"
墨子,瑶,17,阵营1 胜利,"孙策,诸葛亮,戈娅,马超,墨子","元流之子(坦克),沈梦溪,蚩奼,裴擒虎,瑶"
墨子,瑶,18,阵营1 胜利,"老夫子,海诺,公孙离,韩信,墨子","孙策,诸葛亮,艾琳,阿古朵,瑶"
墨子,瑶,19,阵营2 胜利,"司空震,不知火舞,虞姬,镜,瑶","钟无艳,大乔,苍,铠,墨子"
墨子,盾山,1,阵营2 胜利,"元歌,海诺,孙尚香,韩信,盾山","花木兰,不知火舞,虞姬,橘右京,墨子"
墨子,盾山,2,阵营1 胜利,"元歌,小乔,狄仁杰,刘备,盾山","花木兰,杨玉环,戈娅,孙悟空,墨子"
墨子,盾山,3,阵营1 胜利,"项羽,大乔,李信,阿古朵,墨子","芈月,武则天,虞姬,裴擒虎,盾山"
墨子,盾山,4,阵营1 胜利,"孙悟空,甄姬,苍,盘古,墨子","关羽,杨玉环,鲁班七号,兰陵王,盾山"
墨子,盾山,5,阵营2 胜利,"影,女娲,元流之子(射手),赵云,墨子","老夫子,不知火舞,艾琳,裴擒虎,盾山"
墨子,盾山,6,阵营1 胜利,"蒙恬,貂蝉,艾琳,梦奇,盾山","兰陵王,不知火舞,元流之子(射手),曜,墨子"
墨子,盾山,7,阵营1 胜利,"蒙恬,高渐离,蚩奼,裴擒虎,墨子","元歌,不知火舞,孙尚香,赵云,盾山"
墨子,盾山,8,阵营2 胜利,"曹操,不知火舞,元流之子(射手),大司命,盾山","元歌,上官婉儿,孙权,阿古朵,墨子"
墨子,盾山,9,阵营2 胜利,"老夫子,小乔,元流之子(射手),李白,墨子","孙策,西施,蚩奼,曜,盾山"
墨子,盾山,10,阵营2 胜利,"姬小满,张良,狄仁杰,马超,盾山","项羽,海诺,戈娅,镜,墨子"
墨子,盾山,11,阵营2 胜利,"马超,沈梦溪,孙尚香,橘右京,墨子","姬小满,女娲,李元芳,阿古朵,盾山"
墨子,盾山,12,阵营2 胜利,"白起,小乔,孙尚香,杨戬,盾山","哪吒,甄姬,艾琳,裴擒虎,墨子"
墨子,盾山,13,阵营2 胜利,"哪吒,诸葛亮,蚩奼,百里玄策,墨子","曹操,女娲,艾琳,马超,盾山"
墨子,盾山,14,阵营2 胜利,"元歌,嫦娥,狄仁杰,百里玄策,盾山","哪吒,安琪拉,元流之子(射手),裴擒虎,墨子"
墨子,盾山,15,阵营1 胜利,"姬小满,女娲,孙尚香,典韦,盾山","元歌,沈梦溪,元流之子(射手),杨戬,墨子"
墨子,盾山,16,阵营2 胜利,"狂铁,甄姬,艾琳,马超,盾山","元歌,女娲,孙权,杨戬,墨子"
墨子,盾山,17,阵营2 胜利,"花木兰,沈梦溪,元流之子(射手),马超,墨子","狂铁,小乔,狄仁杰,娜可露露,盾山"
墨子,盾山,18,阵营1 胜利,"孙策,嬴政,公孙离,裴擒虎,墨子","蒙恬,小乔,元流之子(射手),暃,盾山"
墨子,盾山,19,阵营2 胜利,"关羽,女娲,艾琳,马超,盾山","影,西施,元流之子(射手),曜,墨子"
墨子,西施,1,阵营2 胜利,"蒙恬,上官婉儿,蚩奼,百里玄策,墨子","曹操,女娲,狄仁杰,阿轲,西施"
墨子,西施,2,阵营1 胜利,"狂铁,沈梦溪,蚩奼,铠,墨子","老夫子,海诺,孙权,孙悟空,西施"
墨子,西施,3,阵营1 胜利,"狂铁,沈梦溪,李元芳,铠,西施","白起,女娲,艾琳,阿古朵,墨子"
墨子,西施,4,阵营1 胜利,"马超,杨玉环,艾琳,裴擒虎,西施","蒙恬,干将莫邪,孙权,露娜,墨子"
墨子,西施,5,阵营1 胜利,"花木兰,大乔,公孙离,暃,西施","司空震,海月,苍,元流之子(刺客),墨子"
墨子,西施,6,阵营1 胜利,"吕布,大乔,公孙离,雅典娜,墨子","关羽,海月,狄仁杰,娜可露露,西施"
墨子,西施,7,阵营1 胜利,"夏洛特,小乔,孙尚香,韩信,西施","曹操,高渐离,虞姬,露娜,墨子"
墨子,西施,8,阵营2 胜利,"狂铁,小乔,元流之子(射手),暃,西施","曹操,杨玉环,戈娅,元流之子(坦克),墨子"
墨子,西施,9,阵营1 胜利,"哪吒,上官婉儿,蚩奼,司马懿,墨子","姬小满,大乔,元流之子(射手),孙悟空,西施"
墨子,西施,10,阵营1 胜利,"孙悟空,姜子牙,戈娅,阿古朵,墨子","夏洛特,貂蝉,艾琳,裴擒虎,西施"
墨子,西施,11,阵营1 胜利,"影,姜子牙,元流之子(射手),韩信,西施","狂铁,沈梦溪,蚩奼,雅典娜,墨子"
墨子,西施,12,阵营1 胜利,"哪吒,干将莫邪,虞姬,暃,墨子","影,嫦娥,蚩奼,马超,西施"
墨子,西施,13,阵营1 胜利,"影,诸葛亮,元流之子(射手),裴擒虎,墨子","花木兰,沈梦溪,蚩奼,铠,西施"
墨子,西施,14,阵营2 胜利,"影,不知火舞,苍,马超,墨子","曹操,嫦娥,元流之子(射手),韩信,西施"
墨子,西施,15,阵营2 胜利,"钟无艳,小乔,孙尚香,娜可露露,墨子","刘邦,女娲,蒙犽,云中君,西施"
墨子,西施,16,阵营2 胜利,"芈月,沈梦溪,苍,百里玄策,墨子","刘邦,小乔,公孙离,曹操,西施"
墨子,西施,17,阵营1 胜利,"狂铁,不知火舞,戈娅,韩信,西施","元歌,沈梦溪,孙权,阿古朵,墨子"
墨子,西施,18,阵营2 胜利,"狂铁,小乔,李元芳,裴擒虎,墨子","元歌,沈梦溪,蚩奼,阿古朵,西施"
墨子,西施,19,阵营2 胜利,"哪吒,貂蝉,百里守约,孙悟空,墨子","曹操,沈梦溪,后羿,马超,西施"
墨子,鲁班大师,1,阵营1 胜利,"哪吒,嫦娥,敖隐,典韦,鲁班大师","狂铁,干将莫邪,元流之子(射手),曹操,墨子"
墨子,鲁班大师,2,阵营1 胜利,"哪吒,周瑜,元流之子(射手),铠,鲁班大师","老夫子,嫦娥,虞姬,马超,墨子"
墨子,鲁班大师,3,阵营2 胜利,"哪吒,上官婉儿,公孙离,裴擒虎,鲁班大师","影,诸葛亮,百里守约,百里玄策,墨子"
墨子,鲁班大师,4,阵营2 胜利,"夏洛特,嫦娥,元流之子(射手),裴擒虎,墨子","关羽,女娲,虞姬,暃,鲁班大师"
墨子,鲁班大师,5,阵营1 胜利,"白起,嫦娥,虞姬,铠,墨子","司空震,小乔,蚩奼,镜,鲁班大师"
墨子,鲁班大师,6,阵营2 胜利,"马超,西施,孙尚香,阿古朵,墨子","老夫子,弈星,戈娅,韩信,鲁班大师"
墨子,鲁班大师,7,阵营2 胜利,"关羽,小乔,戈娅,马超,鲁班大师","蚩奼,西施,鲁班七号,镜,墨子"
墨子,鲁班大师,8,阵营2 胜利,"老夫子,诸葛亮,元流之子(射手),阿古朵,墨子","花木兰,弈星,蚩奼,铠,鲁班大师"
墨子,鲁班大师,9,阵营2 胜利,"马超,弈星,苍,李元芳,鲁班大师","程咬金,女娲,公孙离,宫本武藏,墨子"
墨子,鲁班大师,10,阵营2 胜利,"蚩奼,嫦娥,李信,大司命,墨子","钟无艳,海诺,元流之子(射手),梦奇,鲁班大师"
墨子,鲁班大师,11,阵营1 胜利,"曹操,高渐离,敖隐,韩信,鲁班大师","哪吒,诸葛亮,百里守约,百里玄策,墨子"
墨子,鲁班大师,12,阵营2 胜利,"关羽,沈梦溪,公孙离,裴擒虎,墨子","曹操,嬴政,蚩奼,娜可露露,鲁班大师"
墨子,鲁班大师,13,阵营2 胜利,"哪吒,海月,敖隐,铠,墨子","关羽,大乔,百里守约,橘右京,鲁班大师"
墨子,鲁班大师,14,阵营2 胜利,"曹操,甄姬,元流之子(射手),韩信,鲁班大师","蒙恬,小乔,戈娅,镜,墨子"
墨子,鲁班大师,15,阵营2 胜利,"狂铁,元流之子(法师),狄仁杰,镜,鲁班大师","影,不知火舞,孙权,云缨,墨子"
墨子,鲁班大师,16,阵营2 胜利,"关羽,沈梦溪,戈娅,司马懿,鲁班大师","达摩,武则天,公孙离,韩信,墨子"
墨子,鲁班大师,17,阵营1 胜利,"哪吒,西施,戈娅,雅典娜,墨子","狂铁,沈梦溪,元流之子(射手),大司命,鲁班大师"
墨子,鲁班大师,18,阵营1 胜利,"哪吒,女娲,元流之子(射手),杨戬,鲁班大师","司空震,嫦娥,蚩奼,韩信,墨子"
墨子,鲁班大师,19,阵营2 胜利,"蒙恬,西施,敖隐,裴擒虎,鲁班大师","老夫子,不知火舞,李信,赵云,墨子"
墨子,桑启,1,阵营2 胜利,"影,杨玉环,戈娅,云中君,桑启","关羽,诸葛亮,蚩奼,元流之子(刺客),墨子"
墨子,桑启,2,阵营2 胜利,"盘古,海月,戈娅,大司命,桑启","蚩奼,沈梦溪,公孙离,镜,墨子"
墨子,桑启,3,阵营2 胜利,"马超,安琪拉,百里守约,韩信,墨子","关羽,嫦娥,虞姬,百里玄策,桑启"
墨子,桑启,4,阵营1 胜利,"马超,武则天,公孙离,赵云,桑启","影,杨玉环,元流之子(射手),阿古朵,墨子"
墨子,桑启,5,阵营1 胜利,"曹操,女娲,敖隐,杨戬,墨子","司空震,嫦娥,元流之子(射手),赵云,桑启"
墨子,桑启,6,阵营2 胜利,"蒙恬,安琪拉,元流之子(射手),大司命,墨子","哪吒,沈梦溪,戈娅,马超,桑启"
墨子,桑启,7,阵营1 胜利,"夏洛特,沈梦溪,孙尚香,曜,桑启","司空震,武则天,孙权,云缨,墨子"
墨子,桑启,8,阵营1 胜利,"元歌,姜子牙,敖隐,铠,桑启","司空震,武则天,孙权,宫本武藏,墨子"
墨子,桑启,9,阵营2 胜利,"海诺,西施,李信,马超,墨子","哪吒,貂蝉,敖隐,李白,桑启"
墨子,桑启,10,阵营2 胜利,"夏洛特,沈梦溪,戈娅,橘右京,墨子","花木兰,周瑜,伽罗,马超,桑启"
墨子,桑启,11,阵营2 胜利,"元歌,海月,戈娅,露娜,桑启","杨戬,高渐离,公孙离,阿轲,墨子"
墨子,桑启,12,阵营1 胜利,"狂铁,女娲,百里守约,司马懿,墨子","司空震,诸葛亮,戈娅,大司命,桑启"
墨子,桑启,13,阵营1 胜利,"曹操,海诺,公孙离,铠,墨子","程咬金,嫦娥,元流之子(射手),孙悟空,桑启"
墨子,桑启,14,阵营2 胜利,"蚩奼,不知火舞,元流之子(射手),司马懿,桑启","司空震,张良,虞姬,韩信,墨子"
墨子,桑启,15,阵营1 胜利,"曹操,上官婉儿,蒙犽,马超,墨子","兰陵王,米莱狄,元流之子(射手),裴擒虎,桑启"
墨子,桑启,16,阵营2 胜利,"老夫子,沈梦溪,敖隐,镜,桑启","关羽,貂蝉,虞姬,暃,墨子"
墨子,桑启,17,阵营2 胜利,"哪吒,小乔,狄仁杰,韩信,墨子","白起,沈梦溪,公孙离,宫本武藏,桑启"
墨子,桑启,18,阵营2 胜利,"元歌,沈梦溪,蚩奼,大司命,桑启","兰陵王,小乔,元流之子(射手),百里玄策,墨子"
墨子,桑启,19,阵营1 胜利,"蒙恬,不知火舞,李信,司马懿,桑启","狂铁,诸葛亮,元流之子(射手),赵云,墨子"
墨子,赵怀真,1,阵营1 胜利,"芈月,海月,敖隐,猪八戒,墨子","蚩奼,干将莫邪,元流之子(射手),宫本武藏,赵怀真"
墨子,赵怀真,2,阵营2 胜利,"马超,不知火舞,敖隐,盘古,赵怀真","元歌,沈梦溪,鲁班七号,孙悟空,墨子"
墨子,赵怀真,3,阵营1 胜利,"夏侯惇,高渐离,元流之子(射手),阿古朵,墨子","狂铁,甄姬,莱西奥,裴擒虎,赵怀真"
墨子,赵怀真,4,阵营2 胜利,"蒙恬,貂蝉,戈娅,大司命,赵怀真","刘邦,嫦娥,元流之子(射手),诸葛亮,墨子"
墨子,赵怀真,5,阵营2 胜利,"狂铁,西施,蚩奼,韩信,墨子","元歌,沈梦溪,艾琳,马超,赵怀真"
墨子,赵怀真,6,阵营1 胜利,"哪吒,海诺,戈娅,孙悟空,赵怀真","花木兰,貂蝉,李信,典韦,墨子"
墨子,赵怀真,7,阵营1 胜利,"兰陵王,女娲,百里守约,马超,墨子","影,嫦娥,虞姬,橘右京,赵怀真"
墨子,赵怀真,8,阵营1 胜利,"项羽,高渐离,苍,大司命,赵怀真","哪吒,杨玉环,公孙离,百里玄策,墨子"
墨子,赵怀真,9,阵营1 胜利,"元歌,弈星,蚩奼,兰陵王,墨子","夏洛特,甄姬,元流之子(射手),铠,赵怀真"
墨子,赵怀真,10,阵营1 胜利,"哪吒,海月,艾琳,孙悟空,墨子","芈月,沈梦溪,公孙离,马超,赵怀真"
墨子,赵怀真,11,阵营2 胜利,"蒙恬,杨玉环,李信,赵云,墨子","曹操,沈梦溪,元流之子(射手),蚩奼,赵怀真"
墨子,赵怀真,12,阵营2 胜利,"哪吒,不知火舞,百里守约,司空震,墨子","关羽,大乔,公孙离,马超,赵怀真"
墨子,赵怀真,13,阵营1 胜利,"老夫子,杨玉环,苍,百里玄策,赵怀真","影,海月,虞姬,铠,墨子"
墨子,赵怀真,14,阵营1 胜利,"马超,干将莫邪,戈娅,韩信,墨子","哪吒,米莱狄,公孙离,诸葛亮,赵怀真"
墨子,赵怀真,15,阵营2 胜利,"关羽,甄姬,百里守约,赵云,墨子","雅典娜,嬴政,艾琳,澜,赵怀真"
墨子,赵怀真,16,阵营2 胜利,"影,甄姬,公孙离,云缨,赵怀真","孙策,嫦娥,蚩奼,猪八戒,墨子"
墨子,赵怀真,17,阵营1 胜利,"元歌,不知火舞,元流之子(射手),韩信,赵怀真","哪吒,女娲,蚩奼,大司命,墨子"
墨子,赵怀真,18,阵营2 胜利,"廉颇,海诺,戈娅,司马懿,墨子","花木兰,不知火舞,元流之子(射手),裴擒虎,赵怀真"
墨子,赵怀真,19,阵营2 胜利,"程咬金,诸葛亮,戈娅,孙悟空,赵怀真","蒙恬,不知火舞,元流之子(射手),马超,墨子"
墨子,空空儿,1,阵营1 胜利,"马超,沈梦溪,蚩奼,元流之子(刺客),空空儿","影,嬴政,公孙离,百里玄策,墨子"
墨子,空空儿,2,阵营2 胜利,"老夫子,甄姬,元流之子(射手),马超,墨子","影,诸葛亮,苍,曜,空空儿"
墨子,空空儿,3,阵营2 胜利,"司空震,沈梦溪,李信,露娜,墨子","狂铁,甄姬,元流之子(射手),韩信,空空儿"
墨子,空空儿,4,阵营1 胜利,"曹操,女娲,蒙犽,典韦,空空儿","哪吒,弈星,戈娅,赵云,墨子"
墨子,空空儿,5,阵营2 胜利,"哪吒,武则天,蚩奼,兰陵王,空空儿","夏洛特,海月,虞姬,裴擒虎,墨子"
墨子,空空儿,6,阵营2 胜利,"孙策,武则天,敖隐,大司命,墨子","姬小满,嫦娥,公孙离,云缨,空空儿"
墨子,空空儿,7,阵营1 胜利,"狂铁,嫦娥,蒙犽,阿古朵,墨子","元歌,干将莫邪,蚩奼,马超,空空儿"
墨子,空空儿,8,阵营2 胜利,"狂铁,嫦娥,伽罗,赵云,墨子","司空震,西施,鲁班七号,云缨,空空儿"
墨子,空空儿,9,阵营1 胜利,"影,甄姬,蚩奼,裴擒虎,空空儿","老夫子,沈梦溪,元流之子(射手),杨戬,墨子"
墨子,空空儿,10,阵营1 胜利,"蒙恬,干将莫邪,蚩奼,刘备,空空儿","姬小满,女娲,戈娅,阿轲,墨子"
墨子,空空儿,11,阵营2 胜利,"关羽,大乔,元流之子(射手),杨戬,空空儿","狂铁,干将莫邪,蚩奼,孙悟空,墨子"
墨子,空空儿,12,阵营1 胜利,"狂铁,武则天,敖隐,镜,墨子","元歌,元流之子(法师),戈娅,云缨,空空儿"
墨子,空空儿,13,阵营2 胜利,"元歌,不知火舞,敖隐,娜可露露,墨子","狂铁,貂蝉,元流之子(射手),孙悟空,空空儿"
墨子,空空儿,14,阵营2 胜利,"司空震,杨玉环,元流之子(射手),赵云,墨子","哪吒,嫦娥,苍,兰陵王,空空儿"
墨子,空空儿,15,阵营1 胜利,"关羽,海月,元流之子(射手),暃,墨子","司空震,西施,后羿,马超,空空儿"
墨子,空空儿,16,阵营1 胜利,"元歌,武则天,狄仁杰,镜,空空儿","影,女娲,司空震,阿古朵,墨子"
墨子,空空儿,17,阵营2 胜利,"影,小乔,元流之子(射手),宫本武藏,墨子","嫦娥,上官婉儿,孙权,裴擒虎,空空儿"
墨子,空空儿,18,阵营1 胜利,"关羽,武则天,苍,大司命,墨子","芈月,女娲,公孙离,裴擒虎,空空儿"
墨子,空空儿,19,阵营2 胜利,"哪吒,武则天,蚩奼,司马懿,墨子","马超,诸葛亮,公孙离,橘右京,空空儿"
墨子,少司缘,1,阵营2 胜利,"元歌,西施,敖隐,阿古朵,墨子","狂铁,干将莫邪,戈娅,阿轲,少司缘"
墨子,少司缘,2,阵营2 胜利,"蚩奼,妲己,元流之子(射手),镜,墨子","杨戬,小乔,孙权,娜可露露,少司缘"
墨子,少司缘,3,阵营1 胜利,"廉颇,小乔,伽罗,暃,少司缘","影,西施,元流之子(射手),典韦,墨子"
墨子,少司缘,4,阵营1 胜利,"猪八戒,女娲,艾琳,马超,少司缘","蒙恬,大乔,元流之子(射手),裴擒虎,墨子"
墨子,少司缘,5,阵营2 胜利,"关羽,嫦娥,后羿,孙悟空,少司缘","蒙恬,大乔,元流之子(射手),司马懿,墨子"
墨子,少司缘,6,阵营1 胜利,"蚩奼,小乔,孙尚香,露娜,少司缘","影,沈梦溪,戈娅,元流之子(刺客),墨子"
墨子,少司缘,7,阵营1 胜利,"钟无艳,小乔,百里守约,阿古朵,墨子","狂铁,女娲,虞姬,杨戬,少司缘"
墨子,少司缘,8,阵营2 胜利,"司空震,女娲,后羿,大司命,墨子","老夫子,海月,蚩奼,镜,少司缘"
墨子,少司缘,9,阵营1 胜利,"司空震,女娲,元流之子(射手),铠,少司缘","元歌,沈梦溪,狄仁杰,暃,墨子"
墨子,少司缘,10,阵营1 胜利,"花木兰,海月,元流之子(射手),澜,墨子","关羽,小乔,公孙离,铠,少司缘"
墨子,少司缘,11,阵营1 胜利,"花木兰,大乔,百里守约,李元芳,墨子","夏侯惇,诸葛亮,狄仁杰,韩信,少司缘"
墨子,少司缘,12,阵营1 胜利,"狂铁,西施,敖隐,娜可露露,墨子","蚩奼,海诺,艾琳,宫本武藏,少司缘"
墨子,少司缘,13,阵营1 胜利,"刘邦,诸葛亮,元流之子(射手),镜,墨子","哪吒,小乔,李信,梦奇,少司缘"
墨子,少司缘,14,阵营2 胜利,"关羽,杨玉环,敖隐,韩信,少司缘","狂铁,甄姬,虞姬,阿古朵,墨子"
墨子,少司缘,15,阵营1 胜利,"元歌,女娲,孙权,裴擒虎,少司缘","哪吒,元流之子(法师),戈娅,铠,墨子"
墨子,少司缘,16,阵营1 胜利,"司空震,杨玉环,虞姬,暃,少司缘","影,嬴政,元流之子(射手),云中君,墨子"
墨子,少司缘,17,阵营2 胜利,"元歌,海月,虞姬,大司命,墨子","夏洛特,上官婉儿,狄仁杰,韩信,少司缘"
墨子,少司缘,18,阵营1 胜利,"达摩,沈梦溪,元流之子(射手),猪八戒,墨子","程咬金,嬴政,艾琳,孙悟空,少司缘"
墨子,少司缘,19,阵营1 胜利,"哪吒,女娲,司空震,赵云,少司缘","芈月,沈梦溪,虞姬,孙悟空,墨子"
墨子,元流之子(坦克),1,阵营2 胜利,"吕布,上官婉儿,蚩奼,元流之子(刺客),墨子","哪吒,诸葛亮,艾琳,赵云,元流之子(坦克)"
墨子,元流之子(坦克),2,阵营1 胜利,"杨戬,海月,元流之子(射手),铠,墨子","蒙恬,周瑜,公孙离,暃,元流之子(坦克)"
墨子,元流之子(坦克),3,阵营2 胜利,"狂铁,海诺,蚩奼,云缨,元流之子(坦克)","芈月,沈梦溪,虞姬,元流之子(刺客),墨子"
墨子,元流之子(坦克),4,阵营2 胜利,"元歌,女娲,后羿,大司命,墨子","影,诸葛亮,公孙离,镜,元流之子(坦克)"
墨子,元流之子(坦克),5,阵营1 胜利,"哪吒,海月,孙权,雅典娜,墨子","关羽,沈梦溪,马可波罗,杨戬,元流之子(坦克)"
墨子,元流之子(坦克),6,阵营2 胜利,"亚瑟,不知火舞,敖隐,诸葛亮,墨子","元歌,海诺,芈月,猪八戒,元流之子(坦克)"
墨子,元流之子(坦克),7,阵营1 胜利,"马超,女娲,马可波罗,露娜,元流之子(坦克)","达摩,貂蝉,元流之子(射手),澜,墨子"
墨子,元流之子(坦克),8,阵营2 胜利,"老夫子,小乔,虞姬,典韦,元流之子(坦克)","关羽,不知火舞,敖隐,马超,墨子"
墨子,元流之子(坦克),9,阵营1 胜利,"关羽,杨玉环,公孙离,裴擒虎,墨子","元歌,女娲,艾琳,马超,元流之子(坦克)"
墨子,元流之子(坦克),10,阵营2 胜利,"影,女娲,蚩奼,裴擒虎,元流之子(坦克)","司空震,海月,狄仁杰,韩信,墨子"
墨子,元流之子(坦克),11,阵营1 胜利,"元歌,嫦娥,戈娅,诸葛亮,元流之子(坦克)","狂铁,海诺,元流之子(射手),赵云,墨子"
墨子,元流之子(坦克),12,阵营2 胜利,"花木兰,女娲,狄仁杰,孙悟空,元流之子(坦克)","苏烈,貂蝉,公孙离,暃,墨子"
墨子,元流之子(坦克),13,阵营2 胜利,"马超,上官婉儿,元流之子(射手),镜,墨子","貂蝉,沈梦溪,后羿,韩信,元流之子(坦克)"
墨子,元流之子(坦克),14,阵营2 胜利,"夏洛特,西施,孙权,孙悟空,墨子","元歌,武则天,蚩奼,云缨,元流之子(坦克)"
墨子,元流之子(坦克),15,阵营2 胜利,"司空震,西施,李信,镜,元流之子(坦克)","老夫子,诸葛亮,元流之子(射手),云缨,墨子"
墨子,元流之子(坦克),16,阵营2 胜利,"影,甄姬,狄仁杰,裴擒虎,元流之子(坦克)","芈月,弈星,苍,韩信,墨子"
墨子,元流之子(坦克),17,阵营1 胜利,"曹操,武则天,元流之子(射手),镜,墨子","海诺,上官婉儿,马可波罗,百里玄策,元流之子(坦克)"
墨子,元流之子(坦克),18,阵营1 胜利,"蚩奼,沈梦溪,公孙离,马超,元流之子(坦克)","曹操,扁鹊,孙权,暃,墨子"
墨子,元流之子(坦克),19,阵营1 胜利,"元歌,海月,公孙离,镜,元流之子(坦克)","曹操,诸葛亮,元流之子(射手),阿古朵,墨子"
墨子,元流之子(辅助),1,阵营2 胜利,"司空震,嫦娥,李信,大司命,墨子","马超,小乔,苍,李白,元流之子(辅助)"
墨子,元流之子(辅助),2,阵营1 胜利,"哪吒,沈梦溪,狄仁杰,阿古朵,元流之子(辅助)","花木兰,貂蝉,公孙离,雅典娜,墨子"
墨子,元流之子(辅助),3,阵营2 胜利,"哪吒,沈梦溪,李信,宫本武藏,墨子","狂铁,诸葛亮,戈娅,裴擒虎,元流之子(辅助)"
墨子,元流之子(辅助),4,阵营2 胜利,"姬小满,女娲,孙权,镜,墨子","影,甄姬,虞姬,裴擒虎,元流之子(辅助)"
墨子,元流之子(辅助),5,阵营1 胜利,"狂铁,海诺,敖隐,镜,墨子","元歌,武则天,鲁班七号,铠,元流之子(辅助)"
墨子,元流之子(辅助),6,阵营1 胜利,"蒙恬,弈星,狄仁杰,云中君,元流之子(辅助)","关羽,不知火舞,戈娅,阿古朵,墨子"
墨子,元流之子(辅助),7,阵营2 胜利,"程咬金,沈梦溪,孙权,李白,墨子","狂铁,嫦娥,艾琳,雅典娜,元流之子(辅助)"
墨子,元流之子(辅助),8,阵营2 胜利,"花木兰,杨玉环,元流之子(射手),铠,墨子","蒙恬,扁鹊,狄仁杰,裴擒虎,元流之子(辅助)"
墨子,元流之子(辅助),9,阵营2 胜利,"老夫子,沈梦溪,戈娅,元流之子(刺客),墨子","梦奇,海月,司空震,镜,元流之子(辅助)"
墨子,元流之子(辅助),10,阵营1 胜利,"关羽,沈梦溪,公孙离,刘备,墨子","老夫子,扁鹊,后羿,云缨,元流之子(辅助)"
墨子,元流之子(辅助),11,阵营2 胜利,"老夫子,甄姬,元流之子(射手),铠,墨子","姬小满,杨玉环,艾琳,司马懿,元流之子(辅助)"
墨子,元流之子(辅助),12,阵营2 胜利,"关羽,嫦娥,李信,马超,墨子","蚩奼,不知火舞,公孙离,裴擒虎,元流之子(辅助)"
墨子,元流之子(辅助),13,阵营1 胜利,"老夫子,高渐离,百里守约,孙悟空,元流之子(辅助)","芈月,大乔,元流之子(射手),大司命,墨子"
墨子,元流之子(辅助),14,阵营2 胜利,"老夫子,沈梦溪,艾琳,哪吒,元流之子(辅助)","司空震,海诺,虞姬,刘备,墨子"
墨子,元流之子(辅助),15,阵营2 胜利,"芈月,大乔,敖隐,曜,元流之子(辅助)","影,女娲,海诺,裴擒虎,墨子"
墨子,元流之子(辅助),16,阵营1 胜利,"元歌,金蝉,元流之子(射手),马超,墨子","白起,王昭君,虞姬,百里玄策,元流之子(辅助)"
墨子,元流之子(辅助),17,阵营2 胜利,"蒙恬,不知火舞,敖隐,橘右京,墨子","曹操,杨玉环,艾琳,裴擒虎,元流之子(辅助)"
墨子,元流之子(辅助),18,阵营2 胜利,"狂铁,不知火舞,元流之子(射手),云缨,墨子","夏洛特,沈梦溪,狄仁杰,赵云,元流之子(辅助)"
墨子,元流之子(辅助),19,阵营1 胜利,"芈月,诸葛亮,艾琳,铠,元流之子(辅助)","白起,公孙离,干将莫邪,李白,墨子"
庄周,刘禅,1,阵营1 胜利,"元歌,女娲,元流之子(射手),暃,庄周","钟无艳,诸葛亮,司空震,李白,刘禅"
庄周,刘禅,2,阵营1 胜利,"蒙恬,嬴政,蚩奼,诸葛亮,庄周","狂铁,高渐离,孙权,铠,刘禅"
庄周,刘禅,3,阵营2 胜利,"亚瑟,弈星,戈娅,马超,刘禅","哪吒,西施,狄仁杰,云缨,庄周"
庄周,刘禅,4,阵营2 胜利,"刘邦,嫦娥,公孙离,孙悟空,刘禅","兰陵王,诸葛亮,孙权,铠,庄周"
庄周,刘禅,5,阵营2 胜利,"马超,沈梦溪,黄忠,李白,庄周","哪吒,貂蝉,公孙离,猪八戒,刘禅"
庄周,刘禅,6,阵营2 胜利,"元歌,女娲,公孙离,百里玄策,刘禅","马超,高渐离,蚩奼,镜,庄周"
庄周,刘禅,7,阵营2 胜利,"孙策,诸葛亮,戈娅,韩信,刘禅","曹操,西施,元流之子(射手),镜,庄周"
庄周,刘禅,8,阵营1 胜利,"兰陵王,甄姬,李信,孙悟空,刘禅","蚩奼,杨玉环,公孙离,马超,庄周"
庄周,刘禅,9,阵营1 胜利,"蚩奼,西施,艾琳,韩信,庄周","孙策,沈梦溪,元流之子(射手),暃,刘禅"
庄周,刘禅,10,阵营1 胜利,"芈月,女娲,敖隐,百里玄策,刘禅","司空震,诸葛亮,元流之子(射手),橘右京,庄周"
庄周,刘禅,11,阵营2 胜利,"孙策,海诺,孙尚香,百里玄策,刘禅","狂铁,周瑜,元流之子(射手),娜可露露,庄周"
庄周,刘禅,12,阵营1 胜利,"司空震,武则天,元流之子(射手),马超,庄周","蚩奼,不知火舞,戈娅,娜可露露,刘禅"
庄周,刘禅,13,阵营2 胜利,"吕布,西施,公孙离,马超,庄周","亚瑟,不知火舞,后羿,暃,刘禅"
庄周,刘禅,14,阵营2 胜利,"白起,高渐离,司空震,宫本武藏,刘禅","影,弈星,虞姬,哪吒,庄周"
庄周,刘禅,15,阵营1 胜利,"司空震,不知火舞,虞姬,阿古朵,刘禅","蚩奼,海诺,李信,宫本武藏,庄周"
庄周,刘禅,16,阵营2 胜利,"关羽,诸葛亮,司空震,钟无艳,刘禅","哪吒,女娲,李信,宫本武藏,庄周"
庄周,刘禅,17,阵营2 胜利,"马超,武则天,蚩奼,赵云,庄周","元歌,嬴政,后羿,百里玄策,刘禅"
庄周,刘禅,18,阵营1 胜利,"元歌,不知火舞,公孙离,宫本武藏,刘禅","姬小满,诸葛亮,元流之子(射手),暃,庄周"
庄周,刘禅,19,阵营1 胜利,"白起,沈梦溪,艾琳,裴擒虎,庄周","司空震,小乔,老夫子,镜,刘禅"
庄周,孙膑,1,阵营1 胜利,"白起,嫦娥,戈娅,阿古朵,孙膑","吕布,杨玉环,元流之子(射手),马超,庄周"
庄周,孙膑,2,阵营1 胜利,"蚩奼,大乔,元流之子(射手),阿古朵,庄周","哪吒,武则天,戈娅,赵云,孙膑"
庄周,孙膑,3,阵营2 胜利,"狂铁,不知火舞,敖隐,橘右京,孙膑","曹操,嬴政,元流之子(射手),赵云,庄周"
庄周,孙膑,4,阵营2 胜利,"狂铁,杨玉环,蚩奼,典韦,孙膑","影,嫦娥,苍,暃,庄周"
庄周,孙膑,5,阵营2 胜利,"马超,小乔,孙尚香,孙悟空,孙膑","达摩,海月,元流之子(射手),李白,庄周"
庄周,孙膑,6,阵营2 胜利,"关羽,太乙真人,元流之子(射手),马超,孙膑","夏洛特,海月,公孙离,曜,庄周"
庄周,孙膑,7,阵营1 胜利,"哪吒,嫦娥,戈娅,马超,孙膑","蒙恬,女娲,孙权,诸葛亮,庄周"
庄周,孙膑,8,阵营2 胜利,"哪吒,周瑜,元流之子(射手),典韦,孙膑","司空震,嫦娥,戈娅,暃,庄周"
庄周,孙膑,9,阵营1 胜利,"哪吒,女娲,孙权,大司命,庄周","曹操,诸葛亮,戈娅,暃,孙膑"
庄周,孙膑,10,阵营1 胜利,"白起,西施,虞姬,赵云,孙膑","蚩奼,海诺,艾琳,影,庄周"
庄周,孙膑,11,阵营2 胜利,"曹操,嫦娥,戈娅,盘古,孙膑","蚩奼,不知火舞,元流之子(射手),李白,庄周"
庄周,孙膑,12,阵营1 胜利,"马超,海月,元流之子(射手),裴擒虎,庄周","元歌,小乔,阿古朵,赵云,孙膑"
庄周,孙膑,13,阵营1 胜利,"哪吒,甄姬,公孙离,韩信,庄周","白起,海月,蚩奼,阿古朵,孙膑"
庄周,孙膑,14,阵营1 胜利,"白起,西施,艾琳,雅典娜,孙膑","元歌,女娲,元流之子(射手),镜,庄周"
庄周,孙膑,15,阵营2 胜利,"哪吒,海月,戈娅,宫本武藏,庄周","狂铁,杨玉环,公孙离,元流之子(刺客),孙膑"
庄周,孙膑,16,阵营2 胜利,"老夫子,不知火舞,蚩奼,铠,庄周","曹操,元流之子(法师),戈娅,镜,孙膑"
庄周,孙膑,17,阵营1 胜利,"白起,甄姬,戈娅,云中君,庄周","狂铁,海月,鲁班七号,宫本武藏,孙膑"
庄周,孙膑,18,阵营2 胜利,"杨戬,妲己,后羿,镜,孙膑","哪吒,沈梦溪,元流之子(射手),李白,庄周"
庄周,孙膑,19,阵营2 胜利,"司空震,甄姬,后羿,赵云,孙膑","影,海诺,戈娅,云中君,庄周"
庄周,项羽,1,阵营2 胜利,"老夫子,女娲,孙权,司马懿,庄周","盘古,不知火舞,狄仁杰,雅典娜,项羽"
庄周,项羽,2,阵营1 胜利,"关羽,不知火舞,元流之子(射手),韩信,项羽","蚩奼,周瑜,公孙离,孙悟空,庄周"
庄周,项羽,3,阵营2 胜利,"哪吒,小乔,孙权,孙悟空,项羽","影,海月,蚩奼,杨戬,庄周"
庄周,项羽,4,阵营2 胜利,"白起,沈梦溪,孙权,暃,庄周","哪吒,姜子牙,鲁班七号,宫本武藏,项羽"
庄周,项羽,5,阵营2 胜利,"哪吒,不知火舞,蚩奼,影,庄周","盘古,武则天,马可波罗,司马懿,项羽"
庄周,项羽,6,阵营1 胜利,"姬小满,杨玉环,公孙离,云缨,项羽","马超,不知火舞,虞姬,孙悟空,庄周"
庄周,项羽,7,阵营1 胜利,"关羽,大乔,蚩奼,典韦,庄周","孙策,弈星,戈娅,韩信,项羽"
庄周,项羽,8,阵营2 胜利,"蚩奼,海月,狄仁杰,铠,庄周","关羽,武则天,元流之子(射手),诸葛亮,项羽"
庄周,项羽,9,阵营2 胜利,"孙悟空,杨玉环,公孙离,马超,庄周","孙策,小乔,虞姬,镜,项羽"
庄周,项羽,10,阵营2 胜利,"廉颇,西施,元流之子(射手),云缨,项羽","老夫子,海月,后羿,裴擒虎,庄周"
庄周,项羽,11,阵营2 胜利,"白起,高渐离,百里守约,韩信,项羽","关羽,嫦娥,李元芳,露娜,庄周"
庄周,项羽,12,阵营1 胜利,"花木兰,西施,蚩奼,镜,项羽","夏洛特,诸葛亮,戈娅,马超,庄周"
庄周,项羽,13,阵营2 胜利,"哪吒,甄姬,百里守约,宫本武藏,项羽","元歌,嫦娥,戈娅,裴擒虎,庄周"
庄周,项羽,14,阵营1 胜利,"橘右京,西施,元流之子(射手),韩信,庄周","白起,沈梦溪,阿古朵,赵云,项羽"
庄周,项羽,15,阵营2 胜利,"猪八戒,甄姬,蒙犽,雅典娜,庄周","狂铁,武则天,戈娅,露娜,项羽"
庄周,项羽,16,阵营2 胜利,"狂铁,海月,蚩奼,马超,项羽","影,嫦娥,鲁班七号,元流之子(刺客),庄周"
庄周,项羽,17,阵营1 胜利,"白起,女娲,戈娅,铠,项羽","夏洛特,嫦娥,元流之子(射手),赵云,庄周"
庄周,项羽,18,阵营2 胜利,"元歌,沈梦溪,公孙离,赵云,庄周","狂铁,干将莫邪,元流之子(射手),镜,项羽"
庄周,项羽,19,阵营1 胜利,"孙策,不知火舞,后羿,铠,项羽","马超,沈梦溪,艾琳,暃,庄周"
庄周,刘邦,1,阵营1 胜利,"曹操,女娲,元流之子(射手),刘备,庄周","夏洛特,不知火舞,蒙犽,橘右京,刘邦"
庄周,刘邦,2,阵营1 胜利,"司空震,安琪拉,后羿,阿轲,庄周","马超,武则天,戈娅,镜,刘邦"
庄周,刘邦,3,阵营1 胜利,"哪吒,沈梦溪,戈娅,澜,刘邦","老夫子,甄姬,蚩奼,宫本武藏,庄周"
庄周,刘邦,4,阵营1 胜利,"孙策,不知火舞,公孙离,宫本武藏,刘邦","元歌,海月,虞姬,马超,庄周"
庄周,刘邦,5,阵营1 胜利,"影,嫦娥,公孙离,宫本武藏,庄周","白起,不知火舞,蚩奼,百里玄策,刘邦"
庄周,刘邦,6,阵营1 胜利,"马超,杨玉环,李信,云缨,庄周","曹操,武则天,蚩奼,百里玄策,刘邦"
庄周,刘邦,7,阵营2 胜利,"马超,不知火舞,后羿,盘古,刘邦","老夫子,沈梦溪,敖隐,孙策,庄周"
庄周,刘邦,8,阵营2 胜利,"影,女娲,敖隐,杨戬,庄周","兰陵王,米莱狄,元流之子(射手),孙悟空,刘邦"
庄周,刘邦,9,阵营2 胜利,"司空震,不知火舞,苍,裴擒虎,刘邦","狂铁,沈梦溪,戈娅,百里玄策,庄周"
庄周,刘邦,10,阵营1 胜利,"司空震,诸葛亮,莱西奥,刘备,庄周","关羽,貂蝉,戈娅,李元芳,刘邦"
庄周,刘邦,11,阵营1 胜利,"夏洛特,不知火舞,后羿,橘右京,刘邦","狂铁,女娲,元流之子(射手),韩信,庄周"
庄周,刘邦,12,阵营2 胜利,"元歌,女娲,孙权,橘右京,庄周","孙悟空,小乔,戈娅,梦奇,刘邦"
庄周,刘邦,13,阵营1 胜利,"狂铁,嫦娥,虞姬,马超,庄周","关羽,不知火舞,蚩奼,暃,刘邦"
庄周,刘邦,14,阵营2 胜利,"哪吒,嫦娥,蚩奼,云缨,庄周","杨戬,金蝉,戈娅,铠,刘邦"
庄周,刘邦,15,阵营1 胜利,"元歌,沈梦溪,元流之子(射手),裴擒虎,庄周","哪吒,小乔,虞姬,镜,刘邦"
庄周,刘邦,16,阵营2 胜利,"司空震,上官婉儿,莱西奥,雅典娜,庄周","影,小乔,戈娅,橘右京,刘邦"
庄周,刘邦,17,阵营1 胜利,"姬小满,金蝉,苍,元流之子(刺客),刘邦","老夫子,杨玉环,蚩奼,裴擒虎,庄周"
庄周,刘邦,18,阵营2 胜利,"孙策,嫦娥,孙权,孙悟空,刘邦","项羽,沈梦溪,苍,暃,庄周"
庄周,刘邦,19,阵营1 胜利,"老夫子,小乔,蚩奼,铠,庄周","花木兰,大乔,元流之子(射手),裴擒虎,刘邦"
庄周,张良,1,阵营1 胜利,"夏洛特,女娲,戈娅,铠,庄周","花木兰,安琪拉,苍,典韦,张良"
庄周,张良,2,阵营1 胜利,"马超,貂蝉,戈娅,镜,庄周","梦奇,女娲,元流之子(射手),阿古朵,张良"
庄周,张良,3,阵营2 胜利,"孙策,武则天,百里守约,马超,张良","亚瑟,诸葛亮,孙权,哪吒,庄周"
庄周,张良,4,阵营1 胜利,"曹操,沈梦溪,鲁班七号,孙悟空,庄周","关羽,小乔,虞姬,裴擒虎,张良"
庄周,张良,5,阵营2 胜利,"姬小满,米莱狄,后羿,露娜,庄周","钟无艳,西施,元流之子(射手),百里玄策,张良"
庄周,张良,6,阵营1 胜利,"狂铁,武则天,孙尚香,百里玄策,张良","关羽,沈梦溪,李信,赵云,庄周"
庄周,张良,7,阵营2 胜利,"司空震,嫦娥,戈娅,阿古朵,庄周","孙策,甄姬,元流之子(射手),马超,张良"
庄周,张良,8,阵营1 胜利,"夏洛特,女娲,蚩奼,韩信,张良","哪吒,武则天,元流之子(射手),裴擒虎,庄周"
庄周,张良,9,阵营2 胜利,"关羽,小乔,敖隐,马超,庄周","蚩奼,上官婉儿,虞姬,阿古朵,张良"
庄周,张良,10,阵营2 胜利,"哪吒,沈梦溪,元流之子(射手),镜,庄周","狂铁,武则天,戈娅,赵云,张良"
庄周,张良,11,阵营1 胜利,"元歌,女娲,公孙离,露娜,庄周","白起,武则天,元流之子(射手),镜,张良"
庄周,张良,12,阵营1 胜利,"元歌,不知火舞,虞姬,赵云,张良","芈月,嫦娥,后羿,镜,庄周"
庄周,张良,13,阵营2 胜利,"白起,沈梦溪,元流之子(射手),马超,张良","曹操,元流之子(法师),狄仁杰,刘备,庄周"
庄周,张良,14,阵营1 胜利,"白起,小乔,元流之子(射手),橘右京,张良","马超,女娲,公孙离,司马懿,庄周"
庄周,张良,15,阵营2 胜利,"狂铁,不知火舞,蚩奼,镜,庄周","关羽,女娲,元流之子(射手),百里玄策,张良"
庄周,张良,16,阵营2 胜利,"哪吒,海月,蚩奼,暃,庄周","影,王昭君,狄仁杰,司马懿,张良"
庄周,张良,17,阵营2 胜利,"哪吒,女娲,李信,裴擒虎,张良","元歌,海月,虞姬,盘古,庄周"
庄周,张良,18,阵营2 胜利,"老夫子,小乔,孙权,露娜,庄周","白起,安琪拉,蚩奼,雅典娜,张良"
庄周,张良,19,阵营1 胜利,"夏洛特,貂蝉,艾琳,阿古朵,庄周","关羽,安琪拉,后羿,铠,张良"
庄周,朵莉亚,1,阵营1 胜利,"影,西施,敖隐,云缨,朵莉亚","狂铁,女娲,李信,阿古朵,庄周"
庄周,朵莉亚,2,阵营2 胜利,"元歌,貂蝉,李信,哪吒,朵莉亚","关羽,西施,元流之子(射手),露娜,庄周"
庄周,朵莉亚,3,阵营2 胜利,"狂铁,沈梦溪,艾琳,百里玄策,朵莉亚","花木兰,不知火舞,孙权,暃,庄周"
庄周,朵莉亚,4,阵营1 胜利,"老夫子,海月,元流之子(射手),韩信,庄周","白起,海诺,蚩奼,云缨,朵莉亚"
庄周,朵莉亚,5,阵营1 胜利,"猪八戒,大乔,马可波罗,典韦,朵莉亚","马超,武则天,鲁班七号,露娜,庄周"
庄周,朵莉亚,6,阵营2 胜利,"影,杨玉环,元流之子(射手),赵云,庄周","蒙恬,武则天,后羿,暃,朵莉亚"
庄周,朵莉亚,7,阵营1 胜利,"亚瑟,嫦娥,戈娅,铠,庄周","吕布,上官婉儿,元流之子(射手),云中君,朵莉亚"
庄周,朵莉亚,8,阵营2 胜利,"元歌,小乔,李信,马超,庄周","梦奇,武则天,戈娅,裴擒虎,朵莉亚"
庄周,朵莉亚,9,阵营1 胜利,"白起,高渐离,敖隐,雅典娜,朵莉亚","司空震,海诺,元流之子(射手),赵云,庄周"
庄周,朵莉亚,10,阵营1 胜利,"司空震,王昭君,虞姬,镜,朵莉亚","老夫子,大乔,元流之子(射手),宫本武藏,庄周"
庄周,朵莉亚,11,阵营2 胜利,"狂铁,西施,元流之子(射手),司马懿,朵莉亚","元歌,弈星,后羿,裴擒虎,庄周"
庄周,朵莉亚,12,阵营2 胜利,"影,安琪拉,蚩奼,云缨,朵莉亚","元歌,女娲,孙权,露娜,庄周"
庄周,朵莉亚,13,阵营1 胜利,"白起,上官婉儿,孙权,云中君,朵莉亚","司空震,海诺,蚩奼,裴擒虎,庄周"
庄周,朵莉亚,14,阵营1 胜利,"元歌,女娲,狄仁杰,镜,朵莉亚","亚瑟,不知火舞,孙权,刘备,庄周"
庄周,朵莉亚,15,阵营2 胜利,"哪吒,沈梦溪,敖隐,韩信,庄周","老夫子,白起,虞姬,阿古朵,朵莉亚"
庄周,朵莉亚,16,阵营2 胜利,"老夫子,上官婉儿,敖隐,马超,朵莉亚","哪吒,小乔,元流之子(射手),铠,庄周"
庄周,朵莉亚,17,阵营1 胜利,"哪吒,海月,孙尚香,娜可露露,朵莉亚","影,元流之子(法师),后羿,赵云,庄周"
庄周,朵莉亚,18,阵营1 胜利,"影,甄姬,公孙离,阿轲,朵莉亚","马超,武则天,孙权,裴擒虎,庄周"
庄周,朵莉亚,19,阵营1 胜利,"孙策,海诺,后羿,雅典娜,朵莉亚","司空震,貂蝉,元流之子(射手),孙悟空,庄周"
庄周,牛魔,1,阵营1 胜利,"元歌,女娲,元流之子(射手),暃,牛魔","关羽,海月,李信,宫本武藏,庄周"
庄周,牛魔,2,阵营1 胜利,"元歌,沈梦溪,元流之子(射手),裴擒虎,庄周","曹操,嫦娥,后羿,李元芳,牛魔"
庄周,牛魔,3,阵营2 胜利,"影,米莱狄,蚩奼,盘古,庄周","夏洛特,甄姬,莱西奥,诸葛亮,牛魔"
庄周,牛魔,4,阵营1 胜利,"关羽,沈梦溪,鲁班七号,宫本武藏,庄周","狂铁,不知火舞,公孙离,刘备,牛魔"
庄周,牛魔,5,阵营1 胜利,"花木兰,不知火舞,元流之子(射手),典韦,牛魔","廉颇,女娲,公孙离,百里玄策,庄周"
庄周,牛魔,6,阵营2 胜利,"关羽,不知火舞,戈娅,典韦,庄周","元歌,海月,虞姬,雅典娜,牛魔"
庄周,牛魔,7,阵营1 胜利,"影,不知火舞,公孙离,孙悟空,牛魔","元歌,高渐离,元流之子(射手),裴擒虎,庄周"
庄周,牛魔,8,阵营1 胜利,"老夫子,王昭君,孙尚香,暃,牛魔","司空震,武则天,蚩奼,赵云,庄周"
庄周,牛魔,9,阵营1 胜利,"猪八戒,甄姬,虞姬,孙悟空,牛魔","狂铁,小乔,伽罗,曜,庄周"
庄周,牛魔,10,阵营2 胜利,"杨戬,不知火舞,元流之子(射手),典韦,牛魔","狂铁,沈梦溪,艾琳,雅典娜,庄周"
庄周,牛魔,11,阵营1 胜利,"老夫子,女娲,元流之子(射手),韩信,庄周","关羽,诸葛亮,蚩奼,孙悟空,牛魔"
庄周,牛魔,12,阵营1 胜利,"蚩奼,甄姬,公孙离,赵云,庄周","哪吒,女娲,孙权,李元芳,牛魔"
庄周,牛魔,13,阵营2 胜利,"元歌,大乔,元流之子(射手),铠,庄周","杨戬,小乔,蚩奼,盘古,牛魔"
庄周,牛魔,14,阵营1 胜利,"马超,妲己,元流之子(射手),刘备,牛魔","司空震,女娲,戈娅,镜,庄周"
庄周,牛魔,15,阵营1 胜利,"哪吒,沈梦溪,狄仁杰,云缨,庄周","孙策,小乔,戈娅,橘右京,牛魔"
庄周,牛魔,16,阵营2 胜利,"孙策,高渐离,戈娅,马超,牛魔","蒙恬,女娲,元流之子(射手),裴擒虎,庄周"
庄周,牛魔,17,阵营1 胜利,"马超,诸葛亮,戈娅,橘右京,庄周","关羽,周瑜,后羿,裴擒虎,牛魔"
庄周,牛魔,18,阵营1 胜利,"达摩,诸葛亮,敖隐,元流之子(刺客),牛魔","哪吒,海诺,百里守约,韩信,庄周"
庄周,牛魔,19,阵营1 胜利,"哪吒,嫦娥,百里守约,露娜,牛魔","老夫子,女娲,元流之子(射手),孙悟空,庄周"
庄周,张飞,1,阵营2 胜利,"白起,女娲,孙权,镜,张飞","影,沈梦溪,公孙离,雅典娜,庄周"
庄周,张飞,2,阵营1 胜利,"芈月,沈梦溪,蚩奼,梦奇,庄周","司空震,甄姬,元流之子(射手),李白,张飞"
庄周,张飞,3,阵营2 胜利,"影,干将莫邪,戈娅,盘古,庄周","关羽,杨玉环,元流之子(射手),司马懿,张飞"
庄周,张飞,4,阵营1 胜利,"孙策,貂蝉,元流之子(射手),阿古朵,张飞","司空震,小乔,后羿,李白,庄周"
庄周,张飞,5,阵营2 胜利,"姬小满,海诺,孙权,马超,张飞","影,干将莫邪,元流之子(射手),橘右京,庄周"
庄周,张飞,6,阵营2 胜利,"老夫子,诸葛亮,元流之子(射手),橘右京,庄周","影,上官婉儿,蚩奼,宫本武藏,张飞"
庄周,张飞,7,阵营1 胜利,"关羽,女娲,苍,镜,庄周","元歌,米莱狄,戈娅,马超,张飞"
庄周,张飞,8,阵营2 胜利,"花木兰,嫦娥,公孙离,盘古,张飞","杨戬,杨玉环,苍,镜,庄周"
庄周,张飞,9,阵营2 胜利,"孙策,不知火舞,孙权,孙悟空,张飞","曹操,沈梦溪,公孙离,赵云,庄周"
庄周,张飞,10,阵营1 胜利,"司空震,高渐离,敖隐,云缨,张飞","影,不知火舞,元流之子(射手),大司命,庄周"
庄周,张飞,11,阵营1 胜利,"关羽,小乔,元流之子(射手),镜,庄周","孙策,大乔,狄仁杰,阿古朵,张飞"
庄周,张飞,12,阵营2 胜利,"狂铁,海诺,元流之子(射手),百里玄策,张飞","芈月,武则天,公孙离,阿轲,庄周"
庄周,张飞,13,阵营1 胜利,"哪吒,西施,阿古朵,宫本武藏,张飞","狂铁,嫦娥,戈娅,百里玄策,庄周"
庄周,张飞,14,阵营1 胜利,"蚩奼,小乔,孙尚香,韩信,张飞","哪吒,沈梦溪,司空震,马超,庄周"
庄周,张飞,15,阵营2 胜利,"夏洛特,杨玉环,敖隐,裴擒虎,庄周","影,嫦娥,元流之子(射手),诸葛亮,张飞"
庄周,张飞,16,阵营1 胜利,"杨戬,武则天,孙权,司马懿,张飞","花木兰,嫦娥,元流之子(射手),百里玄策,庄周"
庄周,张飞,17,阵营2 胜利,"关羽,貂蝉,苍,曜,庄周","杨戬,甄姬,公孙离,百里玄策,张飞"
庄周,张飞,18,阵营2 胜利,"蒙恬,女娲,戈娅,裴擒虎,庄周","孙策,不知火舞,元流之子(射手),镜,张飞"
庄周,张飞,19,阵营2 胜利,"达摩,不知火舞,元流之子(射手),裴擒虎,庄周","海诺,嫦娥,苍,典韦,张飞"
庄周,钟馗,1,阵营1 胜利,"老夫子,貂蝉,虞姬,哪吒,钟馗","马超,弈星,公孙离,露娜,庄周"
庄周,钟馗,2,阵营1 胜利,"芈月,沈梦溪,孙权,镜,庄周","姬小满,诸葛亮,苍,梦奇,钟馗"
庄周,钟馗,3,阵营2 胜利,"老夫子,女娲,后羿,司马懿,钟馗","蒙恬,元流之子(法师),戈娅,诸葛亮,庄周"
庄周,钟馗,4,阵营2 胜利,"花木兰,小乔,敖隐,暃,钟馗","司空震,沈梦溪,元流之子(射手),铠,庄周"
庄周,钟馗,5,阵营1 胜利,"花木兰,上官婉儿,蚩奼,裴擒虎,庄周","夏洛特,海诺,戈娅,橘右京,钟馗"
庄周,钟馗,6,阵营2 胜利,"花木兰,诸葛亮,公孙离,韩信,庄周","关羽,嫦娥,百里守约,哪吒,钟馗"
庄周,钟馗,7,阵营2 胜利,"马超,女娲,敖隐,暃,庄周","花木兰,大乔,后羿,娜可露露,钟馗"
庄周,钟馗,8,阵营1 胜利,"影,西施,蒙犽,宫本武藏,庄周","关羽,武则天,扁鹊,韩信,钟馗"
庄周,钟馗,9,阵营2 胜利,"狂铁,不知火舞,公孙离,李元芳,钟馗","花木兰,甄姬,元流之子(射手),赵云,庄周"
庄周,钟馗,10,阵营1 胜利,"姬小满,诸葛亮,戈娅,阿轲,庄周","影,武则天,李信,元流之子(刺客),钟馗"
庄周,钟馗,11,阵营1 胜利,"大司命,妲己,阿古朵,暃,庄周","哪吒,武则天,后羿,镜,钟馗"
庄周,钟馗,12,阵营1 胜利,"关羽,嫦娥,蚩奼,暃,钟馗","猪八戒,海月,公孙离,韩信,庄周"
庄周,钟馗,13,阵营1 胜利,"关羽,沈梦溪,后羿,暃,钟馗","蚩奼,海月,元流之子(射手),孙悟空,庄周"
庄周,钟馗,14,阵营2 胜利,"蒙恬,安琪拉,敖隐,裴擒虎,庄周","曹操,大乔,百里守约,镜,钟馗"
庄周,钟馗,15,阵营1 胜利,"盘古,妲己,虞姬,韩信,钟馗","杨戬,海诺,敖隐,铠,庄周"
庄周,钟馗,16,阵营2 胜利,"曹操,女娲,敖隐,阿古朵,庄周","狂铁,甄姬,元流之子(射手),曜,钟馗"
庄周,钟馗,17,阵营1 胜利,"曹操,西施,元流之子(射手),韩信,钟馗","狂铁,高渐离,鲁班七号,暃,庄周"
庄周,钟馗,18,阵营2 胜利,"梦奇,女娲,蚩奼,曜,庄周","吕布,小乔,元流之子(射手),大司命,钟馗"
庄周,钟馗,19,阵营1 胜利,"关羽,海诺,敖隐,诸葛亮,庄周","花木兰,大乔,后羿,娜可露露,钟馗"
庄周,杨玉环,1,阵营2 胜利,"曹操,元流之子(法师),敖隐,娜可露露,庄周","哪吒,沈梦溪,虞姬,暃,杨玉环"
庄周,杨玉环,2,阵营2 胜利,"白起,甄姬,蚩奼,元流之子(刺客),杨玉环","司空震,高渐离,元流之子(射手),猪八戒,庄周"
庄周,杨玉环,3,阵营2 胜利,"孙策,海月,公孙离,孙悟空,杨玉环","钟无艳,海诺,百里守约,司马懿,庄周"
庄周,杨玉环,4,阵营2 胜利,"影,甄姬,公孙离,孙悟空,庄周","亚连,女娲,元流之子(射手),曜,杨玉环"
庄周,杨玉环,5,阵营2 胜利,"程咬金,西施,孙权,典韦,庄周","项羽,高渐离,后羿,马超,杨玉环"
庄周,杨玉环,6,阵营2 胜利,"孙策,大乔,戈娅,镜,杨玉环","花木兰,沈梦溪,艾琳,裴擒虎,庄周"
庄周,杨玉环,7,阵营1 胜利,"姬小满,不知火舞,苍,马超,庄周","曹操,海月,元流之子(射手),盘古,杨玉环"
庄周,杨玉环,8,阵营1 胜利,"夏洛特,嫦娥,元流之子(射手),铠,庄周","盘古,甄姬,戈娅,裴擒虎,杨玉环"
庄周,杨玉环,9,阵营2 胜利,"花木兰,沈梦溪,虞姬,元流之子(刺客),庄周","司空震,女娲,蚩奼,娜可露露,杨玉环"
庄周,杨玉环,10,阵营1 胜利,"影,海月,苍,孙悟空,庄周","项羽,武则天,戈娅,暃,杨玉环"
庄周,杨玉环,11,阵营2 胜利,"项羽,西施,敖隐,镜,杨玉环","关羽,貂蝉,公孙离,韩信,庄周"
庄周,杨玉环,12,阵营2 胜利,"白起,不知火舞,元流之子(射手),暃,杨玉环","夏洛特,大乔,戈娅,百里玄策,庄周"
庄周,杨玉环,13,阵营1 胜利,"哪吒,甄姬,李元芳,裴擒虎,杨玉环","刘邦,海月,百里守约,云缨,庄周"
庄周,杨玉环,14,阵营2 胜利,"老夫子,沈梦溪,戈娅,兰陵王,庄周","夏洛特,不知火舞,蚩奼,阿轲,杨玉环"
庄周,杨玉环,15,阵营1 胜利,"夏洛特,姜子牙,元流之子(射手),露娜,庄周","海诺,西施,孙权,阿古朵,杨玉环"
庄周,杨玉环,16,阵营2 胜利,"赵怀真,武则天,元流之子(射手),暃,杨玉环","蚩奼,甄姬,虞姬,镜,庄周"
庄周,杨玉环,17,阵营2 胜利,"夏洛特,不知火舞,鲁班七号,阿古朵,庄周","狂铁,武则天,苍,韩信,杨玉环"
庄周,杨玉环,18,阵营2 胜利,"蚩奼,沈梦溪,鲁班七号,宫本武藏,杨玉环","曹操,嬴政,戈娅,典韦,庄周"
庄周,杨玉环,19,阵营2 胜利,"夏侯惇,沈梦溪,戈娅,赵云,杨玉环","蚩奼,大乔,元流之子(射手),赵怀真,庄周"
庄周,蔡文姬,1,阵营1 胜利,"司空震,沈梦溪,元流之子(射手),暃,蔡文姬","马超,王昭君,戈娅,宫本武藏,庄周"
庄周,蔡文姬,2,阵营2 胜利,"关羽,弈星,元流之子(射手),赵云,蔡文姬","梦奇,小乔,公孙离,暃,庄周"
庄周,蔡文姬,3,阵营1 胜利,"哪吒,弈星,公孙离,曜,庄周","蚩奼,武则天,李信,宫本武藏,蔡文姬"
庄周,蔡文姬,4,阵营1 胜利,"影,安琪拉,敖隐,孙悟空,蔡文姬","杨戬,姜子牙,元流之子(射手),铠,庄周"
庄周,蔡文姬,5,阵营1 胜利,"蚩奼,甄姬,黄忠,大司命,蔡文姬","曹操,诸葛亮,孙权,百里玄策,庄周"
庄周,蔡文姬,6,阵营1 胜利,"夏洛特,沈梦溪,蚩奼,马超,庄周","元歌,甄姬,元流之子(射手),裴擒虎,蔡文姬"
庄周,蔡文姬,7,阵营1 胜利,"孙策,杨玉环,元流之子(射手),赵云,蔡文姬","钟无艳,西施,孙权,诸葛亮,庄周"
庄周,蔡文姬,8,阵营2 胜利,"吕布,小乔,敖隐,云缨,蔡文姬","老夫子,嫦娥,元流之子(射手),裴擒虎,庄周"
庄周,蔡文姬,9,阵营2 胜利,"狂铁,妲己,敖隐,裴擒虎,蔡文姬","影,西施,马可波罗,雅典娜,庄周"
庄周,蔡文姬,10,阵营2 胜利,"影,诸葛亮,元流之子(射手),司马懿,庄周","哪吒,武则天,公孙离,孙悟空,蔡文姬"
庄周,蔡文姬,11,阵营1 胜利,"蒙恬,海月,戈娅,雅典娜,蔡文姬","狂铁,杨玉环,元流之子(射手),司马懿,庄周"
庄周,蔡文姬,12,阵营2 胜利,"花木兰,沈梦溪,孙权,铠,蔡文姬","司空震,嫦娥,戈娅,裴擒虎,庄周"
庄周,蔡文姬,13,阵营2 胜利,"杨戬,王昭君,戈娅,露娜,庄周","哪吒,不知火舞,元流之子(射手),宫本武藏,蔡文姬"
庄周,蔡文姬,14,阵营2 胜利,"钟无艳,弈星,戈娅,司马懿,庄周","元歌,高渐离,元流之子(射手),李元芳,蔡文姬"
庄周,蔡文姬,15,阵营1 胜利,"哪吒,元流之子(法师),孙权,镜,庄周","刘邦,嫦娥,百里守约,云缨,蔡文姬"
庄周,蔡文姬,16,阵营2 胜利,"关羽,沈梦溪,蚩奼,云中君,庄周","司空震,海月,艾琳,元流之子(刺客),蔡文姬"
庄周,太乙真人,1,阵营1 胜利,"刘邦,海月,孙权,暃,太乙真人","白起,女娲,元流之子(射手),镜,庄周"
庄周,太乙真人,2,阵营1 胜利,"关羽,甄姬,元流之子(射手),铠,太乙真人","司空震,不知火舞,后羿,赵云,庄周"
庄周,太乙真人,3,阵营1 胜利,"花木兰,沈梦溪,孙尚香,李白,太乙真人","关羽,武则天,李信,裴擒虎,庄周"
庄周,太乙真人,4,阵营1 胜利,"白起,沈梦溪,后羿,阿古朵,太乙真人","元歌,嫦娥,戈娅,铠,庄周"
庄周,太乙真人,5,阵营2 胜利,"夏洛特,武则天,后羿,云缨,太乙真人","司空震,妲己,元流之子(射手),暃,庄周"
庄周,太乙真人,6,阵营2 胜利,"元歌,海诺,元流之子(射手),韩信,庄周","曹操,大乔,虞姬,梦奇,太乙真人"
庄周,太乙真人,7,阵营1 胜利,"关羽,沈梦溪,虞姬,马超,庄周","元流之子(坦克),女娲,敖隐,裴擒虎,太乙真人"
庄周,太乙真人,8,阵营1 胜利,"关羽,嫦娥,后羿,裴擒虎,庄周","孙策,不知火舞,戈娅,暃,太乙真人"
庄周,太乙真人,9,阵营2 胜利,"狂铁,弈星,元流之子(射手),韩信,太乙真人","老夫子,安琪拉,公孙离,哪吒,庄周"
庄周,太乙真人,10,阵营2 胜利,"哪吒,女娲,狄仁杰,阿轲,庄周","姬小满,海月,鲁班七号,镜,太乙真人"
庄周,太乙真人,11,阵营2 胜利,"蚩奼,沈梦溪,公孙离,韩信,太乙真人","花木兰,嫦娥,后羿,杨戬,庄周"
庄周,太乙真人,12,阵营1 胜利,"影,周瑜,公孙离,雅典娜,庄周","孙策,大乔,戈娅,韩信,太乙真人"
庄周,太乙真人,13,阵营1 胜利,"关羽,貂蝉,戈娅,李白,太乙真人","姬小满,海月,元流之子(射手),大司命,庄周"
庄周,太乙真人,14,阵营1 胜利,"花木兰,大乔,艾琳,元流之子(坦克),太乙真人","姬小满,海诺,孙尚香,盘古,庄周"
庄周,太乙真人,15,阵营1 胜利,"蚩奼,扁鹊,戈娅,百里玄策,太乙真人","蒙恬,嫦娥,元流之子(射手),宫本武藏,庄周"
庄周,太乙真人,16,阵营1 胜利,"哪吒,嫦娥,元流之子(射手),阿古朵,庄周","影,沈梦溪,虞姬,橘右京,太乙真人"
庄周,太乙真人,17,阵营1 胜利,"杨戬,嫦娥,李元芳,司马懿,太乙真人","曹操,上官婉儿,戈娅,元流之子(刺客),庄周"
庄周,太乙真人,18,阵营2 胜利,"蒙恬,嫦娥,元流之子(射手),澜,庄周","孙策,高渐离,戈娅,裴擒虎,太乙真人"
庄周,太乙真人,19,阵营2 胜利,"老夫子,不知火舞,元流之子(射手),阿轲,庄周","马超,甄姬,孙权,孙悟空,太乙真人"
庄周,东皇太一,1,阵营1 胜利,"蚩奼,高渐离,孙权,百里玄策,庄周","关羽,弈星,戈娅,典韦,东皇太一"
庄周,东皇太一,2,阵营1 胜利,"哪吒,女娲,蚩奼,铠,东皇太一","花木兰,沈梦溪,孙权,镜,庄周"
庄周,东皇太一,3,阵营1 胜利,"影,女娲,敖隐,橘右京,庄周","关羽,嫦娥,虞姬,百里玄策,东皇太一"
庄周,东皇太一,4,阵营2 胜利,"老夫子,甄姬,虞姬,赵云,东皇太一","蒙恬,沈梦溪,戈娅,暃,庄周"
庄周,东皇太一,5,阵营1 胜利,"亚连,西施,戈娅,哪吒,庄周","老夫子,大乔,蚩奼,韩信,东皇太一"
庄周,东皇太一,6,阵营1 胜利,"老夫子,甄姬,元流之子(射手),典韦,东皇太一","花木兰,嫦娥,艾琳,赵云,庄周"
庄周,东皇太一,7,阵营1 胜利,"关羽,西施,元流之子(射手),裴擒虎,庄周","白起,女娲,戈娅,镜,东皇太一"
庄周,东皇太一,8,阵营2 胜利,"影,诸葛亮,蚩奼,橘右京,庄周","老夫子,杨玉环,公孙离,曜,东皇太一"
庄周,东皇太一,9,阵营1 胜利,"司空震,高渐离,戈娅,镜,东皇太一","元流之子(坦克),小乔,孙权,盘古,庄周"
庄周,东皇太一,10,阵营2 胜利,"关羽,不知火舞,艾琳,赵云,东皇太一","蚩奼,貂蝉,元流之子(射手),李白,庄周"
庄周,东皇太一,11,阵营1 胜利,"元歌,大乔,元流之子(射手),典韦,庄周","白起,上官婉儿,戈娅,暃,东皇太一"
庄周,东皇太一,12,阵营2 胜利,"影,女娲,蚩奼,裴擒虎,庄周","司空震,西施,李信,暃,东皇太一"
庄周,东皇太一,13,阵营2 胜利,"项羽,不知火舞,敖隐,孙悟空,庄周","老夫子,沈梦溪,孙尚香,元流之子(刺客),东皇太一"
庄周,东皇太一,14,阵营1 胜利,"狂铁,女娲,敖隐,镜,东皇太一","元歌,周瑜,苍,云中君,庄周"
庄周,东皇太一,15,阵营2 胜利,"芈月,嫦娥,戈娅,铠,庄周","元歌,沈梦溪,元流之子(射手),云缨,东皇太一"
庄周,东皇太一,16,阵营1 胜利,"关羽,嫦娥,敖隐,镜,东皇太一","狂铁,墨子,公孙离,李白,庄周"
庄周,东皇太一,17,阵营1 胜利,"花木兰,甄姬,艾琳,马超,庄周","司空震,墨子,蚩奼,诸葛亮,东皇太一"
庄周,东皇太一,18,阵营2 胜利,"元歌,周瑜,公孙离,镜,东皇太一","蚩奼,弈星,戈娅,阿轲,庄周"
庄周,大禹,1,阵营1 胜利,"老夫子,杨玉环,戈娅,马超,大禹","哪吒,嫦娥,孙权,镜,庄周"
庄周,大禹,2,阵营2 胜利,"芈月,杨玉环,蚩奼,韩信,大禹","影,海月,虞姬,杨戬,庄周"
庄周,大禹,3,阵营1 胜利,"马超,沈梦溪,莱西奥,赵云,大禹","哪吒,嫦娥,后羿,露娜,庄周"
庄周,大禹,4,阵营2 胜利,"夏洛特,沈梦溪,公孙离,镜,庄周","关羽,嫦娥,莱西奥,兰陵王,大禹"
庄周,大禹,5,阵营2 胜利,"花木兰,西施,公孙离,典韦,大禹","元歌,甄姬,苍,马超,庄周"
庄周,大禹,6,阵营2 胜利,"曹操,沈梦溪,蚩奼,哪吒,庄周","元歌,嫦娥,虞姬,大司命,大禹"
庄周,大禹,7,阵营2 胜利,"关羽,女娲,戈娅,镜,大禹","马超,甄姬,孙权,孙悟空,庄周"
庄周,大禹,8,阵营1 胜利,"元歌,沈梦溪,蚩奼,暃,大禹","哪吒,嫦娥,苍,孙悟空,庄周"
庄周,大禹,9,阵营1 胜利,"元歌,嫦娥,后羿,百里玄策,大禹","影,小乔,戈娅,裴擒虎,庄周"
庄周,大禹,10,阵营1 胜利,"影,甄姬,蚩奼,暃,大禹","哪吒,扁鹊,元流之子(射手),兰陵王,庄周"
庄周,大禹,11,阵营2 胜利,"关羽,小乔,元流之子(射手),哪吒,大禹","司空震,周瑜,公孙离,大司命,庄周"
庄周,大禹,12,阵营1 胜利,"哪吒,甄姬,蚩奼,韩信,大禹","白起,周瑜,元流之子(射手),典韦,庄周"
庄周,大禹,13,阵营1 胜利,"关羽,西施,元流之子(射手),孙悟空,大禹","老夫子,公孙离,嫦娥,镜,庄周"
庄周,大禹,14,阵营1 胜利,"影,杨玉环,苍,司马懿,大禹","曹操,小乔,元流之子(射手),宫本武藏,庄周"
庄周,大禹,15,阵营1 胜利,"老夫子,沈梦溪,蚩奼,暃,庄周","哪吒,海诺,戈娅,典韦,大禹"
庄周,大禹,16,阵营1 胜利,"马超,武则天,戈娅,典韦,大禹","亚瑟,不知火舞,艾琳,暃,庄周"
庄周,大禹,17,阵营1 胜利,"夏洛特,沈梦溪,敖隐,李元芳,大禹","司空震,安琪拉,后羿,赵云,庄周"
庄周,大禹,18,阵营2 胜利,"曹操,海月,李信,云中君,大禹","哪吒,女娲,蚩奼,影,庄周"
庄周,大禹,19,阵营1 胜利,"司空震,甄姬,百里守约,曹操,大禹","狂铁,诸葛亮,蚩奼,暃,庄周"
庄周,鬼谷子,1,阵营2 胜利,"狂铁,武则天,公孙离,韩信,鬼谷子","老夫子,西施,元流之子(射手),哪吒,庄周"
庄周,鬼谷子,2,阵营1 胜利,"关羽,大乔,戈娅,裴擒虎,鬼谷子","蒙恬,嫦娥,苍,橘右京,庄周"
庄周,鬼谷子,3,阵营2 胜利,"杨戬,王昭君,蚩奼,镜,鬼谷子","马超,甄姬,公孙离,暃,庄周"
庄周,鬼谷子,4,阵营2 胜利,"蚩奼,安琪拉,孙权,露娜,庄周","孙策,海诺,马可波罗,澜,鬼谷子"
庄周,鬼谷子,5,阵营2 胜利,"关羽,上官婉儿,虞姬,宫本武藏,鬼谷子","蚩奼,女娲,元流之子(射手),阿古朵,庄周"
庄周,鬼谷子,6,阵营1 胜利,"猪八戒,诸葛亮,百里守约,曹操,鬼谷子","嫦娥,小乔,元流之子(射手),孙悟空,庄周"
庄周,鬼谷子,7,阵营2 胜利,"猪八戒,高渐离,戈娅,韩信,鬼谷子","影,大乔,苍,孙悟空,庄周"
庄周,鬼谷子,8,阵营2 胜利,"夏洛特,诸葛亮,元流之子(射手),韩信,庄周","司空震,不知火舞,艾琳,哪吒,鬼谷子"
庄周,鬼谷子,9,阵营1 胜利,"蒙恬,小乔,鲁班七号,裴擒虎,鬼谷子","蚩奼,沈梦溪,李信,元流之子(刺客),庄周"
庄周,鬼谷子,10,阵营1 胜利,"刘邦,沈梦溪,元流之子(射手),马超,鬼谷子","曹操,不知火舞,戈娅,镜,庄周"
庄周,鬼谷子,11,阵营1 胜利,"杨戬,沈梦溪,戈娅,百里玄策,鬼谷子","夏洛特,武则天,元流之子(射手),诸葛亮,庄周"
庄周,鬼谷子,12,阵营1 胜利,"马超,元流之子(法师),狄仁杰,宫本武藏,鬼谷子","曹操,小乔,戈娅,裴擒虎,庄周"
庄周,鬼谷子,13,阵营2 胜利,"曹操,海诺,苍,云缨,鬼谷子","老夫子,沈梦溪,元流之子(射手),大司命,庄周"
庄周,鬼谷子,14,阵营1 胜利,"花木兰,嫦娥,蚩奼,司马懿,鬼谷子","老夫子,沈梦溪,蒙犽,裴擒虎,庄周"
庄周,鬼谷子,15,阵营1 胜利,"芈月,沈梦溪,敖隐,司马懿,鬼谷子","关羽,女娲,公孙离,孙悟空,庄周"
庄周,鬼谷子,16,阵营1 胜利,"司空震,杨玉环,孙权,司马懿,庄周","蒙恬,嫦娥,蚩奼,镜,鬼谷子"
庄周,鬼谷子,17,阵营2 胜利,"貂蝉,小乔,后羿,铠,鬼谷子","老夫子,弈星,元流之子(射手),马超,庄周"
庄周,鬼谷子,18,阵营1 胜利,"元歌,王昭君,孙权,赵云,鬼谷子","哪吒,海月,戈娅,裴擒虎,庄周"
庄周,鬼谷子,19,阵营1 胜利,"亚瑟,貂蝉,狄仁杰,马超,庄周","孙策,上官婉儿,蚩奼,露娜,鬼谷子"
庄周,大乔,1,阵营2 胜利,"元歌,沈梦溪,戈娅,澜,庄周","关羽,武则天,元流之子(射手),韩信,大乔"
庄周,大乔,2,阵营2 胜利,"关羽,小乔,后羿,元流之子(刺客),大乔","曹操,女娲,元流之子(射手),赵云,庄周"
庄周,大乔,3,阵营2 胜利,"姬小满,杨玉环,艾琳,镜,庄周","达摩,不知火舞,苍,百里玄策,大乔"
庄周,大乔,4,阵营1 胜利,"芈月,西施,戈娅,暃,大乔","关羽,不知火舞,孙权,宫本武藏,庄周"
庄周,大乔,5,阵营2 胜利,"司空震,甄姬,戈娅,阿古朵,庄周","铠,海月,伽罗,娜可露露,大乔"
庄周,大乔,6,阵营2 胜利,"白起,王昭君,百里守约,裴擒虎,大乔","哪吒,嫦娥,公孙离,曜,庄周"
庄周,大乔,7,阵营2 胜利,"关羽,嫦娥,戈娅,赵云,庄周","老夫子,元流之子(法师),孙尚香,李白,大乔"
庄周,大乔,8,阵营2 胜利,"哪吒,杨玉环,孙权,宫本武藏,庄周","孙策,貂蝉,白起,马超,大乔"
庄周,大乔,9,阵营1 胜利,"元歌,嫦娥,敖隐,李元芳,庄周","白起,弈星,孙尚香,李白,大乔"
庄周,大乔,10,阵营2 胜利,"梦奇,杨玉环,敖隐,韩信,庄周","司空震,沈梦溪,元流之子(射手),镜,大乔"
庄周,大乔,11,阵营1 胜利,"狂铁,嫦娥,虞姬,露娜,庄周","老夫子,弈星,戈娅,杨戬,大乔"
庄周,大乔,12,阵营2 胜利,"哪吒,武则天,蚩奼,铠,庄周","夏洛特,杨玉环,李信,曜,大乔"
庄周,大乔,13,阵营1 胜利,"老夫子,沈梦溪,元流之子(射手),镜,庄周","司空震,不知火舞,孙权,百里玄策,大乔"
庄周,大乔,14,阵营2 胜利,"关羽,西施,戈娅,露娜,大乔","蚩奼,上官婉儿,元流之子(射手),裴擒虎,庄周"
庄周,大乔,15,阵营2 胜利,"哪吒,海月,元流之子(射手),司马懿,庄周","影,貂蝉,百里守约,刘备,大乔"
庄周,大乔,16,阵营1 胜利,"影,嫦娥,李元芳,宫本武藏,大乔","元歌,小乔,百里守约,暃,庄周"
庄周,大乔,17,阵营1 胜利,"元歌,甄姬,敖隐,百里玄策,庄周","花木兰,女娲,苍,云缨,大乔"
庄周,大乔,18,阵营2 胜利,"影,女娲,公孙离,露娜,大乔","司空震,小乔,蚩奼,猪八戒,庄周"
庄周,大乔,19,阵营2 胜利,"蚩奼,甄姬,敖隐,孙悟空,庄周","老夫子,高渐离,元流之子(射手),云缨,大乔"
庄周,苏烈,1,阵营2 胜利,"元歌,小乔,元流之子(射手),赵云,庄周","曹操,武则天,蚩奼,杨戬,苏烈"
庄周,苏烈,2,阵营1 胜利,"赵怀真,高渐离,元流之子(射手),裴擒虎,庄周","蚩奼,诸葛亮,百里守约,暃,苏烈"
庄周,苏烈,3,阵营2 胜利,"曹操,弈星,李信,大司命,苏烈","花木兰,海月,公孙离,裴擒虎,庄周"
庄周,苏烈,4,阵营1 胜利,"影,沈梦溪,艾琳,杨戬,庄周","元流之子(坦克),不知火舞,公孙离,赵云,苏烈"
庄周,苏烈,5,阵营1 胜利,"蚩奼,小乔,戈娅,韩信,苏烈","司空震,海月,公孙离,诸葛亮,庄周"
庄周,苏烈,6,阵营2 胜利,"关羽,女娲,元流之子(射手),赵云,苏烈","孙策,甄姬,艾琳,阿古朵,庄周"
庄周,苏烈,7,阵营2 胜利,"哪吒,嫦娥,蚩奼,元流之子(刺客),庄周","猪八戒,西施,元流之子(射手),孙悟空,苏烈"
庄周,苏烈,8,阵营2 胜利,"狂铁,海月,狄仁杰,露娜,庄周","元歌,女娲,戈娅,云中君,苏烈"
庄周,苏烈,9,阵营2 胜利,"关羽,小乔,蚩奼,镜,苏烈","元歌,安琪拉,孙权,韩信,庄周"
庄周,苏烈,10,阵营1 胜利,"关羽,诸葛亮,敖隐,兰陵王,苏烈","影,周瑜,元流之子(射手),孙悟空,庄周"
庄周,苏烈,11,阵营2 胜利,"曹操,甄姬,孙权,橘右京,庄周","孙策,高渐离,蚩奼,裴擒虎,苏烈"
庄周,苏烈,12,阵营1 胜利,"元歌,姜子牙,蚩奼,司马懿,苏烈","项羽,弈星,公孙离,诸葛亮,庄周"
庄周,苏烈,13,阵营2 胜利,"夏洛特,女娲,百里守约,孙悟空,庄周","司空震,元流之子(法师),孙尚香,韩信,苏烈"
庄周,苏烈,14,阵营1 胜利,"影,沈梦溪,马可波罗,杨戬,苏烈","曹操,小乔,元流之子(射手),李白,庄周"
庄周,苏烈,15,阵营1 胜利,"曹操,干将莫邪,蚩奼,裴擒虎,苏烈","关羽,沈梦溪,戈娅,橘右京,庄周"
庄周,苏烈,16,阵营2 胜利,"哪吒,小乔,戈娅,裴擒虎,庄周","元歌,嫦娥,公孙离,大司命,苏烈"
庄周,苏烈,17,阵营2 胜利,"哪吒,不知火舞,后羿,澜,苏烈","司空震,嫦娥,虞姬,韩信,庄周"
庄周,苏烈,18,阵营1 胜利,"马超,不知火舞,李信,百里玄策,苏烈","狂铁,太乙真人,苍,镜,庄周"
庄周,苏烈,19,阵营1 胜利,"马超,武则天,元流之子(射手),韩信,庄周","吕布,不知火舞,孙尚香,百里玄策,苏烈"
庄周,明世隐,1,阵营1 胜利,"达摩,西施,敖隐,赵云,明世隐","司空震,杨玉环,鲁班七号,马超,庄周"
庄周,瑶,1,阵营1 胜利,"影,弈星,敖隐,诸葛亮,庄周","司空震,上官婉儿,公孙离,杨戬,瑶"
庄周,瑶,2,阵营1 胜利,"马超,杨玉环,公孙离,镜,瑶","姬小满,不知火舞,虞姬,百里玄策,庄周"
庄周,瑶,3,阵营2 胜利,"花木兰,小乔,蚩奼,梦奇,瑶","老夫子,诸葛亮,公孙离,暃,庄周"
庄周,瑶,4,阵营1 胜利,"狂铁,西施,孙尚香,宫本武藏,瑶","元歌,安琪拉,孙权,兰陵王,庄周"
庄周,瑶,5,阵营2 胜利,"老夫子,女娲,百里守约,赵云,庄周","蒙恬,王昭君,元流之子(射手),铠,瑶"
庄周,瑶,6,阵营1 胜利,"蚩奼,嬴政,李信,马超,庄周","白起,不知火舞,元流之子(射手),镜,瑶"
庄周,瑶,7,阵营1 胜利,"苏烈,安琪拉,后羿,诸葛亮,瑶","蚩奼,沈梦溪,敖隐,铠,庄周"
庄周,瑶,8,阵营2 胜利,"狂铁,大乔,百里守约,云缨,庄周","司空震,妲己,元流之子(射手),裴擒虎,瑶"
庄周,瑶,9,阵营1 胜利,"马超,貂蝉,戈娅,元流之子(刺客),庄周","关羽,嫦娥,莱西奥,梦奇,瑶"
庄周,瑶,10,阵营1 胜利,"蚩奼,王昭君,艾琳,哪吒,瑶","影,周瑜,孙权,娜可露露,庄周"
庄周,瑶,11,阵营2 胜利,"元歌,嫦娥,敖隐,露娜,瑶","司空震,墨子,元流之子(射手),裴擒虎,庄周"
庄周,瑶,12,阵营1 胜利,"元歌,貂蝉,元流之子(射手),雅典娜,庄周","达摩,女娲,蚩奼,澜,瑶"
庄周,瑶,13,阵营1 胜利,"花木兰,武则天,戈娅,云缨,瑶","曹操,西施,元流之子(射手),阿古朵,庄周"
庄周,瑶,14,阵营2 胜利,,未集齐10人
庄周,瑶,15,阵营1 胜利,,未集齐10人
庄周,瑶,16,阵营1 胜利,,未集齐10人
庄周,瑶,17,阵营1 胜利,,未集齐10人
庄周,瑶,18,阵营1 胜利,,未集齐10人
庄周,瑶,19,阵营1 胜利,,未集齐10人
庄周,盾山,1,阵营2 胜利,"关羽,海诺,虞姬,镜,庄周","姬小满,貂蝉,孙尚香,猪八戒,盾山"
庄周,盾山,2,阵营1 胜利,"元歌,不知火舞,孙权,司马懿,庄周","兰陵王,嬴政,李信,典韦,盾山"
庄周,盾山,3,阵营2 胜利,"夏洛特,武则天,狄仁杰,元流之子(刺客),盾山","司空震,不知火舞,苍,司马懿,庄周"
庄周,盾山,4,阵营1 胜利,"花木兰,女娲,孙尚香,宫本武藏,盾山","关羽,大乔,敖隐,云缨,庄周"
庄周,盾山,5,阵营1 胜利,"哪吒,不知火舞,孙权,杨戬,庄周","元歌,上官婉儿,狄仁杰,孙悟空,盾山"
庄周,盾山,6,阵营2 胜利,"元歌,大乔,元流之子(射手),杨戬,庄周","孙策,杨玉环,艾琳,云缨,盾山"
庄周,盾山,7,阵营2 胜利,"老夫子,沈梦溪,蚩奼,赵云,庄周","哪吒,大乔,狄仁杰,马超,盾山"
庄周,盾山,8,阵营1 胜利,"白起,沈梦溪,孙尚香,赵云,庄周","孙策,杨玉环,元流之子(射手),曜,盾山"
庄周,盾山,9,阵营1 胜利,"孙策,诸葛亮,蚩奼,百里玄策,盾山","关羽,上官婉儿,戈娅,司马懿,庄周"
庄周,盾山,10,阵营1 胜利,"元流之子(坦克),不知火舞,艾琳,大司命,盾山","姬小满,元流之子(法师),蚩奼,露娜,庄周"
庄周,盾山,11,阵营1 胜利,"姬小满,嫦娥,公孙离,镜,庄周","孙策,小乔,元流之子(射手),铠,盾山"
庄周,盾山,12,阵营2 胜利,"花木兰,不知火舞,艾琳,马超,盾山","老夫子,小乔,李信,孙悟空,庄周"
庄周,盾山,13,阵营1 胜利,"孙策,金蝉,蚩奼,赵云,盾山","老夫子,妲己,戈娅,韩信,庄周"
庄周,盾山,14,阵营2 胜利,"司空震,女娲,元流之子(射手),镜,庄周","曹操,杨玉环,蚩奼,铠,盾山"
庄周,盾山,15,阵营1 胜利,"司空震,上官婉儿,百里守约,杨戬,庄周","哪吒,沈梦溪,后羿,赵云,盾山"
庄周,盾山,16,阵营2 胜利,"达摩,甄姬,戈娅,裴擒虎,庄周","哪吒,小乔,狄仁杰,杨戬,盾山"
庄周,盾山,17,阵营1 胜利,"关羽,高渐离,元流之子(射手),梦奇,庄周","廉颇,周瑜,公孙离,裴擒虎,盾山"
庄周,盾山,18,阵营1 胜利,"哪吒,武则天,元流之子(射手),杨戬,庄周","蚩奼,嫦娥,虞姬,百里玄策,盾山"
庄周,盾山,19,阵营2 胜利,"白起,沈梦溪,孙尚香,阿古朵,盾山","关羽,西施,李信,百里玄策,庄周"
庄周,西施,1,阵营1 胜利,"白起,沈梦溪,戈娅,韩信,西施","芈月,不知火舞,莱西奥,百里玄策,庄周"
庄周,西施,2,阵营1 胜利,"曹操,女娲,李信,阿古朵,西施","白起,武则天,戈娅,梦奇,庄周"
庄周,西施,3,阵营2 胜利,"关羽,海月,元流之子(射手),雅典娜,西施","狂铁,甄姬,戈娅,裴擒虎,庄周"
庄周,西施,4,阵营2 胜利,"哪吒,不知火舞,艾琳,镜,西施","白起,小乔,虞姬,诸葛亮,庄周"
庄周,西施,5,阵营1 胜利,"蒙恬,姜子牙,后羿,百里玄策,西施","海诺,甄姬,孙权,宫本武藏,庄周"
庄周,西施,6,阵营2 胜利,"盘古,大乔,蚩奼,铠,庄周","关羽,元流之子(法师),戈娅,韩信,西施"
庄周,西施,7,阵营1 胜利,"蚩奼,女娲,孙权,暃,庄周","赵怀真,高渐离,戈娅,镜,西施"
庄周,西施,8,阵营1 胜利,"白起,不知火舞,蚩奼,孙悟空,西施","梦奇,女娲,戈娅,李白,庄周"
庄周,西施,9,阵营1 胜利,"狂铁,王昭君,元流之子(射手),裴擒虎,西施","花木兰,海诺,蚩奼,百里玄策,庄周"
庄周,西施,10,阵营1 胜利,"曹操,小乔,狄仁杰,韩信,西施","司空震,沈梦溪,蚩奼,元流之子(刺客),庄周"
庄周,西施,11,阵营2 胜利,"马超,海诺,元流之子(射手),宫本武藏,西施","亚连,貂蝉,敖隐,典韦,庄周"
庄周,鲁班大师,1,阵营2 胜利,"蒙恬,女娲,公孙离,镜,庄周","猪八戒,杨玉环,虞姬,典韦,鲁班大师"
庄周,鲁班大师,2,阵营2 胜利,"关羽,上官婉儿,黄忠,韩信,鲁班大师","哪吒,周瑜,孙权,元流之子(坦克),庄周"
庄周,鲁班大师,3,阵营2 胜利,"老夫子,杨玉环,虞姬,诸葛亮,鲁班大师","亚瑟,女娲,元流之子(射手),李白,庄周"
庄周,鲁班大师,4,阵营1 胜利,"影,武则天,狄仁杰,铠,鲁班大师","哪吒,甄姬,虞姬,诸葛亮,庄周"
庄周,鲁班大师,5,阵营2 胜利,"影,小乔,苍,暃,庄周","兰陵王,甄姬,元流之子(射手),露娜,鲁班大师"
庄周,鲁班大师,6,阵营2 胜利,"貂蝉,高渐离,孙权,盘古,鲁班大师","曹操,沈梦溪,戈娅,云中君,庄周"
庄周,鲁班大师,7,阵营1 胜利,"关羽,高渐离,公孙离,大司命,鲁班大师","猪八戒,嫦娥,元流之子(射手),云缨,庄周"
庄周,鲁班大师,8,阵营2 胜利,"白起,不知火舞,蚩奼,韩信,庄周","孙策,甄姬,虞姬,镜,鲁班大师"
庄周,鲁班大师,9,阵营1 胜利,"老夫子,嫦娥,公孙离,梦奇,庄周","吕布,干将莫邪,元流之子(射手),镜,鲁班大师"
庄周,鲁班大师,10,阵营1 胜利,"元歌,武则天,蚩奼,铠,鲁班大师","夏洛特,女娲,戈娅,雅典娜,庄周"
庄周,鲁班大师,11,阵营2 胜利,"花木兰,武则天,莱西奥,百里玄策,庄周","曹操,女娲,戈娅,露娜,鲁班大师"
庄周,鲁班大师,12,阵营2 胜利,"马超,上官婉儿,蚩奼,暃,庄周","影,貂蝉,戈娅,裴擒虎,鲁班大师"
庄周,鲁班大师,13,阵营1 胜利,"兰陵王,上官婉儿,艾琳,云缨,庄周","老夫子,沈梦溪,蚩奼,百里玄策,鲁班大师"
庄周,鲁班大师,14,阵营2 胜利,"司空震,女娲,戈娅,曜,鲁班大师","曹操,嫦娥,公孙离,赵云,庄周"
庄周,鲁班大师,15,阵营1 胜利,"司空震,沈梦溪,后羿,哪吒,鲁班大师","花木兰,不知火舞,戈娅,暃,庄周"
庄周,鲁班大师,16,阵营2 胜利,"曹操,武则天,司空震,露娜,庄周","关羽,嫦娥,元流之子(射手),百里玄策,鲁班大师"
庄周,鲁班大师,17,阵营2 胜利,"马超,海月,元流之子(射手),赵云,庄周","司空震,女娲,蒙犽,裴擒虎,鲁班大师"
庄周,鲁班大师,18,阵营1 胜利,"司空震,甄姬,敖隐,元流之子(刺客),庄周","蚩奼,沈梦溪,后羿,赵云,鲁班大师"
庄周,鲁班大师,19,阵营1 胜利,"芈月,司马懿,孙权,暃,鲁班大师","吕布,高渐离,蚩奼,李白,庄周"
庄周,桑启,1,阵营2 胜利,"关羽,沈梦溪,元流之子(射手),镜,桑启","影,大乔,百里守约,马超,庄周"
庄周,桑启,2,阵营1 胜利,"马超,弈星,元流之子(射手),镜,庄周","盘古,沈梦溪,戈娅,大司命,桑启"
庄周,桑启,3,阵营1 胜利,"孙策,武则天,元流之子(射手),镜,桑启","老夫子,沈梦溪,公孙离,韩信,庄周"
庄周,桑启,4,阵营1 胜利,"白起,西施,敖隐,哪吒,桑启","芈月,小乔,虞姬,裴擒虎,庄周"
庄周,桑启,5,阵营1 胜利,"影,女娲,孙权,猪八戒,庄周","姬小满,西施,元流之子(射手),铠,桑启"
庄周,桑启,6,阵营1 胜利,"达摩,沈梦溪,元流之子(射手),阿古朵,庄周","盘古,女娲,公孙离,元流之子(刺客),桑启"
庄周,桑启,7,阵营2 胜利,"关羽,安琪拉,元流之子(射手),典韦,桑启","影,嫦娥,戈娅,赵云,庄周"
庄周,桑启,8,阵营1 胜利,"影,金蝉,李信,云中君,庄周","白起,女娲,艾琳,镜,桑启"
庄周,桑启,9,阵营2 胜利,"司空震,甄姬,元流之子(射手),马超,庄周","元歌,貂蝉,戈娅,诸葛亮,桑启"
庄周,桑启,10,阵营1 胜利,"元歌,不知火舞,马可波罗,铠,庄周","狂铁,武则天,莱西奥,韩信,桑启"
庄周,桑启,11,阵营2 胜利,"白起,杨玉环,戈娅,哪吒,桑启","达摩,姜子牙,虞姬,铠,庄周"
庄周,桑启,12,阵营2 胜利,"曹操,小乔,元流之子(射手),李白,庄周","马超,诸葛亮,公孙离,赵云,桑启"
庄周,桑启,13,阵营2 胜利,"曹操,不知火舞,敖隐,阿古朵,庄周","芈月,西施,后羿,裴擒虎,桑启"
庄周,桑启,14,阵营2 胜利,"白起,不知火舞,公孙离,露娜,桑启","花木兰,女娲,艾琳,铠,庄周"
庄周,桑启,15,阵营2 胜利,"蒙恬,甄姬,元流之子(射手),宫本武藏,桑启","马超,元流之子(法师),蚩奼,诸葛亮,庄周"
庄周,桑启,16,阵营2 胜利,"马超,嫦娥,李信,阿古朵,庄周","老夫子,上官婉儿,后羿,云中君,桑启"
庄周,桑启,17,阵营1 胜利,"白起,甄姬,元流之子(射手),云缨,桑启","大司命,太乙真人,孙尚香,曜,庄周"
庄周,桑启,18,阵营2 胜利,"元歌,貂蝉,艾琳,典韦,庄周","项羽,不知火舞,李信,曜,桑启"
庄周,桑启,19,阵营1 胜利,"老夫子,海月,孙权,铠,庄周,关羽,公孙离,韩信,桑启",未集齐10人
庄周,赵怀真,1,阵营1 胜利,"白起,嫦娥,后羿,裴擒虎,赵怀真","元歌,张良,元流之子(射手),镜,庄周"
庄周,赵怀真,2,阵营2 胜利,"关羽,女娲,戈娅,杨戬,赵怀真","狂铁,杨玉环,元流之子(射手),澜,庄周"
庄周,赵怀真,3,阵营1 胜利,"曹操,甄姬,孙权,元流之子(刺客),庄周","元歌,海诺,虞姬,赵云,赵怀真"
庄周,赵怀真,4,阵营1 胜利,"芈月,嫦娥,元流之子(射手),宫本武藏,赵怀真","曹操,海月,狄仁杰,百里玄策,庄周"
庄周,赵怀真,5,阵营2 胜利,"司空震,上官婉儿,戈娅,赵云,庄周","盘古,貂蝉,孙权,哪吒,赵怀真"
庄周,赵怀真,6,阵营2 胜利,"马超,元流之子(法师),戈娅,镜,庄周","曹操,武则天,元流之子(射手),裴擒虎,赵怀真"
庄周,赵怀真,7,阵营1 胜利,"花木兰,上官婉儿,元流之子(射手),刘备,庄周","关羽,大乔,蚩奼,铠,赵怀真"
庄周,赵怀真,8,阵营1 胜利,"亚瑟,不知火舞,后羿,裴擒虎,赵怀真","影,嫦娥,元流之子(射手),阿古朵,庄周"
庄周,赵怀真,9,阵营1 胜利,"白起,杨玉环,公孙离,澜,赵怀真","达摩,嫦娥,敖隐,裴擒虎,庄周"
庄周,赵怀真,10,阵营2 胜利,"东皇太一,沈梦溪,敖隐,司马懿,赵怀真","孙策,女娲,元流之子(射手),阿古朵,庄周"
庄周,赵怀真,11,阵营1 胜利,"孙策,周瑜,孙权,元流之子(刺客),庄周","兰陵王,嫦娥,戈娅,司马懿,赵怀真"
庄周,赵怀真,12,阵营1 胜利,"蒙恬,王昭君,元流之子(射手),百里玄策,赵怀真","影,姜子牙,戈娅,曜,庄周"
庄周,赵怀真,13,阵营1 胜利,"夏洛特,沈梦溪,公孙离,露娜,庄周","孙策,小乔,艾琳,李白,赵怀真"
庄周,赵怀真,14,阵营2 胜利,"司空震,甄姬,李信,暃,庄周","哪吒,嫦娥,蚩奼,赵云,赵怀真"
庄周,赵怀真,15,阵营1 胜利,,未集齐10人
庄周,赵怀真,16,阵营1 胜利,,未集齐10人
庄周,赵怀真,17,阵营1 胜利,"元流之子(坦克),海月,司空震,橘右京,赵怀真","刘邦,貂蝉,元流之子(射手),马超,庄周"
庄周,赵怀真,18,阵营1 胜利,"曹操,不知火舞,公孙离,宫本武藏,赵怀真","夏洛特,诸葛亮,元流之子(射手),盘古,庄周"
庄周,赵怀真,19,阵营1 胜利,"哪吒,嫦娥,元流之子(射手),铠,庄周","关羽,诸葛亮,公孙离,李元芳,赵怀真"
庄周,空空儿,1,阵营2 胜利,"老夫子,嫦娥,虞姬,曜,庄周","曹操,女娲,百里守约,韩信,空空儿"
庄周,空空儿,2,阵营1 胜利,"蒙恬,武则天,百里守约,赵云,空空儿","达摩,嫦娥,后羿,大司命,庄周"
庄周,空空儿,3,阵营2 胜利,"司空震,大乔,元流之子(射手),猪八戒,空空儿","关羽,小乔,蚩奼,宫本武藏,庄周"
庄周,空空儿,4,阵营2 胜利,"夏洛特,海月,莱西奥,阿古朵,庄周","老夫子,沈梦溪,李信,杨戬,空空儿"
庄周,空空儿,5,阵营1 胜利,"曹操,不知火舞,敖隐,杨戬,空空儿","影,诸葛亮,苍,雅典娜,庄周"
庄周,空空儿,6,阵营1 胜利,"关羽,姜子牙,扁鹊,露娜,庄周","夏洛特,女娲,敖隐,娜可露露,空空儿"
庄周,空空儿,7,阵营1 胜利,"白起,嫦娥,孙权,云中君,空空儿","达摩,甄姬,孙尚香,马超,庄周"
庄周,空空儿,8,阵营1 胜利,"曹操,不知火舞,百里守约,暃,空空儿","夏洛特,沈梦溪,蚩奼,韩信,庄周"
庄周,空空儿,9,阵营2 胜利,"狂铁,弈星,艾琳,裴擒虎,空空儿","蚩奼,王昭君,戈娅,盘古,庄周"
庄周,空空儿,10,阵营1 胜利,"曹操,高渐离,蚩奼,赵云,庄周","关羽,小乔,戈娅,裴擒虎,空空儿"
庄周,空空儿,11,阵营1 胜利,"孙策,沈梦溪,戈娅,裴擒虎,庄周","梦奇,武则天,孙权,宫本武藏,空空儿"
庄周,空空儿,12,阵营2 胜利,"关羽,高渐离,元流之子(射手),镜,空空儿","蒙恬,金蝉,公孙离,裴擒虎,庄周"
庄周,空空儿,13,阵营1 胜利,"关羽,西施,戈娅,赵怀真,庄周","亚瑟,武则天,元流之子(射手),阿古朵,空空儿"
庄周,空空儿,14,阵营2 胜利,"关羽,貂蝉,元流之子(射手),露娜,空空儿","老夫子,小乔,戈娅,马超,庄周"
庄周,空空儿,15,阵营2 胜利,"元歌,金蝉,马可波罗,盘古,庄周","关羽,干将莫邪,元流之子(射手),铠,空空儿"
庄周,空空儿,16,阵营2 胜利,"曹操,不知火舞,李信,镜,空空儿","影,沈梦溪,孙权,韩信,庄周"
庄周,空空儿,17,阵营2 胜利,"亚瑟,诸葛亮,蚩奼,孙悟空,庄周","老夫子,墨子,元流之子(射手),韩信,空空儿"
庄周,空空儿,18,阵营1 胜利,"哪吒,武则天,公孙离,马超,空空儿","司空震,沈梦溪,蚩奼,裴擒虎,庄周"
庄周,空空儿,19,阵营1 胜利,"达摩,王昭君,元流之子(射手),暃,空空儿","关羽,干将莫邪,戈娅,盘古,庄周"
庄周,少司缘,1,阵营1 胜利,"白起,诸葛亮,戈娅,云缨,少司缘","老夫子,嫦娥,元流之子(射手),镜,庄周"
庄周,少司缘,2,阵营1 胜利,"杨戬,武则天,蚩奼,韩信,庄周","亚瑟,大乔,元流之子(射手),宫本武藏,少司缘"
庄周,少司缘,3,阵营2 胜利,"夏洛特,大乔,莱西奥,澜,庄周","老夫子,海诺,司空震,李元芳,少司缘"
庄周,少司缘,4,阵营1 胜利,"关羽,嫦娥,蒙犽,澜,少司缘","马超,不知火舞,元流之子(射手),云缨,庄周"
庄周,少司缘,5,阵营1 胜利,"关羽,诸葛亮,公孙离,裴擒虎,少司缘","马超,武则天,孙权,铠,庄周"
庄周,少司缘,6,阵营1 胜利,"影,诸葛亮,虞姬,杨戬,少司缘","海月,蒙恬,戈娅,孙悟空,庄周"
庄周,少司缘,7,阵营2 胜利,"孙策,不知火舞,戈娅,韩信,少司缘","司空震,诸葛亮,元流之子(射手),阿古朵,庄周"
庄周,少司缘,8,阵营1 胜利,"元歌,武则天,虞姬,典韦,少司缘","姬小满,沈梦溪,蚩奼,橘右京,庄周"
庄周,少司缘,9,阵营1 胜利,"曹操,甄姬,艾琳,裴擒虎,庄周","哪吒,不知火舞,蚩奼,典韦,少司缘"
庄周,少司缘,10,阵营1 胜利,"蒙恬,大乔,元流之子(射手),马超,少司缘","曹操,上官婉儿,戈娅,裴擒虎,庄周"
庄周,少司缘,11,阵营1 胜利,"项羽,诸葛亮,元流之子(射手),橘右京,少司缘","蒙恬,沈梦溪,戈娅,韩信,庄周"
庄周,少司缘,12,阵营2 胜利,"白起,杨玉环,元流之子(射手),暃,少司缘","夏洛特,女娲,敖隐,铠,庄周"
庄周,少司缘,13,阵营1 胜利,"刘邦,海诺,蚩奼,杨戬,少司缘","影,干将莫邪,孙权,赵云,庄周"
庄周,少司缘,14,阵营2 胜利,"老夫子,弈星,公孙离,猪八戒,庄周","曹操,沈梦溪,元流之子(射手),镜,少司缘"
庄周,少司缘,15,阵营1 胜利,"白起,西施,元流之子(射手),裴擒虎,庄周","狂铁,沈梦溪,狄仁杰,阿轲,少司缘"
庄周,少司缘,16,阵营1 胜利,"司空震,貂蝉,虞姬,阿古朵,庄周","白起,沈梦溪,戈娅,马超,少司缘"
庄周,少司缘,17,阵营1 胜利,"曹操,西施,虞姬,阿古朵,少司缘","老夫子,诸葛亮,元流之子(射手),赵云,庄周"
庄周,少司缘,18,阵营1 胜利,"芈月,沈梦溪,后羿,裴擒虎,庄周","亚瑟,干将莫邪,元流之子(射手),司马懿,少司缘"
庄周,少司缘,19,阵营2 胜利,"达摩,女娲,敖隐,百里玄策,少司缘","狂铁,貂蝉,元流之子(射手),阿古朵,庄周"
庄周,元流之子(坦克),1,阵营2 胜利,"司空震,武则天,孙权,李白,庄周","狂铁,沈梦溪,后羿,马超,元流之子(坦克)"
庄周,元流之子(坦克),2,阵营1 胜利,"夏洛特,武则天,苍,马超,元流之子(坦克)","老夫子,沈梦溪,影,阿古朵,庄周"
庄周,元流之子(坦克),3,阵营2 胜利,"老夫子,甄姬,孙权,大司命,元流之子(坦克)","影,沈梦溪,敖隐,诸葛亮,庄周"
庄周,元流之子(坦克),4,阵营2 胜利,"蚩奼,大乔,艾琳,裴擒虎,庄周","曹操,嫦娥,苍,宫本武藏,元流之子(坦克)"
庄周,元流之子(坦克),5,阵营1 胜利,"达摩,妲己,戈娅,百里玄策,庄周","花木兰,诸葛亮,蚩奼,大司命,元流之子(坦克)"
庄周,元流之子(坦克),6,阵营1 胜利,"蚩奼,诸葛亮,元流之子(射手),孙悟空,庄周","白起,姜子牙,虞姬,宫本武藏,元流之子(坦克)"
庄周,元流之子(坦克),7,阵营1 胜利,"达摩,沈梦溪,百里守约,裴擒虎,庄周","亚瑟,高渐离,虞姬,阿古朵,元流之子(坦克)"
庄周,元流之子(坦克),8,阵营2 胜利,"兰陵王,西施,戈娅,百里玄策,元流之子(坦克)","蚩奼,不知火舞,莱西奥,云缨,庄周"
庄周,元流之子(坦克),9,阵营1 胜利,"马超,西施,后羿,宫本武藏,元流之子(坦克)","哪吒,大乔,元流之子(射手),百里玄策,庄周"
庄周,元流之子(坦克),10,阵营2 胜利,"刘邦,杨玉环,蚩奼,百里玄策,庄周","关羽,女娲,公孙离,韩信,元流之子(坦克)"
庄周,元流之子(坦克),11,阵营1 胜利,"元歌,嫦娥,孙权,宫本武藏,庄周","曹操,西施,李信,诸葛亮,元流之子(坦克)"
庄周,元流之子(坦克),12,阵营2 胜利,"元歌,嫦娥,戈娅,裴擒虎,庄周","哪吒,沈梦溪,艾琳,镜,元流之子(坦克)"
庄周,元流之子(坦克),13,阵营2 胜利,"吕布,小乔,元流之子(射手),橘右京,庄周","白起,不知火舞,艾琳,铠,元流之子(坦克)"
庄周,元流之子(坦克),14,阵营2 胜利,"关羽,武则天,孙权,暃,庄周","影,沈梦溪,蚩奼,孙悟空,元流之子(坦克)"
庄周,元流之子(坦克),15,阵营2 胜利,"元歌,上官婉儿,李元芳,百里玄策,元流之子(坦克)","关羽,甄姬,蚩奼,诸葛亮,庄周"
庄周,元流之子(坦克),16,阵营1 胜利,"狂铁,安琪拉,后羿,诸葛亮,庄周","亚连,西施,敖隐,暃,元流之子(坦克)"
庄周,元流之子(坦克),17,阵营1 胜利,"哪吒,海诺,敖隐,韩信,庄周","孙策,诸葛亮,虞姬,典韦,元流之子(坦克)"
庄周,元流之子(坦克),18,阵营1 胜利,"马超,女娲,狄仁杰,哪吒,庄周","孙策,海诺,后羿,百里玄策,元流之子(坦克)"
庄周,元流之子(辅助),1,阵营2 胜利,"花木兰,金蝉,元流之子(射手),云缨,庄周","白起,诸葛亮,李元芳,云中君,元流之子(辅助)"
庄周,元流之子(辅助),2,阵营1 胜利,"元歌,甄姬,戈娅,孙悟空,庄周","狂铁,小乔,蚩奼,大司命,元流之子(辅助)"
庄周,元流之子(辅助),3,阵营2 胜利,"夏洛特,甄姬,元流之子(射手),镜,庄周","狂铁,不知火舞,狄仁杰,云缨,元流之子(辅助)"
庄周,元流之子(辅助),4,阵营2 胜利,"蚩奼,沈梦溪,蒙犽,诸葛亮,庄周","孙策,弈星,虞姬,百里玄策,元流之子(辅助)"
庄周,元流之子(辅助),5,阵营2 胜利,"花木兰,嫦娥,狄仁杰,盘古,元流之子(辅助)","影,沈梦溪,元流之子(射手),铠,庄周"
庄周,元流之子(辅助),6,阵营1 胜利,"司空震,姜子牙,元流之子(射手),宫本武藏,庄周","白起,武则天,阿古朵,赵云,元流之子(辅助)"
庄周,元流之子(辅助),7,阵营1 胜利,"哪吒,甄姬,戈娅,裴擒虎,庄周","孙策,沈梦溪,虞姬,云缨,元流之子(辅助)"
庄周,元流之子(辅助),8,阵营1 胜利,"老夫子,大乔,元流之子(射手),露娜,庄周","白起,沈梦溪,孙权,宫本武藏,元流之子(辅助)"
庄周,元流之子(辅助),9,阵营1 胜利,"马超,西施,戈娅,娜可露露,元流之子(辅助)","老夫子,沈梦溪,马可波罗,镜,庄周"
庄周,元流之子(辅助),10,阵营2 胜利,"吕布,甄姬,敖隐,阿轲,元流之子(辅助)","刘邦,女娲,艾琳,赵云,庄周"
庄周,元流之子(辅助),11,阵营2 胜利,"亚瑟,戈娅,金蝉,诸葛亮,庄周","哪吒,女娲,虞姬,赵云,元流之子(辅助)"
庄周,元流之子(辅助),12,阵营2 胜利,"蚩奼,西施,狄仁杰,云缨,元流之子(辅助)","白起,杨玉环,戈娅,典韦,庄周"
庄周,元流之子(辅助),13,阵营2 胜利,"猪八戒,女娲,蚩奼,铠,庄周","老夫子,不知火舞,狄仁杰,云缨,元流之子(辅助)"
庄周,元流之子(辅助),14,阵营2 胜利,"大司命,杨玉环,敖隐,百里玄策,庄周","白起,诸葛亮,虞姬,娜可露露,元流之子(辅助)"
庄周,元流之子(辅助),15,阵营2 胜利,"司空震,上官婉儿,蚩奼,雅典娜,庄周","芈月,沈梦溪,虞姬,暃,元流之子(辅助)"
庄周,元流之子(辅助),16,阵营2 胜利,"亚瑟,海月,元流之子(射手),阿古朵,庄周","花木兰,武则天,苍,宫本武藏,元流之子(辅助)"
庄周,元流之子(辅助),17,阵营2 胜利,"司空震,上官婉儿,蚩奼,露娜,庄周","花木兰,沈梦溪,戈娅,司马懿,元流之子(辅助)"
庄周,元流之子(辅助),18,阵营2 胜利,"影,小乔,蚩奼,云缨,元流之子(辅助)","老夫子,大乔,元流之子(射手),赵怀真,庄周"
庄周,元流之子(辅助),19,阵营1 胜利,"元歌,小乔,戈娅,钟无艳,元流之子(辅助)","项羽,貂蝉,孙权,曜,庄周"
刘禅,孙膑,1,阵营1 胜利,"钟无艳,嫦娥,孙尚香,娜可露露,孙膑","马超,杨玉环,元流之子(射手),宫本武藏,刘禅"
刘禅,孙膑,2,阵营1 胜利,"元歌,小乔,戈娅,诸葛亮,孙膑","亚瑟,不知火舞,蚩奼,露娜,刘禅"
刘禅,孙膑,3,阵营1 胜利,"老夫子,嫦娥,元流之子(射手),孙悟空,孙膑","狂铁,武则天,敖隐,雅典娜,刘禅"
刘禅,孙膑,4,阵营2 胜利,"影,杨玉环,敖隐,露娜,孙膑","元歌,貂蝉,蚩奼,李元芳,刘禅"
刘禅,孙膑,5,阵营1 胜利,"狂铁,杨玉环,蚩奼,橘右京,孙膑","元歌,女娲,孙权,阿古朵,刘禅"
刘禅,孙膑,6,阵营1 胜利,"姬小满,杨玉环,戈娅,韩信,刘禅","曹操,弈星,元流之子(射手),阿古朵,孙膑"
刘禅,孙膑,7,阵营2 胜利,"马超,西施,戈娅,裴擒虎,孙膑","司空震,甄姬,元流之子(射手),韩信,刘禅"
刘禅,孙膑,8,阵营1 胜利,"曹操,沈梦溪,公孙离,元流之子(刺客),孙膑","元歌,不知火舞,孙权,李白,刘禅"
刘禅,孙膑,9,阵营1 胜利,"夏洛特,女娲,戈娅,马超,孙膑","关羽,大乔,公孙离,云缨,刘禅"
刘禅,孙膑,10,阵营2 胜利,"马超,杨玉环,公孙离,哪吒,孙膑","梦奇,武则天,百里守约,镜,刘禅"
刘禅,孙膑,11,阵营1 胜利,"马超,嫦娥,蚩奼,镜,孙膑","司空震,杨玉环,元流之子(射手),阿古朵,刘禅"
刘禅,孙膑,12,阵营1 胜利,,未集齐10人
刘禅,孙膑,13,阵营1 胜利,"狂铁,小乔,元流之子(射手),暃,刘禅","司空震,沈梦溪,蚩奼,诸葛亮,孙膑"
刘禅,孙膑,14,阵营1 胜利,"马超,女娲,蚩奼,裴擒虎,孙膑","钟无艳,不知火舞,敖隐,暃,刘禅"
刘禅,孙膑,15,阵营1 胜利,"马超,西施,元流之子(射手),裴擒虎,刘禅","老夫子,小乔,后羿,韩信,孙膑"
刘禅,孙膑,16,阵营1 胜利,"刘邦,杨玉环,孙权,诸葛亮,刘禅","司空震,海诺,蚩奼,元流之子(刺客),孙膑"
刘禅,孙膑,17,阵营1 胜利,"关羽,嫦娥,公孙离,裴擒虎,孙膑","老夫子,武则天,元流之子(射手),镜,刘禅"
刘禅,孙膑,18,阵营2 胜利,"老夫子,姜子牙,蚩奼,暃,孙膑","赵怀真,甄姬,元流之子(射手),猪八戒,刘禅"
刘禅,孙膑,19,阵营2 胜利,"夏洛特,沈梦溪,莱西奥,云缨,刘禅","曜,女娲,李信,司马懿,孙膑"
刘禅,项羽,1,阵营1 胜利,"孙策,小乔,艾琳,马超,项羽","花木兰,沈梦溪,元流之子(射手),暃,刘禅"
刘禅,项羽,2,阵营2 胜利,"司空震,诸葛亮,后羿,铠,刘禅","芈月,女娲,孙尚香,马超,项羽"
刘禅,项羽,3,阵营1 胜利,"蚩奼,沈梦溪,戈娅,李元芳,项羽","曹操,嫦娥,元流之子(射手),宫本武藏,刘禅"
刘禅,项羽,4,阵营2 胜利,"关羽,小乔,李信,哪吒,项羽","司空震,海诺,戈娅,大司命,刘禅"
刘禅,项羽,5,阵营1 胜利,"老夫子,西施,元流之子(射手),司马懿,刘禅","哪吒,诸葛亮,蚩奼,裴擒虎,项羽"
刘禅,项羽,6,阵营2 胜利,"影,貂蝉,蒙犽,韩信,项羽","杨戬,杨玉环,虞姬,娜可露露,刘禅"
刘禅,项羽,7,阵营1 胜利,"元歌,周瑜,元流之子(射手),诸葛亮,刘禅","夏洛特,貂蝉,公孙离,橘右京,项羽"
刘禅,项羽,8,阵营1 胜利,"关羽,海月,元流之子(射手),裴擒虎,项羽","哪吒,沈梦溪,孙权,镜,刘禅"
刘禅,项羽,9,阵营2 胜利,"夏洛特,上官婉儿,蚩奼,赵云,刘禅","曹操,海月,元流之子(射手),韩信,项羽"
刘禅,项羽,10,阵营1 胜利,"蒙恬,女娲,苍,李元芳,项羽","老夫子,周瑜,元流之子(射手),宫本武藏,刘禅"
刘禅,项羽,11,阵营2 胜利,"花木兰,诸葛亮,李信,韩信,项羽","杨戬,不知火舞,蚩奼,镜,刘禅"
刘禅,项羽,12,阵营2 胜利,"哪吒,姜子牙,后羿,娜可露露,刘禅","老夫子,安琪拉,戈娅,大司命,项羽"
刘禅,项羽,13,阵营1 胜利,"关羽,女娲,百里守约,马超,项羽","影,姜子牙,元流之子(射手),赵云,刘禅"
刘禅,项羽,14,阵营2 胜利,"元歌,沈梦溪,孙权,曜,刘禅","狂铁,海月,蚩奼,暃,项羽"
刘禅,项羽,15,阵营1 胜利,"元歌,女娲,蚩奼,镜,项羽","狂铁,大乔,李信,裴擒虎,刘禅"
刘禅,项羽,16,阵营1 胜利,"花木兰,沈梦溪,戈娅,暃,项羽","关羽,嫦娥,公孙离,阿古朵,刘禅"
刘禅,项羽,17,阵营2 胜利,"达摩,沈梦溪,元流之子(射手),典韦,刘禅","蚩奼,嫦娥,公孙离,杨戬,项羽"
刘禅,项羽,18,阵营2 胜利,"马超,高渐离,蒙犽,橘右京,刘禅","曹操,小乔,狄仁杰,裴擒虎,项羽"
刘禅,项羽,19,阵营2 胜利,"哪吒,嫦娥,戈娅,杨戬,刘禅","司空震,海月,蚩奼,赵云,项羽"
刘禅,刘邦,1,阵营2 胜利,"蚩奼,甄姬,孙权,大司命,刘邦","哪吒,武则天,苍,元流之子(刺客),刘禅"
刘禅,刘邦,2,阵营1 胜利,"孙策,大乔,敖隐,百里玄策,刘邦","亚连,女娲,虞姬,露娜,刘禅"
刘禅,刘邦,3,阵营2 胜利,"猪八戒,沈梦溪,元流之子(射手),裴擒虎,刘邦","司空震,嫦娥,蚩奼,百里玄策,刘禅"
刘禅,刘邦,4,阵营1 胜利,"狂铁,大乔,孙尚香,司马懿,刘禅","姬小满,甄姬,百里守约,宫本武藏,刘邦"
刘禅,刘邦,5,阵营1 胜利,"蚩奼,太乙真人,后羿,云缨,刘邦","白起,女娲,敖隐,镜,刘禅"
刘禅,刘邦,6,阵营1 胜利,"白起,嫦娥,元流之子(射手),宫本武藏,刘禅","马超,不知火舞,狄仁杰,裴擒虎,刘邦"
刘禅,刘邦,7,阵营2 胜利,"哪吒,沈梦溪,元流之子(射手),铠,刘禅","狂铁,弈星,孙权,百里玄策,刘邦"
刘禅,刘邦,8,阵营1 胜利,"老夫子,不知火舞,元流之子(射手),赵云,刘邦","关羽,上官婉儿,艾琳,韩信,刘禅"
刘禅,刘邦,9,阵营1 胜利,"马超,安琪拉,艾琳,裴擒虎,刘邦","元歌,嫦娥,鲁班七号,典韦,刘禅"
刘禅,刘邦,10,阵营1 胜利,"程咬金,杨玉环,蚩奼,刘备,刘邦","元歌,小乔,黄忠,阿古朵,刘禅"
刘禅,刘邦,11,阵营2 胜利,"狂铁,小乔,元流之子(射手),云缨,刘禅","曹操,海诺,公孙离,马超,刘邦"
刘禅,刘邦,12,阵营1 胜利,"老夫子,沈梦溪,戈娅,澜,刘禅","哪吒,甄姬,苍,裴擒虎,刘邦"
刘禅,刘邦,13,阵营2 胜利,"廉颇,西施,元流之子(射手),裴擒虎,刘邦","司空震,武则天,后羿,曜,刘禅"
刘禅,刘邦,14,阵营1 胜利,,未集齐10人
刘禅,刘邦,15,阵营1 胜利,"老夫子,沈梦溪,公孙离,杨戬,刘禅","钟无艳,王昭君,元流之子(射手),镜,刘邦"
刘禅,刘邦,16,阵营1 胜利,"蒙恬,王昭君,后羿,铠,刘邦","关羽,大乔,莱西奥,马超,刘禅"
刘禅,刘邦,17,阵营1 胜利,"亚瑟,沈梦溪,戈娅,阿古朵,刘邦","白起,嫦娥,蚩奼,阿轲,刘禅"
刘禅,刘邦,18,阵营1 胜利,"影,姜子牙,虞姬,裴擒虎,刘邦","关羽,沈梦溪,艾琳,杨戬,刘禅"
刘禅,刘邦,19,阵营1 胜利,"廉颇,沈梦溪,虞姬,马超,刘邦","哪吒,不知火舞,李信,阿轲,刘禅"
刘禅,张良,1,阵营2 胜利,"老夫子,高渐离,元流之子(射手),橘右京,刘禅","蚩奼,周瑜,戈娅,镜,张良"
刘禅,张良,2,阵营2 胜利,"蚩奼,不知火舞,孙权,孙悟空,刘禅","狂铁,嫦娥,虞姬,橘右京,张良"
刘禅,张良,3,阵营2 胜利,"元歌,嫦娥,戈娅,梦奇,张良","关羽,武则天,元流之子(射手),孙悟空,刘禅"
刘禅,张良,4,阵营2 胜利,"哪吒,诸葛亮,戈娅,露娜,刘禅","狂铁,海月,李信,盘古,张良"
刘禅,张良,5,阵营1 胜利,"关羽,干将莫邪,公孙离,镜,刘禅","司空震,诸葛亮,元流之子(射手),橘右京,张良"
刘禅,张良,6,阵营1 胜利,"兰陵王,嫦娥,孙权,哪吒,张良","马超,姜子牙,百里守约,诸葛亮,刘禅"
刘禅,张良,7,阵营2 胜利,"老夫子,嫦娥,伽罗,孙悟空,刘禅","影,不知火舞,戈娅,诸葛亮,张良"
刘禅,张良,8,阵营1 胜利,"哪吒,元流之子(法师),戈娅,镜,张良","司空震,嫦娥,虞姬,马超,刘禅"
刘禅,张良,9,阵营2 胜利,"司空震,大乔,戈娅,澜,刘禅","蚩奼,沈梦溪,公孙离,镜,张良"
刘禅,张良,10,阵营2 胜利,"哪吒,貂蝉,戈娅,裴擒虎,刘禅","姬小满,不知火舞,虞姬,马超,张良"
刘禅,张良,11,阵营1 胜利,"马超,干将莫邪,公孙离,赵云,张良","哪吒,西施,戈娅,司马懿,刘禅"
刘禅,张良,12,阵营1 胜利,"狂铁,嫦娥,百里守约,暃,张良","海诺,诸葛亮,艾琳,铠,刘禅"
刘禅,张良,13,阵营1 胜利,"元流之子(坦克),王昭君,敖隐,韩信,刘禅","影,女娲,狄仁杰,镜,张良"
刘禅,张良,14,阵营2 胜利,"花木兰,女娲,李信,诸葛亮,刘禅","哪吒,沈梦溪,戈娅,马超,张良"
刘禅,张良,15,阵营2 胜利,"夏洛特,嫦娥,元流之子(射手),露娜,刘禅","姬小满,姜子牙,敖隐,元流之子(刺客),张良"
刘禅,张良,16,阵营1 胜利,"影,妲己,李信,马超,张良","猪八戒,女娲,孙权,露娜,刘禅"
刘禅,张良,17,阵营1 胜利,"元流之子(坦克),安琪拉,公孙离,韩信,张良","猪八戒,貂蝉,戈娅,盘古,刘禅"
刘禅,张良,18,阵营1 胜利,"狂铁,沈梦溪,艾琳,橘右京,刘禅","元歌,女娲,元流之子(射手),哪吒,张良"
刘禅,张良,19,阵营2 胜利,"哪吒,小乔,蚩奼,韩信,刘禅","狂铁,嫦娥,元流之子(射手),曜,张良"
刘禅,朵莉亚,1,阵营2 胜利,"老夫子,女娲,元流之子(射手),典韦,朵莉亚","花木兰,大乔,苍,司马懿,刘禅"
刘禅,朵莉亚,2,阵营2 胜利,"亚瑟,女娲,元流之子(射手),阿古朵,刘禅","狂铁,安琪拉,敖隐,宫本武藏,朵莉亚"
刘禅,朵莉亚,3,阵营2 胜利,"老夫子,沈梦溪,敖隐,镜,朵莉亚","花木兰,杨玉环,公孙离,马超,刘禅"
刘禅,朵莉亚,4,阵营1 胜利,"蒙恬,海月,莱西奥,橘右京,朵莉亚","曹操,不知火舞,元流之子(射手),澜,刘禅"
刘禅,朵莉亚,5,阵营2 胜利,"哪吒,甄姬,敖隐,元流之子(刺客),朵莉亚","猪八戒,海月,虞姬,百里玄策,刘禅"
刘禅,朵莉亚,6,阵营2 胜利,"花木兰,王昭君,公孙离,镜,朵莉亚","夏洛特,诸葛亮,苍,盘古,刘禅"
刘禅,朵莉亚,7,阵营2 胜利,"司空震,甄姬,孙权,典韦,刘禅","哪吒,海诺,元流之子(射手),杨戬,朵莉亚"
刘禅,朵莉亚,8,阵营1 胜利,"关羽,大乔,戈娅,云缨,刘禅","狂铁,武则天,元流之子(射手),赵云,朵莉亚"
刘禅,朵莉亚,9,阵营1 胜利,"蒙恬,沈梦溪,元流之子(射手),镜,朵莉亚","哪吒,张良,苍,孙悟空,刘禅"
刘禅,朵莉亚,10,阵营2 胜利,"老夫子,周瑜,艾琳,裴擒虎,刘禅","关羽,上官婉儿,蚩奼,百里玄策,朵莉亚"
刘禅,朵莉亚,11,阵营1 胜利,"影,嫦娥,戈娅,哪吒,朵莉亚","蚩奼,海诺,元流之子(射手),裴擒虎,刘禅"
刘禅,朵莉亚,12,阵营1 胜利,"达摩,女娲,敖隐,孙悟空,朵莉亚","芈月,小乔,李信,百里玄策,刘禅"
刘禅,朵莉亚,13,阵营2 胜利,"狂铁,嫦娥,敖隐,韩信,刘禅","杨戬,武则天,虞姬,云缨,朵莉亚"
刘禅,朵莉亚,14,阵营1 胜利,"元歌,嫦娥,孙权,橘右京,刘禅","哪吒,不知火舞,戈娅,孙悟空,朵莉亚"
刘禅,朵莉亚,15,阵营2 胜利,"关羽,武则天,艾琳,镜,刘禅","哪吒,诸葛亮,元流之子(射手),娜可露露,朵莉亚"
刘禅,朵莉亚,16,阵营2 胜利,"马超,女娲,李信,云中君,刘禅","司空震,西施,虞姬,镜,朵莉亚"
刘禅,朵莉亚,17,阵营2 胜利,"司空震,西施,戈娅,哪吒,朵莉亚","蒙恬,沈梦溪,马可波罗,马超,刘禅"
刘禅,朵莉亚,18,阵营2 胜利,"影,武则天,虞姬,露娜,朵莉亚","程咬金,诸葛亮,公孙离,马超,刘禅"
刘禅,朵莉亚,19,阵营1 胜利,"司空震,嬴政,公孙离,孙悟空,朵莉亚","哪吒,海诺,元流之子(射手),韩信,刘禅"
刘禅,牛魔,1,阵营1 胜利,"哪吒,女娲,孙权,暃,牛魔","老夫子,西施,戈娅,裴擒虎,刘禅"
刘禅,牛魔,2,阵营1 胜利,"司空震,上官婉儿,戈娅,雅典娜,刘禅","曹操,武则天,元流之子(射手),诸葛亮,牛魔"
刘禅,牛魔,3,阵营1 胜利,"梦奇,沈梦溪,李信,露娜,刘禅","吕布,大乔,戈娅,诸葛亮,牛魔"
刘禅,牛魔,4,阵营2 胜利,"花木兰,海月,公孙离,雅典娜,牛魔","元歌,甄姬,元流之子(射手),韩信,刘禅"
刘禅,牛魔,5,阵营1 胜利,"杨戬,沈梦溪,元流之子(射手),诸葛亮,刘禅","橘右京,大乔,孙尚香,百里玄策,牛魔"
刘禅,牛魔,6,阵营2 胜利,"司空震,沈梦溪,虞姬,孙悟空,刘禅","哪吒,杨玉环,元流之子(射手),雅典娜,牛魔"
刘禅,牛魔,7,阵营2 胜利,"孙策,女娲,李信,李元芳,刘禅","曹操,甄姬,蚩奼,曜,牛魔"
刘禅,牛魔,8,阵营2 胜利,"影,嫦娥,苍,露娜,刘禅","狂铁,甄姬,蚩奼,镜,牛魔"
刘禅,牛魔,9,阵营1 胜利,"司空震,女娲,元流之子(射手),赵云,牛魔","芈月,杨玉环,公孙离,典韦,刘禅"
刘禅,牛魔,10,阵营1 胜利,"狂铁,不知火舞,蚩奼,铠,刘禅","曹操,甄姬,元流之子(射手),诸葛亮,牛魔"
刘禅,牛魔,11,阵营2 胜利,"马超,元流之子(法师),戈娅,百里玄策,刘禅","芈月,沈梦溪,狄仁杰,云缨,牛魔"
刘禅,牛魔,12,阵营1 胜利,"影,沈梦溪,敖隐,镜,牛魔","杨戬,女娲,元流之子(射手),暃,刘禅"
刘禅,牛魔,13,阵营2 胜利,"东皇太一,不知火舞,孙权,马超,牛魔","老夫子,王昭君,百里守约,韩信,刘禅"
刘禅,牛魔,14,阵营2 胜利,"曹操,女娲,苍,宫本武藏,牛魔","老夫子,小乔,孙尚香,大司命,刘禅"
刘禅,牛魔,15,阵营1 胜利,"曹操,甄姬,后羿,马超,牛魔","蚩奼,嫦娥,戈娅,诸葛亮,刘禅"
刘禅,牛魔,16,阵营2 胜利,"司空震,武则天,虞姬,盘古,刘禅","哪吒,女娲,公孙离,暃,牛魔"
刘禅,牛魔,17,阵营2 胜利,"大司命,诸葛亮,虞姬,马超,刘禅","蒙恬,上官婉儿,元流之子(射手),百里玄策,牛魔"
刘禅,牛魔,18,阵营2 胜利,"马超,嫦娥,戈娅,暃,牛魔","元歌,海月,元流之子(射手),韩信,刘禅"
刘禅,牛魔,19,阵营2 胜利,"哪吒,沈梦溪,公孙离,梦奇,牛魔","吕布,嫦娥,元流之子(射手),宫本武藏,刘禅"
刘禅,张飞,1,阵营1 胜利,"元歌,诸葛亮,元流之子(射手),阿古朵,刘禅","夏洛特,不知火舞,后羿,暃,张飞"
刘禅,张飞,2,阵营1 胜利,"蒙恬,沈梦溪,元流之子(射手),孙悟空,刘禅","元歌,姜子牙,蚩奼,云缨,张飞"
刘禅,张飞,3,阵营1 胜利,"司空震,大乔,敖隐,裴擒虎,刘禅","白起,沈梦溪,公孙离,铠,张飞"
刘禅,张飞,4,阵营2 胜利,"马超,杨玉环,元流之子(射手),云缨,刘禅","老夫子,沈梦溪,马可波罗,宫本武藏,张飞"
刘禅,张飞,5,阵营1 胜利,"狂铁,弈星,公孙离,娜可露露,张飞","关羽,海月,蚩奼,暃,刘禅"
刘禅,张飞,6,阵营2 胜利,"狂铁,诸葛亮,戈娅,赵云,张飞","老夫子,武则天,艾琳,橘右京,刘禅"
刘禅,张飞,7,阵营1 胜利,"兰陵王,沈梦溪,戈娅,宫本武藏,刘禅","亚瑟,杨玉环,蚩奼,裴擒虎,张飞"
刘禅,张飞,8,阵营2 胜利,"司空震,高渐离,蚩奼,孙悟空,张飞","曹操,上官婉儿,元流之子(射手),百里玄策,刘禅"
刘禅,张飞,9,阵营2 胜利,"刘邦,沈梦溪,后羿,暃,张飞","蚩奼,貂蝉,莱西奥,哪吒,刘禅"
刘禅,张飞,10,阵营2 胜利,"曹操,貂蝉,狄仁杰,阿古朵,刘禅","司空震,沈梦溪,李信,曜,张飞"
刘禅,张飞,11,阵营1 胜利,"达摩,沈梦溪,元流之子(射手),孙悟空,张飞","杨戬,不知火舞,公孙离,诸葛亮,刘禅"
刘禅,张飞,12,阵营1 胜利,"老夫子,嫦娥,蚩奼,雅典娜,张飞","夏洛特,海诺,李信,孙悟空,刘禅"
刘禅,张飞,13,阵营1 胜利,"哪吒,杨玉环,后羿,诸葛亮,刘禅","苏烈,武则天,元流之子(射手),裴擒虎,张飞"
刘禅,张飞,14,阵营2 胜利,"狂铁,嫦娥,后羿,宫本武藏,张飞","关羽,大乔,李信,百里玄策,刘禅"
刘禅,张飞,15,阵营1 胜利,"花木兰,上官婉儿,司空震,孙悟空,张飞","哪吒,甄姬,虞姬,云中君,刘禅"
刘禅,张飞,16,阵营1 胜利,"元歌,貂蝉,苍,李元芳,刘禅","关羽,女娲,戈娅,暃,张飞"
刘禅,张飞,17,阵营2 胜利,"蒙恬,不知火舞,艾琳,马超,刘禅","老夫子,上官婉儿,孙权,裴擒虎,张飞"
刘禅,张飞,18,阵营1 胜利,"杨戬,女娲,戈娅,暃,刘禅","司空震,杨玉环,蚩奼,马超,张飞"
刘禅,张飞,19,阵营1 胜利,"白起,西施,公孙离,雅典娜,刘禅","关羽,大乔,元流之子(射手),镜,张飞"
刘禅,钟馗,1,阵营1 胜利,"哪吒,小乔,马可波罗,元流之子(刺客),刘禅","大司命,诸葛亮,艾琳,宫本武藏,钟馗"
刘禅,钟馗,2,阵营1 胜利,"蒙恬,海诺,李信,大司命,刘禅","老夫子,元流之子(法师),孙权,马超,钟馗"
刘禅,钟馗,3,阵营1 胜利,"梦奇,干将莫邪,蚩奼,赵云,钟馗","影,武则天,狄仁杰,云缨,刘禅"
刘禅,钟馗,4,阵营1 胜利,"元歌,海月,公孙离,李白,刘禅","司空震,安琪拉,蚩奼,云中君,钟馗"
刘禅,钟馗,5,阵营2 胜利,"司空震,甄姬,云缨,钟馗,杨戬,杨玉环,苍,镜,刘禅",未集齐10人
刘禅,钟馗,6,阵营1 胜利,"影,不知火舞,狄仁杰,裴擒虎,钟馗","花木兰,沈梦溪,司空震,镜,刘禅"
刘禅,钟馗,7,阵营2 胜利,"亚瑟,不知火舞,狄仁杰,铠,刘禅","哪吒,沈梦溪,戈娅,镜,钟馗"
刘禅,钟馗,8,阵营2 胜利,"花木兰,小乔,司空震,韩信,钟馗","狂铁,貂蝉,戈娅,暃,刘禅"
刘禅,钟馗,9,阵营1 胜利,"花木兰,杨玉环,敖隐,暃,钟馗","兰陵王,墨子,虞姬,孙悟空,刘禅"
刘禅,钟馗,10,阵营2 胜利,"狂铁,不知火舞,蒙犽,镜,刘禅","亚瑟,小乔,伽罗,云中君,钟馗"
刘禅,钟馗,11,阵营2 胜利,"杨戬,小乔,戈娅,诸葛亮,钟馗","曹操,沈梦溪,元流之子(射手),铠,刘禅"
刘禅,钟馗,12,阵营2 胜利,"夏洛特,大乔,虞姬,百里玄策,刘禅","影,武则天,元流之子(射手),裴擒虎,钟馗"
刘禅,钟馗,13,阵营2 胜利,"哪吒,不知火舞,公孙离,韩信,钟馗","蚩奼,杨玉环,戈娅,百里玄策,刘禅"
刘禅,钟馗,14,阵营1 胜利,"夏洛特,小乔,苍,马超,刘禅","老夫子,杨玉环,戈娅,澜,钟馗"
刘禅,钟馗,15,阵营2 胜利,"杨戬,沈梦溪,虞姬,暃,钟馗","影,上官婉儿,元流之子(射手),李白,刘禅"
刘禅,钟馗,16,阵营1 胜利,"哪吒,沈梦溪,蚩奼,梦奇,钟馗","老夫子,诸葛亮,元流之子(射手),百里玄策,刘禅"
刘禅,钟馗,17,阵营1 胜利,"曹操,小乔,蚩奼,阿古朵,刘禅","哪吒,不知火舞,戈娅,铠,钟馗"
刘禅,钟馗,18,阵营1 胜利,"司空震,不知火舞,虞姬,裴擒虎,刘禅","芈月,杨玉环,戈娅,镜,钟馗"
刘禅,钟馗,19,阵营2 胜利,"司空震,女娲,戈娅,阿古朵,钟馗","马超,嫦娥,虞姬,暃,刘禅"
刘禅,杨玉环,1,阵营2 胜利,"蚩奼,嫦娥,敖隐,宫本武藏,杨玉环","司空震,沈梦溪,艾琳,马超,刘禅"
刘禅,杨玉环,2,阵营2 胜利,"司空震,大乔,戈娅,露娜,刘禅","马超,嫦娥,苍,镜,杨玉环"
刘禅,杨玉环,3,阵营1 胜利,"吕布,沈梦溪,百里守约,暃,杨玉环","孙策,女娲,艾琳,赵云,刘禅"
刘禅,杨玉环,4,阵营1 胜利,"老夫子,苍,嬴政,娜可露露,杨玉环","司空震,沈梦溪,元流之子(射手),孙悟空,刘禅"
刘禅,杨玉环,5,阵营2 胜利,"司空震,金蝉,蚩奼,马超,刘禅","项羽,女娲,百里守约,镜,杨玉环"
刘禅,杨玉环,6,阵营1 胜利,"哪吒,诸葛亮,虞姬,镜,杨玉环","孙策,海月,元流之子(射手),暃,刘禅"
刘禅,杨玉环,7,阵营2 胜利,"钟无艳,海月,元流之子(射手),雅典娜,刘禅","狂铁,沈梦溪,孙尚香,阿古朵,杨玉环"
刘禅,杨玉环,8,阵营2 胜利,"马超,戈娅,海诺,暃,刘禅","狂铁,诸葛亮,元流之子(射手),曜,杨玉环"
刘禅,杨玉环,9,阵营2 胜利,"夏洛特,弈星,元流之子(射手),马超,刘禅","关羽,沈梦溪,百里守约,镜,杨玉环"
刘禅,杨玉环,10,阵营2 胜利,"花木兰,小乔,元流之子(射手),赵云,杨玉环","关羽,米莱狄,百里守约,典韦,刘禅"
刘禅,杨玉环,11,阵营1 胜利,"曹操,沈梦溪,戈娅,裴擒虎,杨玉环","芈月,不知火舞,李信,猪八戒,刘禅"
刘禅,杨玉环,12,阵营2 胜利,"夏洛特,嬴政,戈娅,铠,杨玉环","司空震,海诺,蚩奼,曜,刘禅"
刘禅,杨玉环,13,阵营2 胜利,"孙策,不知火舞,戈娅,阿古朵,杨玉环","花木兰,嫦娥,元流之子(射手),韩信,刘禅"
刘禅,杨玉环,14,阵营2 胜利,"关羽,诸葛亮,元流之子(射手),赵云,刘禅","狂铁,沈梦溪,蚩奼,阿古朵,杨玉环"
刘禅,杨玉环,15,阵营2 胜利,"哪吒,女娲,元流之子(射手),曜,杨玉环","狂铁,貂蝉,虞姬,韩信,刘禅"
刘禅,杨玉环,16,阵营1 胜利,"关羽,武则天,虞姬,司马懿,刘禅","达摩,弈星,敖隐,澜,杨玉环"
刘禅,杨玉环,17,阵营2 胜利,"花木兰,米莱狄,戈娅,镜,杨玉环","关羽,王昭君,鲁班七号,大司命,刘禅"
刘禅,杨玉环,18,阵营2 胜利,"老夫子,海诺,后羿,马超,杨玉环","狂铁,沈梦溪,孙权,镜,刘禅"
刘禅,杨玉环,19,阵营2 胜利,"影,女娲,元流之子(射手),宫本武藏,杨玉环","哪吒,弈星,后羿,阿古朵,刘禅"
刘禅,蔡文姬,1,阵营2 胜利,"影,不知火舞,后羿,赵云,刘禅","夏洛特,嫦娥,蚩奼,裴擒虎,蔡文姬"
刘禅,蔡文姬,2,阵营1 胜利,"影,不知火舞,元流之子(射手),镜,蔡文姬","曹操,西施,敖隐,百里玄策,刘禅"
刘禅,蔡文姬,3,阵营2 胜利,"蒙恬,沈梦溪,孙尚香,阿轲,蔡文姬","狂铁,小乔,百里守约,李白,刘禅"
刘禅,蔡文姬,4,阵营2 胜利,"司空震,沈梦溪,孙权,百里玄策,蔡文姬","蚩奼,妲己,元流之子(射手),诸葛亮,刘禅"
刘禅,蔡文姬,5,阵营2 胜利,"廉颇,诸葛亮,苍,大司命,蔡文姬","蚩奼,姜子牙,元流之子(射手),韩信,刘禅"
刘禅,蔡文姬,6,阵营1 胜利,"关羽,杨玉环,公孙离,镜,刘禅","影,诸葛亮,戈娅,哪吒,蔡文姬"
刘禅,蔡文姬,7,阵营2 胜利,"芈月,女娲,狄仁杰,裴擒虎,蔡文姬","杨戬,海月,艾琳,马超,刘禅"
刘禅,蔡文姬,8,阵营2 胜利,"狂铁,嫦娥,戈娅,马超,蔡文姬","钟无艳,诸葛亮,元流之子(射手),铠,刘禅"
刘禅,蔡文姬,9,阵营2 胜利,"影,小乔,狄仁杰,暃,蔡文姬","司空震,貂蝉,孙权,云中君,刘禅"
刘禅,蔡文姬,10,阵营2 胜利,"关羽,沈梦溪,公孙离,宫本武藏,刘禅","曹操,杨玉环,元流之子(射手),司马懿,蔡文姬"
刘禅,蔡文姬,11,阵营2 胜利,"影,诸葛亮,蚩奼,元流之子(刺客),蔡文姬","钟无艳,沈梦溪,戈娅,铠,刘禅"
刘禅,蔡文姬,12,阵营1 胜利,"狂铁,安琪拉,元流之子(射手),李元芳,刘禅","元歌,不知火舞,孙尚香,元流之子(刺客),蔡文姬"
刘禅,蔡文姬,13,阵营2 胜利,"花木兰,嫦娥,元流之子(射手),马超,蔡文姬","影,诸葛亮,莱西奥,澜,刘禅"
刘禅,蔡文姬,14,阵营1 胜利,"影,诸葛亮,元歌,李元芳,刘禅","司空震,大乔,公孙离,镜,蔡文姬"
刘禅,蔡文姬,15,阵营1 胜利,"猪八戒,沈梦溪,元流之子(射手),百里玄策,蔡文姬","狂铁,上官婉儿,孙权,元流之子(刺客),刘禅"
刘禅,蔡文姬,16,阵营1 胜利,"司空震,女娲,孙尚香,兰陵王,刘禅","影,诸葛亮,虞姬,阿古朵,蔡文姬"
刘禅,蔡文姬,17,阵营2 胜利,"元歌,高渐离,李信,曜,刘禅","蒙恬,小乔,戈娅,马超,蔡文姬"
刘禅,蔡文姬,18,阵营2 胜利,"元歌,沈梦溪,元流之子(射手),宫本武藏,刘禅","杨戬,武则天,虞姬,镜,蔡文姬"
刘禅,蔡文姬,19,阵营1 胜利,"蚩奼,武则天,狄仁杰,裴擒虎,刘禅","元流之子(坦克),沈梦溪,艾琳,橘右京,蔡文姬"
刘禅,太乙真人,1,阵营2 胜利,"刘邦,杨玉环,李信,镜,刘禅","花木兰,大乔,孙权,诸葛亮,太乙真人"
刘禅,太乙真人,2,阵营2 胜利,"老夫子,嫦娥,蚩奼,孙悟空,刘禅","司空震,大乔,苍,裴擒虎,太乙真人"
刘禅,太乙真人,3,阵营2 胜利,"达摩,不知火舞,敖隐,露娜,太乙真人","元歌,小乔,元流之子(射手),马超,刘禅"
刘禅,太乙真人,4,阵营2 胜利,"哪吒,海月,戈娅,马超,太乙真人","影,海诺,蚩奼,雅典娜,刘禅"
刘禅,太乙真人,5,阵营2 胜利,"夏洛特,武则天,百里守约,暃,太乙真人","蚩奼,大乔,公孙离,铠,刘禅"
刘禅,太乙真人,6,阵营2 胜利,"哪吒,诸葛亮,敖隐,宫本武藏,太乙真人","花木兰,嫦娥,李信,韩信,刘禅"
刘禅,太乙真人,7,阵营1 胜利,"姬小满,海诺,元流之子(射手),镜,太乙真人","猪八戒,沈梦溪,狄仁杰,云缨,刘禅"
刘禅,太乙真人,8,阵营2 胜利,"元流之子(坦克),司马懿,后羿,镜,刘禅","蒙恬,诸葛亮,戈娅,马超,太乙真人"
刘禅,太乙真人,9,阵营2 胜利,"司空震,王昭君,孙尚香,铠,太乙真人","蚩奼,嫦娥,百里守约,马超,刘禅"
刘禅,太乙真人,10,阵营1 胜利,"白起,高渐离,蚩奼,娜可露露,刘禅","蒙恬,嫦娥,虞姬,铠,太乙真人"
刘禅,太乙真人,11,阵营1 胜利,"曹操,杨玉环,虞姬,李元芳,刘禅","嫦娥,貂蝉,公孙离,孙悟空,太乙真人"
刘禅,太乙真人,12,阵营1 胜利,"哪吒,干将莫邪,孙尚香,露娜,太乙真人","司空震,诸葛亮,李信,曜,刘禅"
刘禅,太乙真人,13,阵营2 胜利,"蚩奼,沈梦溪,戈娅,司马懿,太乙真人","影,武则天,虞姬,哪吒,刘禅"
刘禅,太乙真人,14,阵营2 胜利,"曹操,嫦娥,狄仁杰,裴擒虎,刘禅","貂蝉,武则天,后羿,百里玄策,太乙真人"
刘禅,太乙真人,15,阵营1 胜利,"哪吒,女娲,元流之子(射手),暃,刘禅","老夫子,不知火舞,李信,镜,太乙真人"
刘禅,太乙真人,16,阵营1 胜利,"老夫子,小乔,戈娅,暃,太乙真人","狂铁,诸葛亮,元流之子(射手),阿古朵,刘禅"
刘禅,太乙真人,17,阵营2 胜利,"司空震,沈梦溪,蒙犽,暃,太乙真人","元歌,不知火舞,元流之子(射手),云缨,刘禅"
刘禅,太乙真人,18,阵营1 胜利,"元歌,弈星,孙权,裴擒虎,刘禅","关羽,女娲,狄仁杰,赵云,太乙真人"
刘禅,太乙真人,19,阵营2 胜利,"蚩奼,女娲,公孙离,司马懿,刘禅","姬小满,海月,元流之子(射手),裴擒虎,太乙真人"
刘禅,东皇太一,1,阵营1 胜利,"蚩奼,海月,元歌,司马懿,东皇太一","曹操,沈梦溪,李信,夏侯惇,刘禅"
刘禅,东皇太一,2,阵营1 胜利,"影,西施,后羿,暃,东皇太一","关羽,沈梦溪,戈娅,韩信,刘禅"
刘禅,东皇太一,3,阵营2 胜利,"哪吒,姜子牙,敖隐,百里玄策,东皇太一","杨戬,嫦娥,孙尚香,典韦,刘禅"
刘禅,东皇太一,4,阵营2 胜利,"曹操,嫦娥,蚩奼,暃,刘禅","狂铁,沈梦溪,李信,阿古朵,东皇太一"
刘禅,东皇太一,5,阵营1 胜利,"司空震,嫦娥,敖隐,司马懿,刘禅","夏洛特,嬴政,元流之子(射手),李白,东皇太一"
刘禅,东皇太一,6,阵营1 胜利,"老夫子,小乔,公孙离,百里玄策,刘禅","夏洛特,甄姬,李信,阿古朵,东皇太一"
刘禅,东皇太一,7,阵营1 胜利,"哪吒,沈梦溪,公孙离,裴擒虎,刘禅","关羽,海诺,孙权,百里玄策,东皇太一"
刘禅,东皇太一,8,阵营1 胜利,"花木兰,上官婉儿,孙尚香,裴擒虎,刘禅","司空震,元流之子(法师),艾琳,孙悟空,东皇太一"
刘禅,东皇太一,9,阵营2 胜利,"元歌,不知火舞,蚩奼,雅典娜,刘禅","哪吒,大乔,元流之子(射手),暃,东皇太一"
刘禅,东皇太一,10,阵营1 胜利,"元歌,沈梦溪,戈娅,裴擒虎,东皇太一","姬小满,武则天,李信,孙悟空,刘禅"
刘禅,东皇太一,11,阵营2 胜利,"杨戬,小乔,公孙离,暃,刘禅","梦奇,诸葛亮,戈娅,娜可露露,东皇太一"
刘禅,东皇太一,12,阵营1 胜利,"司空震,杨玉环,元流之子(射手),孙悟空,东皇太一","夏洛特,海诺,艾琳,镜,刘禅"
刘禅,东皇太一,13,阵营2 胜利,"达摩,不知火舞,虞姬,橘右京,刘禅","夏洛特,女娲,元流之子(射手),马超,东皇太一"
刘禅,东皇太一,14,阵营2 胜利,"关羽,小乔,敖隐,露娜,刘禅","海诺,高渐离,公孙离,韩信,东皇太一"
刘禅,东皇太一,15,阵营2 胜利,"廉颇,墨子,元流之子(射手),孙悟空,刘禅","元歌,嫦娥,蚩奼,兰陵王,东皇太一"
刘禅,东皇太一,16,阵营2 胜利,"狂铁,大乔,孙权,百里玄策,刘禅","司空震,嫦娥,元流之子(射手),铠,东皇太一"
刘禅,东皇太一,17,阵营1 胜利,"花木兰,甄姬,虞姬,镜,东皇太一","司空震,高渐离,元流之子(射手),哪吒,刘禅"
刘禅,东皇太一,18,阵营2 胜利,"达摩,女娲,百里守约,镜,刘禅","狂铁,姜子牙,孙权,雅典娜,东皇太一"
刘禅,东皇太一,19,阵营1 胜利,"影,杨玉环,敖隐,曜,刘禅","老夫子,西施,后羿,裴擒虎,东皇太一"
刘禅,大禹,1,阵营2 胜利,"孙策,甄姬,蚩奼,曹操,刘禅","马超,西施,李元芳,阿古朵,大禹"
刘禅,大禹,2,阵营1 胜利,"司空震,貂蝉,公孙离,梦奇,刘禅","夏洛特,诸葛亮,莱西奥,盘古,大禹"
刘禅,大禹,3,阵营2 胜利,"兰陵王,貂蝉,元流之子(射手),大司命,大禹","司空震,甄姬,李信,镜,刘禅"
刘禅,大禹,4,阵营1 胜利,"老夫子,王昭君,敖隐,大司命,大禹","夏洛特,貂蝉,公孙离,露娜,刘禅"
刘禅,大禹,5,阵营1 胜利,"元歌,沈梦溪,虞姬,宫本武藏,大禹","司空震,嫦娥,公孙离,赵云,刘禅"
刘禅,大禹,6,阵营2 胜利,"老夫子,女娲,孙尚香,阿古朵,刘禅","关羽,不知火舞,蚩奼,曜,大禹"
刘禅,大禹,7,阵营1 胜利,"元歌,沈梦溪,李信,镜,大禹","马超,高渐离,元流之子(射手),暃,刘禅"
刘禅,大禹,8,阵营2 胜利,"哪吒,嫦娥,元流之子(射手),马超,大禹","蒙恬,貂蝉,艾琳,镜,刘禅"
刘禅,大禹,9,阵营1 胜利,"曹操,沈梦溪,戈娅,裴擒虎,刘禅","司空震,不知火舞,李信,云缨,大禹"
刘禅,大禹,10,阵营2 胜利,"元歌,嫦娥,公孙离,大司命,大禹","孙策,沈梦溪,马可波罗,百里玄策,刘禅"
刘禅,大禹,11,阵营1 胜利,"姬小满,不知火舞,艾琳,元流之子(坦克),大禹","关羽,甄姬,伽罗,橘右京,刘禅"
刘禅,大禹,12,阵营2 胜利,"花木兰,女娲,敖隐,暃,刘禅","狂铁,干将莫邪,后羿,赵云,大禹"
刘禅,大禹,13,阵营2 胜利,"孙策,沈梦溪,元流之子(射手),典韦,刘禅","狂铁,上官婉儿,蚩奼,马超,大禹"
刘禅,大禹,14,阵营1 胜利,"花木兰,大乔,公孙离,梦奇,大禹","影,沈梦溪,戈娅,司马懿,刘禅"
刘禅,大禹,15,阵营1 胜利,"老夫子,杨玉环,公孙离,雅典娜,刘禅","关羽,诸葛亮,虞姬,赵云,大禹"
刘禅,大禹,16,阵营2 胜利,"元歌,武则天,蚩奼,镜,大禹","曹操,上官婉儿,戈娅,露娜,刘禅"
刘禅,大禹,17,阵营2 胜利,"姬小满,武则天,戈娅,暃,大禹","关羽,高渐离,李信,镜,刘禅"
刘禅,大禹,18,阵营2 胜利,"蚩奼,嬴政,元流之子(射手),暃,刘禅","猪八戒,嫦娥,公孙离,裴擒虎,大禹"
刘禅,大禹,19,阵营1 胜利,"花木兰,杨玉环,敖隐,橘右京,大禹","程咬金,王昭君,元流之子(射手),赵云,刘禅"
刘禅,鬼谷子,1,阵营2 胜利,"老夫子,甄姬,蚩奼,裴擒虎,刘禅","关羽,海月,孙权,暃,鬼谷子"
刘禅,鬼谷子,2,阵营2 胜利,"花木兰,嫦娥,公孙离,铠,鬼谷子","狂铁,上官婉儿,鲁班七号,诸葛亮,刘禅"
刘禅,鬼谷子,3,阵营1 胜利,"女娲,蚩奼,元歌,孙悟空,刘禅","哪吒,小乔,元流之子(射手),百里玄策,鬼谷子"
刘禅,鬼谷子,4,阵营2 胜利,"老夫子,沈梦溪,蚩奼,孙悟空,鬼谷子","司空震,大乔,公孙离,宫本武藏,刘禅"
刘禅,鬼谷子,5,阵营1 胜利,"蚩奼,甄姬,元流之子(射手),韩信,鬼谷子","狂铁,海月,苍,典韦,刘禅"
刘禅,鬼谷子,6,阵营2 胜利,"狂铁,沈梦溪,戈娅,阿轲,鬼谷子","杨戬,海月,元流之子(射手),裴擒虎,刘禅"
刘禅,鬼谷子,7,阵营1 胜利,"关羽,沈梦溪,戈娅,韩信,鬼谷子","司空震,嫦娥,公孙离,诸葛亮,刘禅"
刘禅,鬼谷子,8,阵营2 胜利,"亚瑟,嫦娥,艾琳,露娜,鬼谷子","夏洛特,沈梦溪,元流之子(射手),裴擒虎,刘禅"
刘禅,鬼谷子,9,阵营2 胜利,"蒙恬,小乔,戈娅,元流之子(刺客),鬼谷子","亚瑟,女娲,扁鹊,阿古朵,刘禅"
刘禅,鬼谷子,10,阵营2 胜利,"钟无艳,姜子牙,元流之子(射手),云缨,鬼谷子","亚瑟,沈梦溪,孙权,赵云,刘禅"
刘禅,鬼谷子,11,阵营2 胜利,"关羽,沈梦溪,戈娅,暃,刘禅","蒙恬,貂蝉,元流之子(射手),云缨,鬼谷子"
刘禅,鬼谷子,12,阵营2 胜利,"马超,沈梦溪,虞姬,雅典娜,鬼谷子","狂铁,嫦娥,元流之子(射手),云缨,刘禅"
刘禅,鬼谷子,13,阵营2 胜利,"关羽,西施,蚩奼,李白,刘禅","狂铁,元流之子(法师),狄仁杰,百里玄策,鬼谷子"
刘禅,鬼谷子,14,阵营2 胜利,"元歌,上官婉儿,蚩奼,裴擒虎,刘禅","哪吒,小乔,公孙离,镜,鬼谷子"
刘禅,鬼谷子,15,阵营2 胜利,"哪吒,不知火舞,蚩奼,大司命,刘禅","亚瑟,貂蝉,虞姬,韩信,鬼谷子"
刘禅,鬼谷子,16,阵营2 胜利,"影,小乔,公孙离,马超,鬼谷子","姬小满,高渐离,戈娅,百里玄策,刘禅"
刘禅,鬼谷子,17,阵营2 胜利,"程咬金,甄姬,艾琳,盘古,刘禅","孙策,貂蝉,元流之子(射手),裴擒虎,鬼谷子"
刘禅,鬼谷子,18,阵营2 胜利,"司空震,安琪拉,蚩奼,马超,刘禅","花木兰,高渐离,元流之子(射手),雅典娜,鬼谷子"
刘禅,鬼谷子,19,阵营2 胜利,"马超,嫦娥,戈娅,元流之子(刺客),鬼谷子","夏洛特,沈梦溪,马可波罗,宫本武藏,刘禅"
刘禅,大乔,1,阵营2 胜利,"橘右京,小乔,元流之子(射手),裴擒虎,刘禅","狂铁,甄姬,公孙离,赵云,大乔"
刘禅,大乔,2,阵营1 胜利,"兰陵王,诸葛亮,虞姬,曜,大乔","关羽,海诺,戈娅,宫本武藏,刘禅"
刘禅,大乔,3,阵营1 胜利,"夏洛特,海诺,公孙离,阿古朵,大乔","哪吒,米莱狄,元流之子(射手),镜,刘禅"
刘禅,大乔,4,阵营2 胜利,"曹操,不知火舞,敖隐,猪八戒,刘禅","花木兰,沈梦溪,公孙离,阿古朵,大乔"
刘禅,大乔,5,阵营1 胜利,"老夫子,弈星,李信,裴擒虎,刘禅","曹操,诸葛亮,元流之子(射手),杨戬,大乔"
刘禅,大乔,6,阵营2 胜利,"孙策,西施,戈娅,司马懿,刘禅","关羽,杨玉环,元流之子(射手),盘古,大乔"
刘禅,大乔,7,阵营2 胜利,"元歌,上官婉儿,孙尚香,韩信,大乔","哪吒,貂蝉,元流之子(射手),赵云,刘禅"
刘禅,大乔,8,阵营2 胜利,"曹操,不知火舞,孙权,裴擒虎,大乔","姬小满,高渐离,公孙离,马超,刘禅"
刘禅,大乔,9,阵营2 胜利,"老夫子,海月,李信,百里玄策,大乔","马超,女娲,戈娅,铠,刘禅"
刘禅,大乔,10,阵营1 胜利,"夏洛特,墨子,老夫子,马超,大乔","司空震,嫦娥,蚩奼,宫本武藏,刘禅"
刘禅,大乔,11,阵营2 胜利,"亚瑟,女娲,戈娅,阿古朵,刘禅","影,西施,元流之子(射手),杨戬,大乔"
刘禅,大乔,12,阵营1 胜利,"司空震,嫦娥,蚩奼,百里玄策,刘禅","老夫子,甄姬,孙尚香,裴擒虎,大乔"
刘禅,大乔,13,阵营2 胜利,"哪吒,高渐离,苍,镜,刘禅","夏洛特,小乔,公孙离,裴擒虎,大乔"
刘禅,大乔,14,阵营1 胜利,"蒙恬,甄姬,艾琳,典韦,大乔","猪八戒,沈梦溪,公孙离,曜,刘禅"
刘禅,大乔,15,阵营2 胜利,"花木兰,武则天,戈娅,百里玄策,刘禅","蚩奼,嫦娥,公孙离,韩信,大乔"
刘禅,大乔,16,阵营2 胜利,"达摩,不知火舞,元流之子(射手),李白,大乔","项羽,沈梦溪,百里守约,橘右京,刘禅"
刘禅,大乔,17,阵营2 胜利,"老夫子,嫦娥,苍,云缨,大乔","兰陵王,沈梦溪,戈娅,孙悟空,刘禅"
刘禅,大乔,18,阵营2 胜利,"关羽,女娲,公孙离,裴擒虎,大乔","狂铁,沈梦溪,蚩奼,宫本武藏,刘禅"
刘禅,大乔,19,阵营2 胜利,"关羽,高渐离,扁鹊,韩信,刘禅","白起,安琪拉,元流之子(射手),露娜,大乔"
刘禅,苏烈,1,阵营2 胜利,"哪吒,诸葛亮,敖隐,阿古朵,刘禅","芈月,海诺,公孙离,裴擒虎,苏烈"
刘禅,苏烈,2,阵营2 胜利,"夏洛特,元流之子(法师),苍,暃,刘禅","影,女娲,蚩奼,赵云,苏烈"
刘禅,苏烈,3,阵营2 胜利,"蚩奼,干将莫邪,元流之子(射手),裴擒虎,苏烈","元歌,貂蝉,蒙犽,李元芳,刘禅"
刘禅,苏烈,4,阵营2 胜利,"蒙恬,海月,敖隐,典韦,刘禅","程咬金,高渐离,公孙离,宫本武藏,苏烈"
刘禅,苏烈,5,阵营2 胜利,"芈月,诸葛亮,虞姬,赵云,刘禅","老夫子,杨玉环,艾琳,韩信,苏烈"
刘禅,苏烈,6,阵营2 胜利,"哪吒,海月,李信,镜,苏烈","花木兰,米莱狄,鲁班七号,裴擒虎,刘禅"
刘禅,苏烈,7,阵营1 胜利,"哪吒,嫦娥,虞姬,韩信,刘禅","司空震,貂蝉,蚩奼,裴擒虎,苏烈"
刘禅,苏烈,8,阵营1 胜利,"司空震,王昭君,百里守约,百里玄策,刘禅","狂铁,嫦娥,敖隐,马超,苏烈"
刘禅,苏烈,9,阵营2 胜利,"狂铁,小乔,元流之子(射手),云缨,刘禅","关羽,嫦娥,艾琳,典韦,苏烈"
刘禅,苏烈,10,阵营1 胜利,"夏洛特,西施,李信,宫本武藏,苏烈","马超,沈梦溪,莱西奥,铠,刘禅"
刘禅,苏烈,11,阵营1 胜利,"芈月,元流之子(法师),百里守约,韩信,苏烈","猪八戒,武则天,蚩奼,露娜,刘禅"
刘禅,苏烈,12,阵营1 胜利,"芈月,大乔,公孙离,大司命,苏烈","哪吒,杨玉环,蚩奼,裴擒虎,刘禅"
刘禅,苏烈,13,阵营1 胜利,"夏洛特,大乔,虞姬,杨戬,苏烈","马超,嫦娥,貂蝉,宫本武藏,刘禅"
刘禅,苏烈,14,阵营2 胜利,"司空震,沈梦溪,孙权,兰陵王,刘禅","姬小满,大乔,百里守约,裴擒虎,苏烈"
刘禅,苏烈,15,阵营2 胜利,"司空震,武则天,孙权,盘古,苏烈","马超,甄姬,戈娅,赵云,刘禅"
刘禅,苏烈,16,阵营2 胜利,"吕布,诸葛亮,蚩奼,哪吒,刘禅","孙策,沈梦溪,孙权,橘右京,苏烈"
刘禅,苏烈,17,阵营2 胜利,"蒙恬,杨玉环,蚩奼,韩信,苏烈","元流之子(坦克),西施,孙权,阿古朵,刘禅"
刘禅,苏烈,18,阵营2 胜利,"司空震,姜子牙,戈娅,马超,刘禅","老夫子,西施,蚩奼,韩信,苏烈"
刘禅,苏烈,19,阵营1 胜利,"狂铁,海月,公孙离,镜,苏烈","哪吒,弈星,司空震,裴擒虎,刘禅"
刘禅,明世隐,1,阵营2 胜利,"狂铁,海月,戈娅,赵云,明世隐","芈月,嫦娥,公孙离,韩信,刘禅"
刘禅,明世隐,2,阵营1 胜利,"老夫子,海月,莱西奥,裴擒虎,刘禅","影,武则天,艾琳,蚩奼,明世隐"
刘禅,明世隐,3,阵营2 胜利,"蚩奼,米莱狄,元流之子(射手),诸葛亮,明世隐","蒙恬,太乙真人,孙权,盘古,刘禅"
刘禅,明世隐,4,阵营2 胜利,"元歌,元流之子(法师),敖隐,李白,明世隐","马超,不知火舞,元流之子(射手),云缨,刘禅"
刘禅,明世隐,5,阵营1 胜利,"哪吒,嫦娥,元流之子(射手),杨戬,明世隐","元歌,诸葛亮,李信,百里玄策,刘禅"
刘禅,明世隐,6,阵营1 胜利,"马超,大乔,虞姬,阿古朵,刘禅","司空震,不知火舞,敖隐,哪吒,明世隐"
刘禅,瑶,1,阵营1 胜利,"影,不知火舞,元流之子(射手),梦奇,刘禅","孙策,诸葛亮,孙权,哪吒,瑶"
刘禅,瑶,2,阵营1 胜利,"曹操,嬴政,蚩奼,宫本武藏,刘禅","老夫子,上官婉儿,马可波罗,猪八戒,瑶"
刘禅,瑶,3,阵营2 胜利,"达摩,上官婉儿,公孙离,裴擒虎,刘禅","曹操,小乔,戈娅,杨戬,瑶"
刘禅,瑶,4,阵营2 胜利,"白起,诸葛亮,蚩奼,橘右京,刘禅","狂铁,嫦娥,孙权,云中君,瑶"
刘禅,瑶,5,阵营1 胜利,"梦奇,沈梦溪,戈娅,裴擒虎,刘禅","关羽,嫦娥,李信,铠,瑶"
刘禅,瑶,6,阵营1 胜利,"老夫子,杨玉环,孙权,韩信,瑶","夏洛特,小乔,蚩奼,宫本武藏,刘禅"
刘禅,瑶,7,阵营2 胜利,"影,元流之子(法师),艾琳,阿古朵,刘禅","狂铁,貂蝉,狄仁杰,孙悟空,瑶"
刘禅,瑶,8,阵营2 胜利,"哪吒,扁鹊,敖隐,镜,刘禅","曹操,小乔,艾琳,杨戬,瑶"
刘禅,瑶,9,阵营1 胜利,"影,杨玉环,蚩奼,诸葛亮,瑶","哪吒,小乔,戈娅,孙悟空,刘禅"
刘禅,瑶,10,阵营2 胜利,"蚩奼,上官婉儿,元流之子(射手),钟无艳,瑶","梦奇,女娲,李信,铠,刘禅"
刘禅,瑶,11,阵营1 胜利,"夏洛特,嫦娥,蒙犽,韩信,刘禅","花木兰,沈梦溪,百里守约,孙悟空,瑶"
刘禅,瑶,12,阵营1 胜利,"大司命,沈梦溪,苍,梦奇,刘禅","狂铁,西施,元流之子(射手),雅典娜,瑶"
刘禅,瑶,13,阵营1 胜利,"狂铁,金蝉,戈娅,马超,瑶","老夫子,安琪拉,元流之子(射手),典韦,刘禅"
刘禅,瑶,14,阵营1 胜利,"马超,女娲,戈娅,曜,瑶","老夫子,沈梦溪,元流之子(射手),百里玄策,刘禅"
刘禅,瑶,15,阵营2 胜利,"马超,姜子牙,戈娅,裴擒虎,瑶","花木兰,杨玉环,公孙离,诸葛亮,刘禅"
刘禅,瑶,16,阵营1 胜利,"夏洛特,嫦娥,李信,铠,刘禅","达摩,沈梦溪,后羿,司马懿,瑶"
刘禅,瑶,17,阵营1 胜利,"蚩奼,女娲,戈娅,李元芳,瑶","孙策,不知火舞,孙尚香,百里玄策,刘禅"
刘禅,瑶,18,阵营2 胜利,"狂铁,安琪拉,公孙离,马超,瑶","曹操,弈星,艾琳,孙悟空,刘禅"
刘禅,瑶,19,阵营1 胜利,"曹操,扁鹊,蚩奼,韩信,瑶","元歌,甄姬,元流之子(射手),李白,刘禅"
刘禅,盾山,1,阵营1 胜利,"兰陵王,杨玉环,蚩奼,裴擒虎,盾山","达摩,嫦娥,虞姬,云缨,刘禅"
刘禅,盾山,2,阵营2 胜利,"廉颇,嫦娥,戈娅,百里玄策,刘禅","老夫子,甄姬,蚩奼,阿轲,盾山"
刘禅,盾山,3,阵营2 胜利,"马超,女娲,戈娅,铠,盾山","夏洛特,貂蝉,蚩奼,杨戬,刘禅"
刘禅,盾山,4,阵营1 胜利,"亚连,武则天,戈娅,诸葛亮,刘禅","哪吒,太乙真人,苍,梦奇,盾山"
刘禅,盾山,5,阵营1 胜利,"杨戬,杨玉环,艾琳,宫本武藏,盾山","芈月,沈梦溪,元流之子(射手),李白,刘禅"
刘禅,盾山,6,阵营1 胜利,"马超,诸葛亮,艾琳,李元芳,盾山","影,沈梦溪,戈娅,阿古朵,刘禅"
刘禅,盾山,7,阵营2 胜利,"钟无艳,上官婉儿,孙权,韩信,刘禅","曹操,不知火舞,李信,诸葛亮,盾山"
刘禅,盾山,8,阵营2 胜利,"杨戬,杨玉环,狄仁杰,澜,盾山","曹操,女娲,蚩奼,暃,刘禅"
刘禅,盾山,9,阵营2 胜利,"刘邦,嫦娥,狄仁杰,李白,盾山","梦奇,不知火舞,戈娅,露娜,刘禅"
刘禅,盾山,10,阵营2 胜利,"关羽,沈梦溪,狄仁杰,韩信,盾山","影,海月,百里守约,孙悟空,刘禅"
刘禅,盾山,11,阵营2 胜利,"蒙恬,大乔,鲁班七号,元流之子(刺客),盾山","老夫子,高渐离,敖隐,梦奇,刘禅"
刘禅,盾山,12,阵营2 胜利,"关羽,女娲,孙权,阿古朵,刘禅","蒙恬,沈梦溪,蚩奼,铠,盾山"
刘禅,盾山,13,阵营2 胜利,"元歌,武则天,鲁班七号,云缨,盾山","狂铁,不知火舞,蚩奼,露娜,刘禅"
刘禅,盾山,14,阵营2 胜利,"老夫子,妲己,李信,诸葛亮,刘禅","曹操,干将莫邪,元流之子(射手),镜,盾山"
刘禅,盾山,15,阵营1 胜利,"元歌,沈梦溪,艾琳,孙悟空,盾山","蚩奼,高渐离,苍,镜,刘禅"
刘禅,盾山,16,阵营2 胜利,"蒙恬,嬴政,艾琳,典韦,盾山","关羽,甄姬,元流之子(射手),铠,刘禅"
刘禅,盾山,17,阵营1 胜利,"蒙恬,干将莫邪,元流之子(射手),司马懿,刘禅","司空震,弈星,狄仁杰,阿古朵,盾山"
刘禅,盾山,18,阵营1 胜利,"哪吒,海诺,敖隐,赵云,盾山","夏洛特,小乔,百里守约,云缨,刘禅"
刘禅,盾山,19,阵营1 胜利,"关羽,嫦娥,莱西奥,典韦,盾山","哪吒,杨玉环,李信,橘右京,刘禅"
刘禅,西施,1,阵营1 胜利,"司空震,沈梦溪,敖隐,赵云,刘禅","狂铁,嬴政,戈娅,大司命,西施"
刘禅,西施,2,阵营2 胜利,"老夫子,诸葛亮,元流之子(射手),阿古朵,西施","海诺,不知火舞,戈娅,赵云,刘禅"
刘禅,西施,3,阵营1 胜利,"夏洛特,海诺,蚩奼,百里玄策,刘禅","姬小满,嫦娥,艾琳,云缨,西施"
刘禅,西施,4,阵营2 胜利,"哪吒,嫦娥,李信,孙悟空,刘禅","曹操,杨玉环,蚩奼,司马懿,西施"
刘禅,西施,5,阵营2 胜利,"白起,沈梦溪,戈娅,暃,西施","曹操,貂蝉,司空震,宫本武藏,刘禅"
刘禅,西施,6,阵营2 胜利,"司空震,杨玉环,戈娅,雅典娜,西施","钟无艳,张良,公孙离,诸葛亮,刘禅"
刘禅,西施,7,阵营1 胜利,"狂铁,不知火舞,马可波罗,裴擒虎,刘禅","花木兰,诸葛亮,孙权,镜,西施"
刘禅,西施,8,阵营1 胜利,"元歌,嫦娥,元流之子(射手),阿古朵,刘禅","杨戬,扁鹊,艾琳,铠,西施"
刘禅,西施,9,阵营2 胜利,"花木兰,海月,孙尚香,雅典娜,西施","关羽,女娲,戈娅,铠,刘禅"
刘禅,西施,10,阵营1 胜利,"亚连,沈梦溪,戈娅,云缨,刘禅","老夫子,元流之子(法师),虞姬,暃,西施"
刘禅,西施,11,阵营1 胜利,"司空震,沈梦溪,戈娅,兰陵王,西施","梦奇,安琪拉,元流之子(射手),露娜,刘禅"
刘禅,西施,12,阵营2 胜利,"哪吒,嫦娥,敖隐,大司命,西施","关羽,貂蝉,虞姬,裴擒虎,刘禅"
刘禅,西施,13,阵营1 胜利,"花木兰,墨子,元流之子(射手),裴擒虎,西施","蚩奼,沈梦溪,公孙离,铠,刘禅"
刘禅,西施,14,阵营2 胜利,"姬小满,女娲,敖隐,镜,刘禅","司空震,杨玉环,苍,裴擒虎,西施"
刘禅,西施,15,阵营1 胜利,"马超,姜子牙,元流之子(射手),诸葛亮,刘禅","孙策,海月,孙权,露娜,西施"
刘禅,西施,16,阵营2 胜利,"猪八戒,诸葛亮,戈娅,杨戬,刘禅","元歌,武则天,苍,刘备,西施"
刘禅,西施,17,阵营2 胜利,"孙策,海月,蚩奼,云中君,西施","关羽,海诺,孙权,云缨,刘禅"
刘禅,鲁班大师,1,阵营1 胜利,"马超,诸葛亮,元流之子(射手),阿轲,刘禅","老夫子,女娲,戈娅,暃,鲁班大师"
刘禅,鲁班大师,2,阵营2 胜利,"孙悟空,女娲,蚩奼,宫本武藏,刘禅","司空震,海诺,苍,铠,鲁班大师"
刘禅,鲁班大师,3,阵营1 胜利,"马超,沈梦溪,元流之子(射手),宫本武藏,鲁班大师","关羽,杨玉环,蚩奼,裴擒虎,刘禅"
刘禅,鲁班大师,4,阵营2 胜利,"元歌,沈梦溪,戈娅,赵云,刘禅","关羽,嫦娥,元流之子(射手),镜,鲁班大师"
刘禅,鲁班大师,5,阵营2 胜利,"影,沈梦溪,敖隐,韩信,刘禅","曹操,安琪拉,艾琳,阿古朵,鲁班大师"
刘禅,鲁班大师,6,阵营2 胜利,"马超,海诺,孙尚香,阿轲,鲁班大师","吕布,安琪拉,蚩奼,盘古,刘禅"
刘禅,鲁班大师,7,阵营1 胜利,"司空震,上官婉儿,苍,马超,鲁班大师","姬小满,海诺,戈娅,裴擒虎,刘禅"
刘禅,鲁班大师,8,阵营2 胜利,"曹操,杨玉环,元流之子(射手),暃,刘禅","影,海月,戈娅,阿古朵,鲁班大师"
刘禅,鲁班大师,9,阵营2 胜利,"曹操,妲己,戈娅,赵云,刘禅","哪吒,干将莫邪,李信,马超,鲁班大师"
刘禅,鲁班大师,10,阵营2 胜利,"夏洛特,嫦娥,蚩奼,云缨,刘禅","元歌,金蝉,虞姬,暃,鲁班大师"
刘禅,鲁班大师,11,阵营2 胜利,"夏洛特,不知火舞,李信,哪吒,鲁班大师","曹操,杨玉环,元流之子(射手),马超,刘禅"
刘禅,鲁班大师,12,阵营2 胜利,"关羽,海月,鲁班七号,镜,鲁班大师","司空震,西施,元流之子(射手),孙悟空,刘禅"
刘禅,鲁班大师,13,阵营1 胜利,"元歌,武则天,虞姬,百里玄策,刘禅","孙策,大乔,孙权,阿古朵,鲁班大师"
刘禅,鲁班大师,14,阵营2 胜利,"马超,沈梦溪,百里守约,百里玄策,鲁班大师","司空震,嫦娥,戈娅,镜,刘禅"
刘禅,鲁班大师,15,阵营2 胜利,"老夫子,安琪拉,后羿,兰陵王,刘禅","曹操,小乔,公孙离,裴擒虎,鲁班大师"
刘禅,鲁班大师,16,阵营2 胜利,"司空震,嫦娥,孙权,赵云,刘禅","孙策,女娲,公孙离,孙悟空,鲁班大师"
刘禅,鲁班大师,17,阵营2 胜利,"姬小满,大乔,孙尚香,元流之子(刺客),刘禅","蒙恬,干将莫邪,敖隐,镜,鲁班大师"
刘禅,鲁班大师,18,阵营2 胜利,"关羽,女娲,后羿,阿轲,鲁班大师","曹操,上官婉儿,元流之子(射手),裴擒虎,刘禅"
刘禅,鲁班大师,19,阵营1 胜利,"蒙恬,女娲,百里守约,裴擒虎,鲁班大师","蚩奼,海月,元流之子(射手),刘备,刘禅"
刘禅,桑启,1,阵营1 胜利,"关羽,大乔,元流之子(射手),裴擒虎,桑启","姬小满,海月,孙权,韩信,刘禅"
刘禅,桑启,2,阵营1 胜利,"影,海诺,公孙离,曜,桑启","司空震,杨玉环,虞姬,韩信,刘禅"
刘禅,桑启,3,阵营2 胜利,"达摩,沈梦溪,戈娅,司马懿,桑启","老夫子,嬴政,元流之子(射手),裴擒虎,刘禅"
刘禅,桑启,4,阵营1 胜利,"元歌,杨玉环,戈娅,镜,刘禅","狂铁,沈梦溪,元流之子(射手),诸葛亮,桑启"
刘禅,桑启,5,阵营1 胜利,"关羽,嫦娥,元流之子(射手),镜,桑启","孙策,沈梦溪,戈娅,阿古朵,刘禅"
刘禅,桑启,6,阵营2 胜利,"夏洛特,武则天,元流之子(射手),韩信,刘禅","影,不知火舞,戈娅,暃,桑启"
刘禅,桑启,7,阵营2 胜利,"影,嫦娥,虞姬,阿古朵,刘禅","钟无艳,甄姬,公孙离,镜,桑启"
刘禅,桑启,8,阵营2 胜利,"狂铁,女娲,莱西奥,娜可露露,桑启","夏洛特,诸葛亮,艾琳,孙悟空,刘禅"
刘禅,桑启,9,阵营2 胜利,"马超,女娲,虞姬,梦奇,刘禅","狂铁,沈梦溪,蚩奼,阿古朵,桑启"
刘禅,桑启,10,阵营2 胜利,"达摩,西施,元流之子(射手),诸葛亮,桑启","司空震,甄姬,艾琳,云缨,刘禅"
刘禅,桑启,11,阵营2 胜利,"关羽,嫦娥,元流之子(射手),百里玄策,刘禅","司空震,西施,公孙离,大司命,桑启"
刘禅,桑启,12,阵营2 胜利,"蒙恬,不知火舞,蚩奼,镜,刘禅","狂铁,上官婉儿,元流之子(射手),韩信,桑启"
刘禅,桑启,13,阵营1 胜利,"蒙恬,小乔,敖隐,橘右京,桑启","老夫子,貂蝉,元流之子(射手),镜,刘禅"
刘禅,桑启,14,阵营1 胜利,"元歌,不知火舞,戈娅,阿古朵,刘禅","影,女娲,虞姬,孙悟空,桑启"
刘禅,桑启,15,阵营1 胜利,"白起,诸葛亮,百里守约,元流之子(刺客),刘禅","芈月,沈梦溪,孙尚香,裴擒虎,桑启"
刘禅,桑启,16,阵营1 胜利,"猪八戒,武则天,元流之子(射手),镜,刘禅","马超,小乔,苍,司马懿,桑启"
刘禅,桑启,17,阵营2 胜利,"影,诸葛亮,蚩奼,镜,刘禅","杨戬,海月,老夫子,阿古朵,桑启"
刘禅,桑启,18,阵营2 胜利,"司空震,干将莫邪,孙尚香,宫本武藏,刘禅","狂铁,不知火舞,孙权,司马懿,桑启"
刘禅,桑启,19,阵营2 胜利,"影,沈梦溪,蚩奼,司马懿,刘禅","姬小满,海诺,戈娅,云缨,桑启"
刘禅,赵怀真,1,阵营1 胜利,"蚩奼,小乔,苍,铠,刘禅","影,弈星,元流之子(射手),露娜,赵怀真"
刘禅,赵怀真,2,阵营2 胜利,"曹操,沈梦溪,元流之子(射手),裴擒虎,刘禅","蒙恬,武则天,马可波罗,诸葛亮,赵怀真"
刘禅,赵怀真,3,阵营1 胜利,"曹操,沈梦溪,蚩奼,孙悟空,刘禅","司空震,嫦娥,元流之子(射手),镜,赵怀真"
刘禅,赵怀真,4,阵营2 胜利,"元歌,海月,戈娅,阿古朵,刘禅","关羽,嬴政,蚩奼,元流之子(刺客),赵怀真"
刘禅,赵怀真,5,阵营2 胜利,"曹操,沈梦溪,狄仁杰,梦奇,刘禅","元歌,不知火舞,孙权,韩信,赵怀真"
刘禅,赵怀真,6,阵营2 胜利,"哪吒,不知火舞,蚩奼,诸葛亮,刘禅","猪八戒,嫦娥,元流之子(射手),孙悟空,赵怀真"
刘禅,赵怀真,7,阵营1 胜利,"马超,沈梦溪,马可波罗,孙悟空,赵怀真","夏洛特,杨玉环,戈娅,韩信,刘禅"
刘禅,赵怀真,8,阵营1 胜利,"夏洛特,弈星,阿古朵,百里玄策,赵怀真","关羽,貂蝉,戈娅,宫本武藏,刘禅"
刘禅,赵怀真,9,阵营1 胜利,"曹操,杨玉环,苍,诸葛亮,赵怀真","狂铁,不知火舞,蚩奼,大司命,刘禅"
刘禅,赵怀真,10,阵营2 胜利,"孙策,貂蝉,李信,娜可露露,刘禅","曹操,干将莫邪,元流之子(射手),司马懿,赵怀真"
刘禅,赵怀真,11,阵营2 胜利,"元歌,甄姬,孙尚香,李白,刘禅","钟无艳,安琪拉,百里守约,橘右京,赵怀真"
刘禅,赵怀真,12,阵营1 胜利,"影,武则天,马可波罗,兰陵王,赵怀真","马超,甄姬,蚩奼,阿古朵,刘禅"
刘禅,赵怀真,13,阵营2 胜利,"曹操,西施,蚩奼,大司命,赵怀真","老夫子,小乔,元流之子(射手),裴擒虎,刘禅"
刘禅,赵怀真,14,阵营2 胜利,"吕布,甄姬,蚩奼,百里玄策,赵怀真","老夫子,武则天,孙权,裴擒虎,刘禅"
刘禅,赵怀真,15,阵营2 胜利,"大司命,大乔,蚩奼,阿古朵,赵怀真","狂铁,海月,戈娅,韩信,刘禅"
刘禅,赵怀真,16,阵营2 胜利,"夏洛特,不知火舞,李元芳,宫本武藏,刘禅","影,海诺,元流之子(射手),孙悟空,赵怀真"
刘禅,赵怀真,17,阵营2 胜利,"关羽,沈梦溪,公孙离,暃,刘禅","影,元流之子(法师),后羿,诸葛亮,赵怀真"
刘禅,赵怀真,18,阵营1 胜利,"马超,王昭君,戈娅,橘右京,赵怀真","影,不知火舞,艾琳,裴擒虎,刘禅"
刘禅,赵怀真,19,阵营1 胜利,"曹操,小乔,虞姬,刘备,刘禅","孙策,武则天,敖隐,暃,赵怀真"
刘禅,空空儿,1,阵营2 胜利,"孙悟空,女娲,戈娅,马超,空空儿","元歌,西施,公孙离,百里玄策,刘禅"
刘禅,空空儿,2,阵营1 胜利,"白起,嫦娥,元流之子(射手),马超,空空儿","蒙恬,姜子牙,戈娅,韩信,刘禅"
刘禅,空空儿,3,阵营2 胜利,"花木兰,女娲,貂蝉,百里玄策,刘禅","哪吒,西施,蚩奼,铠,空空儿"
刘禅,空空儿,4,阵营2 胜利,"夏洛特,干将莫邪,后羿,孙悟空,空空儿","项羽,女娲,虞姬,镜,刘禅"
刘禅,空空儿,5,阵营2 胜利,"老夫子,不知火舞,元流之子(射手),杨戬,刘禅","影,诸葛亮,李信,韩信,空空儿"
刘禅,空空儿,6,阵营2 胜利,"孙策,高渐离,蚩奼,诸葛亮,刘禅","蒙恬,小乔,元流之子(射手),裴擒虎,空空儿"
刘禅,空空儿,7,阵营2 胜利,"芈月,女娲,公孙离,镜,刘禅","影,嫦娥,蚩奼,诸葛亮,空空儿"
刘禅,空空儿,8,阵营2 胜利,"夏洛特,小乔,元流之子(射手),宫本武藏,刘禅","司空震,武则天,艾琳,兰陵王,空空儿"
刘禅,空空儿,9,阵营1 胜利,"蚩奼,沈梦溪,元流之子(射手),杨戬,刘禅","狂铁,海诺,后羿,猪八戒,空空儿"
刘禅,空空儿,10,阵营1 胜利,"哪吒,海诺,公孙离,盘古,刘禅","老夫子,沈梦溪,李信,赵云,空空儿"
刘禅,空空儿,11,阵营1 胜利,"哪吒,高渐离,李信,孙悟空,空空儿","蚩奼,嬴政,公孙离,镜,刘禅"
刘禅,空空儿,12,阵营1 胜利,"关羽,沈梦溪,元流之子(射手),兰陵王,刘禅","钟无艳,女娲,蚩奼,赵云,空空儿"
刘禅,空空儿,13,阵营2 胜利,"元歌,不知火舞,艾琳,刘备,刘禅","关羽,诸葛亮,虞姬,镜,空空儿"
刘禅,空空儿,14,阵营1 胜利,"亚连,小乔,元流之子(射手),云缨,刘禅","狂铁,嫦娥,虞姬,裴擒虎,空空儿"
刘禅,空空儿,15,阵营1 胜利,"刘邦,高渐离,公孙离,杨戬,刘禅","吕布,小乔,莱西奥,梦奇,空空儿"
刘禅,空空儿,16,阵营1 胜利,"钟无艳,弈星,艾琳,镜,刘禅","关羽,沈梦溪,元流之子(射手),典韦,空空儿"
刘禅,空空儿,17,阵营1 胜利,"关羽,杨玉环,公孙离,司马懿,刘禅","哪吒,大乔,蚩奼,元流之子(刺客),空空儿"
刘禅,空空儿,18,阵营2 胜利,"司空震,海诺,元流之子(射手),娜可露露,刘禅","曹操,不知火舞,戈娅,韩信,空空儿"
刘禅,空空儿,19,阵营1 胜利,"姬小满,女娲,戈娅,橘右京,刘禅","曹操,上官婉儿,公孙离,曜,空空儿"
刘禅,少司缘,1,阵营1 胜利,"杨戬,女娲,元流之子(射手),孙悟空,少司缘","夏洛特,武则天,公孙离,阿古朵,刘禅"
刘禅,少司缘,2,阵营2 胜利,"白起,安琪拉,戈娅,韩信,少司缘","影,海诺,蚩奼,宫本武藏,刘禅"
刘禅,少司缘,3,阵营2 胜利,"达摩,杨玉环,孙尚香,哪吒,刘禅","狂铁,嫦娥,公孙离,镜,少司缘"
刘禅,少司缘,4,阵营1 胜利,"影,不知火舞,公孙离,裴擒虎,刘禅","白起,小乔,元流之子(射手),韩信,少司缘"
刘禅,少司缘,5,阵营2 胜利,"哪吒,嫦娥,李元芳,铠,刘禅","老夫子,甄姬,黄忠,元流之子(刺客),少司缘"
刘禅,少司缘,6,阵营1 胜利,"杨戬,不知火舞,元流之子(射手),镜,刘禅","关羽,嫦娥,虞姬,曜,少司缘"
刘禅,少司缘,7,阵营1 胜利,"马超,妲己,元流之子(射手),露娜,少司缘","项羽,沈梦溪,蚩奼,典韦,刘禅"
刘禅,少司缘,8,阵营2 胜利,"司空震,王昭君,孙权,曹操,刘禅","影,上官婉儿,戈娅,马超,少司缘"
刘禅,少司缘,9,阵营2 胜利,"哪吒,不知火舞,蒙犽,裴擒虎,少司缘","兰陵王,沈梦溪,孙权,马超,刘禅"
刘禅,少司缘,10,阵营2 胜利,"元歌,西施,李元芳,云缨,少司缘","曹操,海诺,孙权,韩信,刘禅"
刘禅,少司缘,11,阵营1 胜利,"司空震,杨玉环,孙权,裴擒虎,刘禅","蒙恬,西施,元流之子(射手),孙悟空,少司缘"
刘禅,少司缘,12,阵营1 胜利,"芈月,沈梦溪,元流之子(射手),暃,少司缘","项羽,元流之子(法师),苍,镜,刘禅"
刘禅,少司缘,13,阵营2 胜利,"芈月,女娲,孙尚香,孙悟空,刘禅","哪吒,高渐离,百里守约,镜,少司缘"
刘禅,少司缘,14,阵营2 胜利,"元歌,高渐离,元流之子(射手),裴擒虎,刘禅","狂铁,嫦娥,蚩奼,橘右京,少司缘"
刘禅,少司缘,15,阵营1 胜利,"元流之子(坦克),小乔,苍,露娜,少司缘","芈月,海月,蒙犽,哪吒,刘禅"
刘禅,少司缘,16,阵营2 胜利,"马超,高渐离,李信,元流之子(坦克),刘禅","哪吒,嫦娥,戈娅,暃,少司缘"
刘禅,少司缘,17,阵营2 胜利,"钟无艳,杨玉环,艾琳,云缨,刘禅","曹操,弈星,元流之子(射手),裴擒虎,少司缘"
刘禅,少司缘,18,阵营2 胜利,"影,诸葛亮,蚩奼,暃,刘禅","蒙恬,女娲,虞姬,云中君,少司缘"
刘禅,少司缘,19,阵营2 胜利,"马超,嫦娥,戈娅,赵云,少司缘","亚瑟,海月,孙权,阿古朵,刘禅"
刘禅,元流之子(坦克),1,阵营2 胜利,"白起,海月,戈娅,典韦,元流之子(坦克)","姬小满,海诺,公孙离,云中君,刘禅"
刘禅,元流之子(坦克),2,阵营1 胜利,"司空震,不知火舞,李信,镜,刘禅","马超,大乔,艾琳,云缨,元流之子(坦克)"
刘禅,元流之子(坦克),3,阵营1 胜利,"狂铁,诸葛亮,孙权,孙悟空,元流之子(坦克)","影,干将莫邪,戈娅,露娜,刘禅"
刘禅,元流之子(坦克),4,阵营1 胜利,"兰陵王,沈梦溪,元流之子(射手),韩信,刘禅","夏洛特,杨玉环,公孙离,阿古朵,元流之子(坦克)"
刘禅,元流之子(坦克),5,阵营1 胜利,"老夫子,西施,虞姬,宫本武藏,元流之子(坦克)","影,沈梦溪,公孙离,元流之子(刺客),刘禅"
刘禅,元流之子(坦克),6,阵营1 胜利,"梦奇,女娲,艾琳,铠,刘禅","刘邦,貂蝉,公孙离,兰陵王,元流之子(坦克)"
刘禅,元流之子(坦克),7,阵营2 胜利,"哪吒,女娲,元流之子(射手),露娜,刘禅","元歌,诸葛亮,戈娅,阿古朵,元流之子(坦克)"
刘禅,元流之子(坦克),8,阵营2 胜利,"马超,不知火舞,狄仁杰,裴擒虎,刘禅","关羽,沈梦溪,后羿,暃,元流之子(坦克)"
刘禅,元流之子(坦克),9,阵营1 胜利,"元歌,貂蝉,戈娅,赵云,刘禅","哪吒,大乔,艾琳,暃,元流之子(坦克)"
刘禅,元流之子(坦克),10,阵营2 胜利,"白起,沈梦溪,元流之子(射手),韩信,刘禅","老夫子,小乔,李信,诸葛亮,元流之子(坦克)"
刘禅,元流之子(坦克),11,阵营1 胜利,"蚩奼,姜子牙,司空震,镜,刘禅","蒙恬,上官婉儿,艾琳,宫本武藏,元流之子(坦克)"
刘禅,元流之子(坦克),12,阵营1 胜利,"哪吒,甄姬,敖隐,娜可露露,刘禅","姬小满,女娲,鲁班七号,马超,元流之子(坦克)"
刘禅,元流之子(坦克),13,阵营1 胜利,"芈月,嬴政,敖隐,阿古朵,元流之子(坦克)","老夫子,沈梦溪,虞姬,典韦,刘禅"
刘禅,元流之子(坦克),14,阵营2 胜利,"夏洛特,杨玉环,戈娅,澜,刘禅","曹操,大乔,孙权,雅典娜,元流之子(坦克)"
刘禅,元流之子(坦克),15,阵营1 胜利,"司空震,女娲,戈娅,露娜,元流之子(坦克)","姬小满,大乔,公孙离,宫本武藏,刘禅"
刘禅,元流之子(坦克),16,阵营2 胜利,"元歌,杨玉环,公孙离,裴擒虎,刘禅","芈月,女娲,苍,百里玄策,元流之子(坦克)"
刘禅,元流之子(坦克),17,阵营2 胜利,"司空震,小乔,虞姬,橘右京,元流之子(坦克)","元歌,海月,李信,澜,刘禅"
刘禅,元流之子(坦克),18,阵营1 胜利,"老夫子,海诺,孙尚香,铠,元流之子(坦克)","曹操,沈梦溪,蚩奼,阿古朵,刘禅"
刘禅,元流之子(坦克),19,阵营2 胜利,"蚩奼,海月,李信,孙悟空,刘禅","司空震,女娲,戈娅,暃,元流之子(坦克)"
刘禅,元流之子(辅助),1,阵营2 胜利,"元歌,高渐离,后羿,暃,元流之子(辅助)","司空震,海月,元流之子(射手),橘右京,刘禅"
刘禅,元流之子(辅助),2,阵营2 胜利,"影,武则天,敖隐,杨戬,元流之子(辅助)","哪吒,小乔,公孙离,铠,刘禅"
刘禅,元流之子(辅助),3,阵营2 胜利,"达摩,小乔,戈娅,裴擒虎,元流之子(辅助)","孙策,海诺,蚩奼,韩信,刘禅"
刘禅,元流之子(辅助),4,阵营1 胜利,"哪吒,海月,公孙离,娜可露露,刘禅","孙策,海诺,司空震,韩信,元流之子(辅助)"
刘禅,元流之子(辅助),5,阵营2 胜利,"关羽,杨玉环,苍,杨戬,元流之子(辅助)","哪吒,沈梦溪,蚩奼,刘备,刘禅"
刘禅,元流之子(辅助),6,阵营1 胜利,"元歌,女娲,蚩奼,雅典娜,刘禅","司空震,沈梦溪,虞姬,阿古朵,元流之子(辅助)"
刘禅,元流之子(辅助),7,阵营1 胜利,"哪吒,干将莫邪,莱西奥,宫本武藏,元流之子(辅助)","刘邦,杨玉环,蚩奼,诸葛亮,刘禅"
刘禅,元流之子(辅助),8,阵营2 胜利,"曹操,女娲,艾琳,暃,元流之子(辅助)","亚连,姜子牙,戈娅,孙悟空,刘禅"
刘禅,元流之子(辅助),9,阵营2 胜利,"曹操,上官婉儿,敖隐,阿古朵,元流之子(辅助)","司空震,小乔,元流之子(射手),裴擒虎,刘禅"
刘禅,元流之子(辅助),10,阵营1 胜利,"亚瑟,不知火舞,百里守约,百里玄策,元流之子(辅助)","哪吒,妲己,公孙离,马超,刘禅"
刘禅,元流之子(辅助),11,阵营2 胜利,"影,杨玉环,苍,典韦,刘禅","曹操,女娲,狄仁杰,赵云,元流之子(辅助)"
刘禅,元流之子(辅助),12,阵营1 胜利,"亚瑟,不知火舞,元流之子(射手),宫本武藏,刘禅","司空震,武则天,李信,马超,元流之子(辅助)"
刘禅,元流之子(辅助),13,阵营2 胜利,"嫦娥,诸葛亮,马可波罗,橘右京,刘禅","蒙恬,米莱狄,狄仁杰,裴擒虎,元流之子(辅助)"
刘禅,元流之子(辅助),14,阵营1 胜利,"司空震,甄姬,虞姬,影,元流之子(辅助)","关羽,小乔,鲁班七号,诸葛亮,刘禅"
刘禅,元流之子(辅助),15,阵营2 胜利,"蒙恬,貂蝉,鲁班七号,百里玄策,元流之子(辅助)","老夫子,西施,元流之子(射手),裴擒虎,刘禅"
刘禅,元流之子(辅助),16,阵营2 胜利,"花木兰,安琪拉,公孙离,云缨,元流之子(辅助)","司空震,大乔,蚩奼,李白,刘禅"
刘禅,元流之子(辅助),17,阵营2 胜利,"哪吒,小乔,戈娅,韩信,元流之子(辅助)","元歌,西施,艾琳,孙悟空,刘禅"
刘禅,元流之子(辅助),18,阵营2 胜利,"马超,不知火舞,莱西奥,暃,元流之子(辅助)","狂铁,海月,后羿,露娜,刘禅"
刘禅,元流之子(辅助),19,阵营2 胜利,"哪吒,沈梦溪,蚩奼,诸葛亮,刘禅","夏洛特,不知火舞,虞姬,赵云,元流之子(辅助)"
孙膑,项羽,1,阵营1 胜利,"司空震,甄姬,戈娅,司马懿,项羽","狂铁,嫦娥,元流之子(射手),李白,孙膑"
孙膑,项羽,2,阵营1 胜利,"姬小满,海诺,李信,雅典娜,孙膑","元歌,嫦娥,虞姬,宫本武藏,项羽"
孙膑,项羽,3,阵营2 胜利,"孙策,周瑜,戈娅,诸葛亮,项羽","兰陵王,嫦娥,李元芳,阿古朵,孙膑"
孙膑,项羽,4,阵营1 胜利,"曹操,沈梦溪,苍,曜,孙膑","钟无艳,小乔,元流之子(射手),宫本武藏,项羽"
孙膑,项羽,5,阵营2 胜利,"司空震,沈梦溪,黄忠,橘右京,项羽","影,嫦娥,戈娅,典韦,孙膑"
孙膑,项羽,6,阵营1 胜利,"关羽,诸葛亮,元流之子(射手),宫本武藏,项羽","狂铁,高渐离,艾琳,兰陵王,孙膑"
孙膑,项羽,7,阵营1 胜利,"关羽,不知火舞,虞姬,司马懿,项羽","夏洛特,貂蝉,后羿,韩信,孙膑"
孙膑,项羽,8,阵营1 胜利,"哪吒,弈星,元流之子(射手),宫本武藏,项羽","狂铁,沈梦溪,老夫子,裴擒虎,孙膑"
孙膑,项羽,9,阵营2 胜利,"元歌,海月,元流之子(射手),典韦,项羽","白起,干将莫邪,后羿,宫本武藏,孙膑"
孙膑,项羽,10,阵营1 胜利,"元歌,女娲,百里守约,镜,孙膑","关羽,海诺,戈娅,暃,项羽"
孙膑,项羽,11,阵营1 胜利,"孙策,弈星,公孙离,马超,项羽","影,武则天,戈娅,铠,孙膑"
孙膑,项羽,12,阵营2 胜利,"钟无艳,女娲,蚩奼,马超,孙膑","哪吒,高渐离,元流之子(射手),橘右京,项羽"
孙膑,项羽,13,阵营1 胜利,"老夫子,沈梦溪,戈娅,铠,孙膑","哪吒,高渐离,元流之子(射手),李元芳,项羽"
孙膑,项羽,14,阵营2 胜利,"狂铁,干将莫邪,蚩奼,阿古朵,孙膑","蒙恬,小乔,孙权,赵云,项羽"
孙膑,项羽,15,阵营1 胜利,"孙悟空,周瑜,李信,元流之子(刺客),项羽","司空震,不知火舞,戈娅,裴擒虎,孙膑"
孙膑,项羽,16,阵营2 胜利,"影,海诺,艾琳,裴擒虎,孙膑","老夫子,貂蝉,蚩奼,赵云,项羽"
孙膑,项羽,17,阵营1 胜利,"元歌,周瑜,蚩奼,暃,项羽","狂铁,嫦娥,孙权,百里玄策,孙膑"
孙膑,项羽,18,阵营1 胜利,"程咬金,沈梦溪,蚩奼,裴擒虎,孙膑","元歌,海月,戈娅,孙悟空,项羽"
孙膑,项羽,19,阵营2 胜利,"影,女娲,虞姬,镜,孙膑","关羽,小乔,苍,百里玄策,项羽"
孙膑,刘邦,1,阵营1 胜利,"孙策,大乔,元流之子(射手),曹操,刘邦","梦奇,女娲,虞姬,铠,孙膑"
孙膑,刘邦,2,阵营1 胜利,"达摩,不知火舞,元流之子(射手),孙悟空,刘邦","夏洛特,高渐离,戈娅,裴擒虎,孙膑"
孙膑,刘邦,3,阵营1 胜利,"猪八戒,沈梦溪,戈娅,裴擒虎,刘邦","蒙恬,不知火舞,蚩奼,韩信,孙膑"
孙膑,刘邦,4,阵营1 胜利,"司空震,甄姬,敖隐,暃,刘邦","花木兰,干将莫邪,戈娅,阿古朵,孙膑"
孙膑,刘邦,5,阵营2 胜利,"夏洛特,安琪拉,蚩奼,司马懿,孙膑","元歌,武则天,孙权,露娜,刘邦"
孙膑,刘邦,6,阵营1 胜利,"哪吒,甄姬,敖隐,马超,孙膑","廉颇,嫦娥,李信,韩信,刘邦"
孙膑,刘邦,7,阵营1 胜利,"蚩奼,杨玉环,莱西奥,诸葛亮,孙膑","花木兰,干将莫邪,戈娅,百里玄策,刘邦"
孙膑,刘邦,8,阵营1 胜利,"花木兰,西施,公孙离,宫本武藏,刘邦","哪吒,杨玉环,狄仁杰,马超,孙膑"
孙膑,刘邦,9,阵营1 胜利,"司空震,女娲,敖隐,澜,刘邦","元歌,弈星,元流之子(射手),韩信,孙膑"
孙膑,刘邦,10,阵营2 胜利,"蚩奼,干将莫邪,艾琳,橘右京,刘邦","蒙恬,海诺,元流之子(射手),裴擒虎,孙膑"
孙膑,刘邦,11,阵营2 胜利,"马超,太乙真人,李信,露娜,刘邦","司空震,沈梦溪,鲁班七号,曹操,孙膑"
孙膑,刘邦,12,阵营2 胜利,"蚩奼,诸葛亮,元流之子(射手),李元芳,刘邦","夏洛特,小乔,孙尚香,裴擒虎,孙膑"
孙膑,刘邦,13,阵营1 胜利,"白起,女娲,百里守约,镜,刘邦","曹操,安琪拉,戈娅,云缨,孙膑"
孙膑,刘邦,14,阵营2 胜利,"吕布,海诺,戈娅,云缨,刘邦","亚瑟,杨玉环,李信,孙悟空,孙膑"
孙膑,刘邦,15,阵营1 胜利,"司空震,上官婉儿,李信,李白,孙膑","杨戬,沈梦溪,蚩奼,裴擒虎,刘邦"
孙膑,刘邦,16,阵营2 胜利,"大司命,高渐离,元流之子(射手),百里玄策,刘邦","司空震,武则天,虞姬,露娜,孙膑"
孙膑,刘邦,17,阵营2 胜利,"司空震,西施,李信,典韦,孙膑","狂铁,貂蝉,戈娅,镜,刘邦"
孙膑,刘邦,18,阵营2 胜利,"达摩,沈梦溪,艾琳,孙悟空,刘邦","蒙恬,不知火舞,元流之子(射手),裴擒虎,孙膑"
孙膑,刘邦,19,阵营2 胜利,"蒙恬,西施,元流之子(射手),镜,刘邦","狂铁,海月,戈娅,阿古朵,孙膑"
孙膑,张良,1,阵营1 胜利,"老夫子,诸葛亮,元流之子(射手),阿古朵,孙膑","狂铁,甄姬,蚩奼,曜,张良"
孙膑,张良,2,阵营2 胜利,"老夫子,沈梦溪,蚩奼,百里玄策,张良","司空震,杨玉环,虞姬,赵云,孙膑"
孙膑,张良,3,阵营1 胜利,"蚩奼,嬴政,元流之子(射手),孙悟空,孙膑","哪吒,甄姬,孙权,暃,张良"
孙膑,张良,4,阵营1 胜利,"吕布,上官婉儿,蚩奼,马超,张良","关羽,海诺,艾琳,赵云,孙膑"
孙膑,张良,5,阵营2 胜利,"老夫子,杨玉环,戈娅,百里玄策,孙膑","马超,弈星,元流之子(射手),橘右京,张良"
孙膑,张良,6,阵营2 胜利,"刘邦,上官婉儿,蚩奼,铠,孙膑","关羽,安琪拉,元流之子(射手),孙悟空,张良"
孙膑,张良,7,阵营1 胜利,"花木兰,诸葛亮,李信,宫本武藏,张良","亚连,沈梦溪,蚩奼,典韦,孙膑"
孙膑,张良,8,阵营1 胜利,"钟无艳,扁鹊,孙权,韩信,张良","狂铁,不知火舞,元流之子(射手),赵云,孙膑"
孙膑,张良,9,阵营1 胜利,"蒙恬,不知火舞,蚩奼,镜,孙膑","元歌,杨玉环,公孙离,雅典娜,张良"
孙膑,张良,10,阵营1 胜利,"老夫子,武则天,艾琳,铠,张良","影,海诺,戈娅,大司命,孙膑"
孙膑,张良,11,阵营2 胜利,"司空震,海诺,蚩奼,暃,孙膑","夏洛特,王昭君,孙权,百里玄策,张良"
孙膑,张良,12,阵营2 胜利,"芈月,大乔,戈娅,雅典娜,张良","哪吒,武则天,元流之子(射手),云缨,孙膑"
孙膑,张良,13,阵营1 胜利,"白起,海月,蚩奼,马超,孙膑","影,元流之子(法师),艾琳,猪八戒,张良"
孙膑,张良,14,阵营2 胜利,"元歌,大乔,孙尚香,裴擒虎,张良","蒙恬,诸葛亮,蚩奼,马超,孙膑"
孙膑,张良,15,阵营1 胜利,"达摩,金蝉,戈娅,橘右京,孙膑","蚩奼,干将莫邪,后羿,露娜,张良"
孙膑,张良,16,阵营2 胜利,"孙策,沈梦溪,戈娅,镜,孙膑","蒙恬,嫦娥,蚩奼,马超,张良"
孙膑,张良,17,阵营1 胜利,"马超,王昭君,蚩奼,元流之子(刺客),孙膑","达摩,不知火舞,公孙离,暃,张良"
孙膑,张良,18,阵营1 胜利,"元歌,嫦娥,戈娅,橘右京,张良","蒙恬,甄姬,狄仁杰,阿古朵,孙膑"
孙膑,张良,19,阵营2 胜利,"芈月,貂蝉,戈娅,橘右京,张良","司空震,嫦娥,后羿,哪吒,孙膑"
孙膑,朵莉亚,1,阵营2 胜利,"钟无艳,沈梦溪,蚩奼,典韦,孙膑","姬小满,海诺,戈娅,李信,朵莉亚"
孙膑,朵莉亚,2,阵营1 胜利,"刘邦,武则天,孙权,马超,朵莉亚","曹操,沈梦溪,元流之子(射手),哪吒,孙膑"
孙膑,朵莉亚,3,阵营1 胜利,"曹操,沈梦溪,蚩奼,镜,朵莉亚","老夫子,杨玉环,戈娅,刘备,孙膑"
孙膑,朵莉亚,4,阵营1 胜利,"哪吒,嫦娥,蚩奼,阿古朵,孙膑","白起,西施,李信,韩信,朵莉亚"
孙膑,朵莉亚,5,阵营1 胜利,"杨戬,貂蝉,蚩奼,马超,孙膑","曹操,嫦娥,孙权,韩信,朵莉亚"
孙膑,朵莉亚,6,阵营2 胜利,"哪吒,沈梦溪,戈娅,马超,孙膑","曹操,女娲,百里守约,典韦,朵莉亚"
孙膑,朵莉亚,7,阵营1 胜利,"夏洛特,嫦娥,戈娅,韩信,孙膑","曹操,西施,元歌,裴擒虎,朵莉亚"
孙膑,朵莉亚,8,阵营2 胜利,"孙策,女娲,吕布,镜,孙膑","哪吒,上官婉儿,李信,云缨,朵莉亚"
孙膑,朵莉亚,9,阵营1 胜利,"哪吒,武则天,元流之子(射手),典韦,孙膑","芈月,女娲,蚩奼,孙悟空,朵莉亚"
孙膑,朵莉亚,10,阵营2 胜利,"狂铁,扁鹊,公孙离,马超,孙膑","司空震,姜子牙,敖隐,赵云,朵莉亚"
孙膑,朵莉亚,11,阵营1 胜利,"曹操,上官婉儿,元流之子(射手),镜,朵莉亚","狂铁,不知火舞,公孙离,赵云,孙膑"
孙膑,朵莉亚,12,阵营2 胜利,"狂铁,海诺,公孙离,马超,孙膑","项羽,小乔,孙权,娜可露露,朵莉亚"
孙膑,朵莉亚,13,阵营1 胜利,"元歌,海月,公孙离,李白,朵莉亚","马超,小乔,蚩奼,澜,孙膑"
孙膑,朵莉亚,14,阵营2 胜利,"老夫子,大乔,公孙离,马超,孙膑","司空震,武则天,虞姬,露娜,朵莉亚"
孙膑,朵莉亚,15,阵营1 胜利,"元歌,貂蝉,戈娅,曜,孙膑","亚瑟,沈梦溪,艾琳,铠,朵莉亚"
孙膑,朵莉亚,16,阵营1 胜利,"老夫子,杨玉环,元流之子(射手),阿轲,朵莉亚","夏洛特,嫦娥,虞姬,赵云,孙膑"
孙膑,朵莉亚,17,阵营2 胜利,"司空震,张良,戈娅,澜,孙膑","元歌,海月,苍,兰陵王,朵莉亚"
孙膑,朵莉亚,18,阵营2 胜利,"哪吒,不知火舞,公孙离,孙悟空,孙膑","狂铁,诸葛亮,元歌,阿古朵,朵莉亚"
孙膑,朵莉亚,19,阵营1 胜利,"蒙恬,嫦娥,虞姬,镜,孙膑","元歌,沈梦溪,公孙离,孙悟空,朵莉亚"
孙膑,牛魔,1,阵营2 胜利,"狂铁,海月,虞姬,影,孙膑","杨戬,沈梦溪,李信,梦奇,牛魔"
孙膑,牛魔,2,阵营1 胜利,"曹操,元流之子(法师),虞姬,裴擒虎,牛魔","兰陵王,沈梦溪,蚩奼,马超,孙膑"
孙膑,牛魔,3,阵营2 胜利,"花木兰,高渐离,元流之子(射手),司马懿,牛魔","曹操,沈梦溪,苍,裴擒虎,孙膑"
孙膑,牛魔,4,阵营2 胜利,"花木兰,貂蝉,戈娅,阿古朵,孙膑","元歌,诸葛亮,艾琳,橘右京,牛魔"
孙膑,牛魔,5,阵营1 胜利,"司空震,干将莫邪,苍,元流之子(刺客),孙膑","马超,女娲,元流之子(射手),裴擒虎,牛魔"
孙膑,牛魔,6,阵营2 胜利,"杨戬,大乔,戈娅,李白,孙膑","哪吒,元流之子(法师),蚩奼,韩信,牛魔"
孙膑,牛魔,7,阵营2 胜利,"蚩奼,沈梦溪,艾琳,赵云,孙膑","马超,杨玉环,孙权,韩信,牛魔"
孙膑,牛魔,8,阵营1 胜利,"影,小乔,元流之子(射手),宫本武藏,孙膑","姬小满,女娲,孙权,裴擒虎,牛魔"
孙膑,牛魔,9,阵营2 胜利,"元歌,海诺,狄仁杰,典韦,牛魔","蒙恬,海月,蚩奼,铠,孙膑"
孙膑,牛魔,10,阵营2 胜利,"元歌,西施,孙权,马超,牛魔","老夫子,高渐离,元流之子(射手),裴擒虎,孙膑"
孙膑,牛魔,11,阵营1 胜利,"曹操,甄姬,百里守约,铠,孙膑","元歌,沈梦溪,蚩奼,司马懿,牛魔"
孙膑,牛魔,12,阵营1 胜利,"狂铁,小乔,元流之子(射手),裴擒虎,孙膑","马超,元流之子(法师),蚩奼,暃,牛魔"
孙膑,牛魔,13,阵营2 胜利,"白起,西施,苍,马超,孙膑","老夫子,甄姬,蚩奼,暃,牛魔"
孙膑,牛魔,14,阵营2 胜利,"老夫子,沈梦溪,李信,雅典娜,牛魔","关羽,上官婉儿,蚩奼,铠,孙膑"
孙膑,牛魔,15,阵营1 胜利,"李信,小乔,蚩奼,元流之子(刺客),牛魔","钟无艳,海诺,公孙离,镜,孙膑"
孙膑,牛魔,16,阵营2 胜利,"狂铁,甄姬,敖隐,云缨,孙膑","蚩奼,海诺,元流之子(射手),阿古朵,牛魔"
孙膑,牛魔,17,阵营2 胜利,"花木兰,武则天,李信,铠,孙膑","关羽,小乔,蚩奼,曜,牛魔"
孙膑,牛魔,18,阵营2 胜利,"哪吒,女娲,敖隐,马超,孙膑","关羽,海诺,元流之子(射手),镜,牛魔"
孙膑,牛魔,19,阵营1 胜利,"关羽,小乔,蚩奼,阿古朵,牛魔","狂铁,不知火舞,虞姬,马超,孙膑"
孙膑,张飞,1,阵营1 胜利,"老夫子,小乔,戈娅,李白,孙膑","廉颇,甄姬,苍,司马懿,张飞"
孙膑,张飞,2,阵营1 胜利,"哪吒,甄姬,戈娅,铠,孙膑","司空震,嫦娥,苍,李白,张飞"
孙膑,张飞,3,阵营1 胜利,"白起,貂蝉,虞姬,阿古朵,孙膑","老夫子,海诺,元流之子(射手),铠,张飞"
孙膑,张飞,4,阵营1 胜利,"芈月,海诺,元流之子(射手),猪八戒,孙膑","元歌,嫦娥,司空震,铠,张飞"
孙膑,张飞,5,阵营2 胜利,"蚩奼,杨玉环,戈娅,云缨,张飞","影,安琪拉,元流之子(射手),猪八戒,孙膑"
孙膑,张飞,6,阵营1 胜利,"芈月,嫦娥,元流之子(射手),阿轲,孙膑","关羽,米莱狄,戈娅,韩信,张飞"
孙膑,张飞,7,阵营2 胜利,"东皇太一,海月,元流之子(射手),露娜,张飞","哪吒,甄姬,艾琳,元流之子(刺客),孙膑"
孙膑,张飞,8,阵营2 胜利,"元歌,海诺,敖隐,澜,张飞","蚩奼,沈梦溪,苍,典韦,孙膑"
孙膑,张飞,9,阵营2 胜利,"蚩奼,沈梦溪,孙权,云缨,孙膑","影,不知火舞,莱西奥,娜可露露,张飞"
孙膑,张飞,10,阵营2 胜利,"元歌,嫦娥,蚩奼,马超,张飞","蒙恬,甄姬,狄仁杰,韩信,孙膑"
孙膑,张飞,11,阵营2 胜利,"哪吒,干将莫邪,元流之子(射手),裴擒虎,张飞","狂铁,杨玉环,李信,阿古朵,孙膑"
孙膑,张飞,12,阵营2 胜利,"老夫子,大乔,虞姬,暃,孙膑","钟无艳,西施,司空震,露娜,张飞"
孙膑,张飞,13,阵营1 胜利,"司空震,武则天,蚩奼,孙悟空,张飞","老夫子,海月,苍,诸葛亮,孙膑"
孙膑,张飞,14,阵营2 胜利,"猪八戒,王昭君,苍,芈月,孙膑","杨戬,弈星,狄仁杰,影,张飞"
孙膑,张飞,15,阵营1 胜利,"花木兰,嫦娥,戈娅,典韦,孙膑","狂铁,小乔,元流之子(射手),裴擒虎,张飞"
孙膑,张飞,16,阵营2 胜利,"关羽,杨玉环,元流之子(射手),哪吒,张飞","元歌,诸葛亮,戈娅,铠,孙膑"
孙膑,张飞,17,阵营2 胜利,"花木兰,杨玉环,元流之子(射手),镜,孙膑","元歌,诸葛亮,戈娅,盘古,张飞"
孙膑,张飞,18,阵营2 胜利,"司空震,杨玉环,蚩奼,诸葛亮,张飞","马超,嫦娥,戈娅,元流之子(刺客),孙膑"
孙膑,张飞,19,阵营1 胜利,"狂铁,女娲,蚩奼,暃,孙膑","关羽,嫦娥,元流之子(射手),韩信,张飞"
孙膑,钟馗,1,阵营1 胜利,"芈月,沈梦溪,蚩奼,娜可露露,孙膑","夏洛特,海月,元流之子(射手),百里玄策,钟馗"
孙膑,钟馗,2,阵营2 胜利,"梦奇,甄姬,孙权,诸葛亮,孙膑","狂铁,安琪拉,蚩奼,百里玄策,钟馗"
孙膑,钟馗,3,阵营1 胜利,"马超,女娲,蚩奼,李元芳,孙膑","夏洛特,甄姬,元流之子(射手),云缨,钟馗"
孙膑,钟馗,4,阵营2 胜利,"白起,安琪拉,李信,韩信,孙膑","海诺,弈星,敖隐,宫本武藏,钟馗"
孙膑,钟馗,5,阵营1 胜利,"曹操,小乔,元流之子(射手),盘古,孙膑","姬小满,沈梦溪,苍,马超,钟馗"
孙膑,钟馗,6,阵营1 胜利,"元歌,不知火舞,虞姬,雅典娜,钟馗","曹操,安琪拉,戈娅,百里玄策,孙膑"
孙膑,钟馗,7,阵营2 胜利,"达摩,沈梦溪,戈娅,赵云,钟馗","海诺,嫦娥,公孙离,马超,孙膑"
孙膑,钟馗,8,阵营1 胜利,"蚩奼,杨玉环,艾琳,暃,钟馗","影,大乔,敖隐,赵云,孙膑"
孙膑,钟馗,9,阵营1 胜利,"孙策,上官婉儿,戈娅,裴擒虎,钟馗","狂铁,大乔,老夫子,宫本武藏,孙膑"
孙膑,钟馗,10,阵营1 胜利,"蚩奼,甄姬,老夫子,马超,孙膑","兰陵王,太乙真人,艾琳,韩信,钟馗"
孙膑,钟馗,11,阵营1 胜利,"狂铁,不知火舞,元流之子(射手),韩信,孙膑","哪吒,沈梦溪,公孙离,杨戬,钟馗"
孙膑,钟馗,12,阵营2 胜利,"程咬金,女娲,狄仁杰,元流之子(坦克),钟馗","花木兰,弈星,蚩奼,云中君,孙膑"
孙膑,钟馗,13,阵营1 胜利,"亚连,弈星,狄仁杰,赵云,钟馗","曹操,海月,戈娅,杨戬,孙膑"
孙膑,钟馗,14,阵营1 胜利,"马超,貂蝉,戈娅,镜,孙膑","蚩奼,诸葛亮,后羿,露娜,钟馗"
孙膑,钟馗,15,阵营1 胜利,"曹操,小乔,艾琳,李元芳,钟馗","老夫子,诸葛亮,苍,阿古朵,孙膑"
孙膑,钟馗,16,阵营1 胜利,"老夫子,杨玉环,公孙离,曜,钟馗","白起,貂蝉,蚩奼,马超,孙膑"
孙膑,钟馗,17,阵营2 胜利,"白起,诸葛亮,苍,澜,孙膑","亚瑟,甄姬,元流之子(射手),猪八戒,钟馗"
孙膑,钟馗,18,阵营1 胜利,"梦奇,嫦娥,元流之子(射手),马超,孙膑","达摩,沈梦溪,蚩奼,赵云,钟馗"
孙膑,钟馗,19,阵营1 胜利,"花木兰,安琪拉,公孙离,曹操,钟馗","孙策,西施,元流之子(射手),嫦娥,孙膑"
孙膑,杨玉环,1,阵营1 胜利,"刘邦,海诺,百里守约,百里玄策,杨玉环","蚩奼,嫦娥,元流之子(射手),阿古朵,孙膑"
孙膑,杨玉环,2,阵营2 胜利,"夏洛特,女娲,公孙离,李白,杨玉环","关羽,嫦娥,元流之子(射手),镜,孙膑"
孙膑,杨玉环,3,阵营1 胜利,"貂蝉,海月,蚩奼,宫本武藏,孙膑","元歌,嫦娥,司空震,元流之子(刺客),杨玉环"
孙膑,杨玉环,4,阵营1 胜利,"白起,周瑜,公孙离,镜,杨玉环","司空震,不知火舞,戈娅,百里玄策,孙膑"
孙膑,杨玉环,5,阵营2 胜利,"元歌,沈梦溪,元流之子(射手),裴擒虎,孙膑","老夫子,嫦娥,苍,镜,杨玉环"
孙膑,杨玉环,6,阵营2 胜利,"关羽,干将莫邪,蚩奼,典韦,杨玉环","花木兰,武则天,孙权,云缨,孙膑"
孙膑,杨玉环,7,阵营2 胜利,"狂铁,金蝉,戈娅,马超,孙膑","梦奇,女娲,虞姬,裴擒虎,杨玉环"
孙膑,杨玉环,8,阵营1 胜利,"元歌,貂蝉,元流之子(射手),盘古,孙膑","达摩,妲己,李信,暃,杨玉环"
孙膑,杨玉环,9,阵营1 胜利,"狂铁,女娲,孙权,刘备,孙膑","貂蝉,甄姬,元流之子(射手),镜,杨玉环"
孙膑,杨玉环,10,阵营1 胜利,"盘古,小乔,孙权,马超,孙膑","狂铁,大乔,蚩奼,韩信,杨玉环"
孙膑,杨玉环,11,阵营1 胜利,"老夫子,嫦娥,孙权,铠,杨玉环","花木兰,沈梦溪,敖隐,韩信,孙膑"
孙膑,杨玉环,12,阵营2 胜利,"姬小满,周瑜,公孙离,韩信,杨玉环","关羽,沈梦溪,元流之子(射手),兰陵王,孙膑"
孙膑,杨玉环,13,阵营2 胜利,"亚瑟,嫦娥,戈娅,元流之子(刺客),孙膑","关羽,诸葛亮,百里守约,百里玄策,杨玉环"
孙膑,杨玉环,14,阵营1 胜利,"影,嫦娥,苍,暃,孙膑","关羽,小乔,公孙离,宫本武藏,杨玉环"
孙膑,杨玉环,15,阵营1 胜利,"元歌,小乔,元流之子(射手),韩信,杨玉环","夏洛特,大乔,戈娅,裴擒虎,孙膑"
孙膑,杨玉环,16,阵营1 胜利,"哪吒,貂蝉,蚩奼,暃,孙膑","影,沈梦溪,虞姬,雅典娜,杨玉环"
孙膑,杨玉环,17,阵营1 胜利,"司空震,嫦娥,百里守约,暃,杨玉环","狂铁,诸葛亮,元流之子(射手),韩信,孙膑"
孙膑,杨玉环,18,阵营2 胜利,"马超,西施,蚩奼,云缨,孙膑","老夫子,沈梦溪,戈娅,杨戬,杨玉环"
孙膑,杨玉环,19,阵营1 胜利,"哪吒,小乔,敖隐,云缨,孙膑","马超,沈梦溪,公孙离,橘右京,杨玉环"
孙膑,蔡文姬,1,阵营1 胜利,"蚩奼,武则天,元流之子(射手),诸葛亮,孙膑","曹操,貂蝉,李信,韩信,蔡文姬"
孙膑,蔡文姬,2,阵营1 胜利,"亚瑟,沈梦溪,孙尚香,赵云,蔡文姬","海诺,嫦娥,孙权,裴擒虎,孙膑"
孙膑,蔡文姬,3,阵营1 胜利,"老夫子,诸葛亮,元流之子(射手),云缨,蔡文姬","狂铁,武则天,蚩奼,韩信,孙膑"
孙膑,蔡文姬,4,阵营1 胜利,"关羽,杨玉环,百里守约,元流之子(坦克),蔡文姬","司空震,海诺,元流之子(射手),典韦,孙膑"
孙膑,蔡文姬,5,阵营2 胜利,"姬小满,小乔,元流之子(射手),百里玄策,孙膑","达摩,诸葛亮,虞姬,阿古朵,蔡文姬"
孙膑,蔡文姬,6,阵营1 胜利,"狂铁,嫦娥,敖隐,孙悟空,孙膑","司空震,高渐离,蚩奼,暃,蔡文姬"
孙膑,蔡文姬,7,阵营1 胜利,"夏洛特,小乔,元流之子(射手),杨戬,孙膑","蒙恬,弈星,扁鹊,百里玄策,蔡文姬"
孙膑,蔡文姬,8,阵营2 胜利,"司空震,沈梦溪,戈娅,暃,蔡文姬","影,女娲,蚩奼,赵云,孙膑"
孙膑,蔡文姬,9,阵营1 胜利,"马超,不知火舞,戈娅,赵云,孙膑","老夫子,沈梦溪,元流之子(射手),铠,蔡文姬"
孙膑,蔡文姬,10,阵营2 胜利,"元歌,弈星,李信,镜,孙膑","哪吒,海诺,艾琳,马超,蔡文姬"
孙膑,蔡文姬,11,阵营2 胜利,"马超,沈梦溪,虞姬,裴擒虎,蔡文姬","哪吒,嫦娥,李元芳,镜,孙膑"
孙膑,蔡文姬,12,阵营2 胜利,"狂铁,西施,元流之子(射手),镜,蔡文姬","曹操,沈梦溪,蚩奼,铠,孙膑"
孙膑,蔡文姬,13,阵营2 胜利,"曹操,高渐离,元流之子(射手),孙策,孙膑","蒙恬,沈梦溪,苍,马超,蔡文姬"
孙膑,蔡文姬,14,阵营2 胜利,"狂铁,貂蝉,元流之子(射手),赵云,蔡文姬","夏洛特,海月,公孙离,裴擒虎,孙膑"
孙膑,蔡文姬,15,阵营2 胜利,"蒙恬,杨玉环,戈娅,雅典娜,孙膑","哪吒,甄姬,公孙离,暃,蔡文姬"
孙膑,蔡文姬,16,阵营2 胜利,"马超,上官婉儿,虞姬,诸葛亮,蔡文姬","老夫子,海月,元流之子(射手),孙悟空,孙膑"
孙膑,蔡文姬,17,阵营1 胜利,"司空震,不知火舞,敖隐,雅典娜,蔡文姬","狂铁,杨玉环,虞姬,裴擒虎,孙膑"
孙膑,蔡文姬,18,阵营1 胜利,"姬小满,甄姬,元流之子(射手),橘右京,蔡文姬","元歌,女娲,李信,芈月,孙膑"
孙膑,蔡文姬,19,阵营2 胜利,"关羽,不知火舞,戈娅,马超,蔡文姬","司空震,小乔,李信,杨戬,孙膑"
孙膑,太乙真人,1,阵营2 胜利,"司空震,沈梦溪,元流之子(射手),露娜,孙膑","哪吒,女娲,后羿,马超,太乙真人"
孙膑,太乙真人,2,阵营2 胜利,"关羽,甄姬,敖隐,哪吒,孙膑","狂铁,海诺,元流之子(射手),韩信,太乙真人"
孙膑,太乙真人,3,阵营2 胜利,"司空震,沈梦溪,戈娅,典韦,太乙真人","白起,女娲,后羿,哪吒,孙膑"
孙膑,太乙真人,4,阵营2 胜利,"赵怀真,高渐离,苍,马超,孙膑","哪吒,嫦娥,百里守约,裴擒虎,太乙真人"
孙膑,太乙真人,5,阵营2 胜利,"哪吒,女娲,百里守约,阿轲,太乙真人","狂铁,沈梦溪,元流之子(射手),阿古朵,孙膑"
孙膑,太乙真人,6,阵营2 胜利,"狂铁,小乔,鲁班七号,裴擒虎,孙膑","元歌,貂蝉,敖隐,司马懿,太乙真人"
孙膑,太乙真人,7,阵营1 胜利,"花木兰,女娲,元流之子(射手),云缨,孙膑","影,不知火舞,虞姬,孙悟空,太乙真人"
孙膑,太乙真人,8,阵营2 胜利,"元歌,貂蝉,蚩奼,马超,太乙真人","蒙恬,沈梦溪,元流之子(射手),典韦,孙膑"
孙膑,太乙真人,9,阵营1 胜利,"哪吒,小乔,蚩奼,雅典娜,太乙真人","关羽,海月,公孙离,镜,孙膑"
孙膑,太乙真人,10,阵营1 胜利,"哪吒,弈星,公孙离,雅典娜,孙膑","杨戬,沈梦溪,元流之子(射手),大司命,太乙真人"
孙膑,太乙真人,11,阵营2 胜利,"曹操,嫦娥,艾琳,李白,孙膑","芈月,大乔,戈娅,云缨,太乙真人"
孙膑,太乙真人,12,阵营1 胜利,"兰陵王,女娲,苍,马超,孙膑","影,小乔,百里守约,李元芳,太乙真人"
孙膑,太乙真人,13,阵营1 胜利,"大司命,嫦娥,公孙离,赵云,太乙真人","夏洛特,女娲,元流之子(射手),雅典娜,孙膑"
孙膑,太乙真人,14,阵营1 胜利,,未集齐10人
孙膑,太乙真人,15,阵营2 胜利,"影,沈梦溪,元流之子(射手),马超,孙膑","狂铁,不知火舞,孙权,暃,太乙真人"
孙膑,太乙真人,16,阵营2 胜利,"兰陵王,海诺,蚩奼,马超,孙膑","影,女娲,元流之子(射手),铠,太乙真人"
孙膑,太乙真人,17,阵营1 胜利,"刘邦,女娲,敖隐,司马懿,孙膑","吕布,沈梦溪,李信,阿古朵,太乙真人"
孙膑,太乙真人,18,阵营2 胜利,"狂铁,嫦娥,蚩奼,杨戬,孙膑","白起,女娲,公孙离,阿古朵,太乙真人"
孙膑,太乙真人,19,阵营2 胜利,"元歌,弈星,孙权,大司命,孙膑","花木兰,沈梦溪,元流之子(射手),橘右京,太乙真人"
孙膑,东皇太一,1,阵营2 胜利,"杨戬,貂蝉,孙尚香,大司命,东皇太一","蒙恬,嫦娥,蒙犽,哪吒,孙膑"
孙膑,东皇太一,2,阵营1 胜利,"司空震,甄姬,后羿,典韦,孙膑","关羽,太乙真人,戈娅,大司命,东皇太一"
孙膑,东皇太一,3,阵营2 胜利,"老夫子,貂蝉,后羿,诸葛亮,东皇太一","哪吒,嫦娥,元流之子(射手),暃,孙膑"
孙膑,东皇太一,4,阵营1 胜利,"老夫子,嫦娥,艾琳,铠,东皇太一","狂铁,甄姬,元流之子(射手),曜,孙膑"
孙膑,东皇太一,5,阵营2 胜利,"曹操,嫦娥,李信,曜,东皇太一","关羽,上官婉儿,戈娅,宫本武藏,孙膑"
孙膑,东皇太一,6,阵营1 胜利,"上官婉儿,项羽,蚩奼,典韦,孙膑","狂铁,海诺,公孙离,哪吒,东皇太一"
孙膑,东皇太一,7,阵营2 胜利,"元歌,甄姬,狄仁杰,猪八戒,孙膑","亚瑟,嫦娥,孙尚香,云缨,东皇太一"
孙膑,东皇太一,8,阵营1 胜利,"蚩奼,嫦娥,元流之子(射手),赵云,东皇太一","哪吒,不知火舞,公孙离,露娜,孙膑"
孙膑,东皇太一,9,阵营2 胜利,"孙策,诸葛亮,虞姬,韩信,东皇太一","司空震,武则天,敖隐,暃,孙膑"
孙膑,东皇太一,10,阵营2 胜利,"马超,沈梦溪,虞姬,李元芳,东皇太一","梦奇,西施,戈娅,赵云,孙膑"
孙膑,东皇太一,11,阵营1 胜利,"亚瑟,貂蝉,蚩奼,裴擒虎,东皇太一","哪吒,诸葛亮,艾琳,元流之子(坦克),孙膑"
孙膑,东皇太一,12,阵营2 胜利,"元歌,沈梦溪,戈娅,云缨,东皇太一","姬小满,貂蝉,元流之子(射手),宫本武藏,孙膑"
孙膑,东皇太一,13,阵营1 胜利,"关羽,小乔,李信,阿古朵,东皇太一","老夫子,诸葛亮,艾琳,赵云,孙膑"
孙膑,东皇太一,14,阵营1 胜利,"马超,貂蝉,元歌,典韦,孙膑","老夫子,张良,公孙离,孙悟空,东皇太一"
孙膑,东皇太一,15,阵营1 胜利,"影,武则天,公孙离,裴擒虎,东皇太一","姬小满,沈梦溪,孙权,铠,孙膑"
孙膑,东皇太一,16,阵营2 胜利,"杨戬,海月,蚩奼,盘古,孙膑","狂铁,貂蝉,狄仁杰,镜,东皇太一"
孙膑,东皇太一,17,阵营1 胜利,"曹操,貂蝉,戈娅,阿古朵,孙膑","哪吒,女娲,孙权,马超,东皇太一"
孙膑,东皇太一,18,阵营2 胜利,"蚩奼,元流之子(法师),李信,宫本武藏,东皇太一","刘邦,嫦娥,元流之子(射手),大司命,孙膑"
孙膑,东皇太一,19,阵营2 胜利,"元流之子(刺客),诸葛亮,虞姬,韩信,东皇太一","司空震,武则天,戈娅,宫本武藏,孙膑"
孙膑,大禹,1,阵营2 胜利,"马超,嫦娥,马可波罗,镜,大禹","司空震,上官婉儿,艾琳,影,孙膑"
孙膑,大禹,2,阵营2 胜利,"元歌,不知火舞,苍,马超,大禹","狂铁,诸葛亮,公孙离,镜,孙膑"
孙膑,大禹,3,阵营1 胜利,"司空震,上官婉儿,公孙离,马超,大禹","狂铁,貂蝉,蚩奼,裴擒虎,孙膑"
孙膑,大禹,4,阵营1 胜利,"曹操,沈梦溪,蚩奼,猪八戒,孙膑","马超,不知火舞,元流之子(射手),韩信,大禹"
孙膑,大禹,5,阵营2 胜利,"老夫子,女娲,孙权,镜,大禹","亚连,海诺,李信,马超,孙膑"
孙膑,大禹,6,阵营2 胜利,"蒙恬,女娲,元流之子(射手),镜,大禹","司空震,诸葛亮,虞姬,百里玄策,孙膑"
孙膑,大禹,7,阵营2 胜利,"司空震,貂蝉,元流之子(射手),裴擒虎,孙膑","芈月,西施,公孙离,哪吒,大禹"
孙膑,大禹,8,阵营1 胜利,"达摩,嫦娥,公孙离,裴擒虎,大禹","蚩奼,小乔,戈娅,哪吒,孙膑"
孙膑,大禹,9,阵营1 胜利,"狂铁,高渐离,元流之子(射手),马超,孙膑","元歌,太乙真人,孙权,暃,大禹"
孙膑,大禹,10,阵营1 胜利,"达摩,小乔,鲁班七号,马超,孙膑","司空震,貂蝉,孙权,裴擒虎,大禹"
孙膑,大禹,11,阵营2 胜利,"司空震,沈梦溪,公孙离,云缨,大禹","钟无艳,貂蝉,马可波罗,百里玄策,孙膑"
孙膑,大禹,12,阵营2 胜利,"关羽,海诺,后羿,孙悟空,大禹","曹操,武则天,李元芳,铠,孙膑"
孙膑,大禹,13,阵营2 胜利,"达摩,甄姬,孙权,诸葛亮,大禹","蚩奼,海诺,狄仁杰,元流之子(刺客),孙膑"
孙膑,大禹,14,阵营2 胜利,"哪吒,墨子,艾琳,马超,大禹","老夫子,甄姬,戈娅,猪八戒,孙膑"
孙膑,大禹,15,阵营1 胜利,"达摩,诸葛亮,敖隐,刘备,大禹","老夫子,大乔,元流之子(射手),杨戬,孙膑"
孙膑,大禹,16,阵营2 胜利,"影,女娲,元流之子(射手),镜,孙膑","蒙恬,武则天,艾琳,典韦,大禹"
孙膑,大禹,17,阵营1 胜利,"曹操,海诺,戈娅,大司命,孙膑","影,甄姬,元流之子(射手),马超,大禹"
孙膑,大禹,18,阵营2 胜利,"狂铁,沈梦溪,公孙离,雅典娜,大禹","曹操,女娲,元流之子(射手),云缨,孙膑"
孙膑,大禹,19,阵营2 胜利,"哪吒,甄姬,元流之子(射手),裴擒虎,大禹","老夫子,杨玉环,蚩奼,镜,孙膑"
孙膑,鬼谷子,1,阵营1 胜利,"蚩奼,甄姬,元流之子(射手),百里玄策,孙膑","哪吒,高渐离,戈娅,李元芳,鬼谷子"
孙膑,鬼谷子,2,阵营2 胜利,"哪吒,杨玉环,元流之子(射手),刘备,孙膑","曹操,王昭君,公孙离,孙悟空,鬼谷子"
孙膑,鬼谷子,3,阵营2 胜利,"蒙恬,武则天,蚩奼,马超,孙膑","亚瑟,嫦娥,莱西奥,娜可露露,鬼谷子"
孙膑,鬼谷子,4,阵营1 胜利,"元歌,不知火舞,敖隐,裴擒虎,鬼谷子","孙策,沈梦溪,元流之子(射手),李白,孙膑"
孙膑,鬼谷子,5,阵营2 胜利,"亚瑟,武则天,蚩奼,孙悟空,鬼谷子","司空震,海月,戈娅,马超,孙膑"
孙膑,鬼谷子,6,阵营1 胜利,"芈月,不知火舞,虞姬,典韦,孙膑","梦奇,女娲,元流之子(射手),宫本武藏,鬼谷子"
孙膑,鬼谷子,7,阵营1 胜利,"姬小满,海月,元流之子(射手),杨戬,孙膑","关羽,西施,戈娅,百里玄策,鬼谷子"
孙膑,鬼谷子,8,阵营2 胜利,"司空震,沈梦溪,敖隐,韩信,鬼谷子","元歌,女娲,苍,云缨,孙膑"
孙膑,鬼谷子,9,阵营2 胜利,"夏洛特,沈梦溪,艾琳,裴擒虎,鬼谷子","项羽,嫦娥,公孙离,雅典娜,孙膑"
孙膑,鬼谷子,10,阵营2 胜利,"曹操,不知火舞,公孙离,裴擒虎,孙膑","狂铁,甄姬,百里守约,暃,鬼谷子"
孙膑,鬼谷子,11,阵营2 胜利,"蒙恬,太乙真人,敖隐,马超,鬼谷子","司空震,貂蝉,元流之子(射手),镜,孙膑"
孙膑,鬼谷子,12,阵营1 胜利,"亚瑟,甄姬,元流之子(射手),马超,鬼谷子","老夫子,诸葛亮,后羿,阿古朵,孙膑"
孙膑,鬼谷子,13,阵营2 胜利,"狂铁,戈娅,甄姬,铠,孙膑","达摩,沈梦溪,孙尚香,阿古朵,鬼谷子"
孙膑,鬼谷子,14,阵营2 胜利,"关羽,小乔,公孙离,大司命,鬼谷子","元歌,妲己,元流之子(射手),宫本武藏,孙膑"
孙膑,鬼谷子,15,阵营1 胜利,"狂铁,嫦娥,艾琳,韩信,孙膑","曹操,杨玉环,虞姬,阿古朵,鬼谷子"
孙膑,鬼谷子,16,阵营1 胜利,"关羽,武则天,蚩奼,诸葛亮,鬼谷子","夏洛特,上官婉儿,艾琳,百里玄策,孙膑"
孙膑,鬼谷子,17,阵营1 胜利,"狂铁,嫦娥,虞姬,裴擒虎,鬼谷子","蒙恬,武则天,蚩奼,宫本武藏,孙膑"
孙膑,鬼谷子,18,阵营1 胜利,"司空震,女娲,戈娅,裴擒虎,孙膑","马超,沈梦溪,元流之子(射手),赵云,鬼谷子"
孙膑,鬼谷子,19,阵营1 胜利,"老夫子,沈梦溪,百里守约,孙悟空,鬼谷子","姬小满,杨玉环,李信,曜,孙膑"
孙膑,大乔,1,阵营1 胜利,"关羽,安琪拉,元流之子(射手),孙悟空,大乔","芈月,沈梦溪,戈娅,哪吒,孙膑"
孙膑,大乔,2,阵营1 胜利,"曹操,海诺,元流之子(射手),马超,大乔","司空震,沈梦溪,蚩奼,梦奇,孙膑"
孙膑,大乔,3,阵营1 胜利,"关羽,杨玉环,蚩奼,孙悟空,大乔","夏洛特,海月,公孙离,裴擒虎,孙膑"
孙膑,大乔,4,阵营2 胜利,"元歌,小乔,莱西奥,铠,大乔","刘邦,不知火舞,蚩奼,宫本武藏,孙膑"
孙膑,大乔,5,阵营1 胜利,"哪吒,海诺,蚩奼,裴擒虎,孙膑","马超,高渐离,司空震,橘右京,大乔"
孙膑,大乔,6,阵营2 胜利,"司空震,沈梦溪,虞姬,暃,大乔","哪吒,不知火舞,蚩奼,裴擒虎,孙膑"
孙膑,大乔,7,阵营1 胜利,"白起,海诺,蚩奼,阿古朵,孙膑","曜,海月,戈娅,诸葛亮,大乔"
孙膑,大乔,8,阵营2 胜利,"关羽,弈星,公孙离,猪八戒,孙膑","蚩奼,海月,元流之子(射手),百里玄策,大乔"
孙膑,大乔,9,阵营1 胜利,"关羽,甄姬,孙尚香,哪吒,大乔","老夫子,女娲,元流之子(射手),铠,孙膑"
孙膑,大乔,10,阵营1 胜利,"孙策,元流之子(法师),戈娅,镜,大乔","蒙恬,沈梦溪,元流之子(射手),阿古朵,孙膑"
孙膑,大乔,11,阵营2 胜利,"司空震,杨玉环,后羿,橘右京,孙膑","老夫子,沈梦溪,伽罗,宫本武藏,大乔"
孙膑,大乔,12,阵营2 胜利,"马超,嫦娥,后羿,韩信,孙膑","司空震,高渐离,敖隐,裴擒虎,大乔"
孙膑,大乔,13,阵营1 胜利,"影,嫦娥,元流之子(射手),澜,大乔","狂铁,沈梦溪,蚩奼,露娜,孙膑"
孙膑,大乔,14,阵营2 胜利,"狂铁,不知火舞,蚩奼,露娜,孙膑","影,西施,戈娅,孙悟空,大乔"
孙膑,大乔,15,阵营2 胜利,"芈月,海月,元流之子(射手),马超,大乔","司空震,海诺,戈娅,韩信,孙膑"
孙膑,大乔,16,阵营2 胜利,"司空震,沈梦溪,元流之子(射手),暃,大乔","花木兰,貂蝉,蚩奼,裴擒虎,孙膑"
孙膑,大乔,17,阵营2 胜利,"兰陵王,不知火舞,敖隐,暃,孙膑","孙策,嫦娥,李信,典韦,大乔"
孙膑,大乔,18,阵营2 胜利,"孙策,嫦娥,敖隐,哪吒,孙膑","曹操,女娲,公孙离,赵云,大乔"
孙膑,大乔,19,阵营2 胜利,"夏洛特,西施,马可波罗,裴擒虎,大乔","狂铁,沈梦溪,蚩奼,梦奇,孙膑"
孙膑,苏烈,1,阵营1 胜利,"元歌,大乔,狄仁杰,马超,孙膑","蒙恬,海月,孙权,韩信,苏烈"
孙膑,苏烈,2,阵营2 胜利,"夏洛特,妲己,蚩奼,盘古,孙膑","廉颇,不知火舞,元流之子(射手),宫本武藏,苏烈"
孙膑,苏烈,3,阵营1 胜利,"司空震,女娲,元流之子(射手),孙悟空,孙膑","影,沈梦溪,戈娅,暃,苏烈"
孙膑,苏烈,4,阵营2 胜利,"芈月,高渐离,艾琳,裴擒虎,苏烈","猪八戒,西施,蚩奼,元流之子(刺客),孙膑"
孙膑,苏烈,5,阵营1 胜利,"蒙恬,高渐离,元流之子(射手),裴擒虎,孙膑","司空震,沈梦溪,苍,暃,苏烈"
孙膑,苏烈,6,阵营1 胜利,"马超,嫦娥,蚩奼,杨戬,孙膑","司空震,不知火舞,孙权,裴擒虎,苏烈"
孙膑,苏烈,7,阵营1 胜利,"貂蝉,沈梦溪,蚩奼,雅典娜,苏烈","老夫子,女娲,公孙离,裴擒虎,孙膑"
孙膑,苏烈,8,阵营1 胜利,"狂铁,大乔,戈娅,韩信,苏烈","孙策,沈梦溪,艾琳,镜,孙膑"
孙膑,苏烈,9,阵营2 胜利,"马超,甄姬,戈娅,阿古朵,孙膑","影,安琪拉,公孙离,宫本武藏,苏烈"
孙膑,苏烈,10,阵营2 胜利,"哪吒,小乔,狄仁杰,云缨,苏烈","狂铁,诸葛亮,蒙犽,铠,孙膑"
孙膑,苏烈,11,阵营2 胜利,"司空震,嫦娥,敖隐,韩信,苏烈","花木兰,杨玉环,公孙离,百里玄策,孙膑"
孙膑,苏烈,12,阵营2 胜利,"狂铁,嫦娥,苍,云缨,苏烈","蒙恬,女娲,戈娅,百里玄策,孙膑"
孙膑,苏烈,13,阵营1 胜利,"哪吒,嫦娥,公孙离,镜,苏烈","老夫子,干将莫邪,戈娅,裴擒虎,孙膑"
孙膑,苏烈,14,阵营1 胜利,"狂铁,甄姬,后羿,露娜,苏烈","老夫子,嫦娥,元流之子(射手),铠,孙膑"
孙膑,苏烈,15,阵营2 胜利,"司空震,海月,元流之子(射手),百里玄策,孙膑","曹操,西施,李元芳,云缨,苏烈"
孙膑,苏烈,16,阵营1 胜利,"项羽,西施,敖隐,裴擒虎,苏烈","司空震,高渐离,白起,云缨,孙膑"
孙膑,苏烈,17,阵营2 胜利,"哪吒,海月,元流之子(射手),铠,孙膑","蚩奼,小乔,苍,孙悟空,苏烈"
孙膑,苏烈,18,阵营2 胜利,"狂铁,不知火舞,艾琳,哪吒,孙膑","猪八戒,嫦娥,公孙离,裴擒虎,苏烈"
孙膑,苏烈,19,阵营2 胜利,"元歌,大乔,戈娅,雅典娜,苏烈","蒙恬,嫦娥,元流之子(射手),镜,孙膑"
孙膑,明世隐,1,阵营2 胜利,"姬小满,妲己,元歌,诸葛亮,孙膑","兰陵王,沈梦溪,元流之子(射手),马超,明世隐"
孙膑,明世隐,2,阵营1 胜利,"马超,沈梦溪,公孙离,诸葛亮,孙膑","关羽,女娲,元流之子(射手),盘古,明世隐"
孙膑,明世隐,3,阵营1 胜利,"司空震,弈星,元流之子(射手),镜,明世隐","花木兰,沈梦溪,孙权,大司命,孙膑"
孙膑,明世隐,4,阵营1 胜利,"影,甄姬,元流之子(射手),裴擒虎,明世隐","蒙恬,杨玉环,虞姬,诸葛亮,孙膑"
孙膑,瑶,1,阵营2 胜利,"哪吒,大乔,戈娅,镜,瑶","曹操,甄姬,元流之子(射手),裴擒虎,孙膑"
孙膑,瑶,2,阵营1 胜利,"司空震,诸葛亮,戈娅,阿古朵,瑶","狂铁,小乔,蚩奼,宫本武藏,孙膑"
孙膑,瑶,3,阵营1 胜利,"元歌,嫦娥,元流之子(射手),韩信,瑶","曹操,貂蝉,后羿,诸葛亮,孙膑"
孙膑,瑶,4,阵营1 胜利,"马超,安琪拉,敖隐,裴擒虎,瑶","刘邦,米莱狄,苍,典韦,孙膑"
孙膑,瑶,5,阵营2 胜利,"司空震,杨玉环,蚩奼,韩信,孙膑","哪吒,弈星,公孙离,镜,瑶"
孙膑,瑶,6,阵营2 胜利,"程咬金,姜子牙,戈娅,赵云,瑶","夏洛特,甄姬,虞姬,典韦,孙膑"
孙膑,瑶,7,阵营2 胜利,"芈月,不知火舞,敖隐,李白,孙膑","影,小乔,苍,赵云,瑶"
孙膑,瑶,8,阵营2 胜利,"蒙恬,不知火舞,蚩奼,诸葛亮,瑶","孙策,嫦娥,孙权,兰陵王,孙膑"
孙膑,瑶,9,阵营1 胜利,"关羽,嫦娥,孙尚香,元流之子(坦克),瑶","杨戬,不知火舞,敖隐,云缨,孙膑"
孙膑,瑶,10,阵营1 胜利,"曹操,沈梦溪,蚩奼,大司命,孙膑","司空震,诸葛亮,公孙离,孙悟空,瑶"
孙膑,瑶,11,阵营1 胜利,"司空震,沈梦溪,李信,元流之子(刺客),孙膑","哪吒,武则天,元流之子(射手),宫本武藏,瑶"
孙膑,瑶,12,阵营1 胜利,"关羽,妲己,虞姬,阿古朵,孙膑","曹操,周瑜,孙权,宫本武藏,瑶"
孙膑,瑶,13,阵营1 胜利,"花木兰,女娲,戈娅,马超,瑶","关羽,海月,蚩奼,百里玄策,孙膑"
孙膑,瑶,14,阵营1 胜利,"杨戬,诸葛亮,元流之子(射手),马超,孙膑","狂铁,小乔,莱西奥,百里玄策,瑶"
孙膑,瑶,15,阵营2 胜利,"哪吒,海诺,元流之子(射手),裴擒虎,瑶","狂铁,小乔,戈娅,宫本武藏,孙膑"
孙膑,瑶,16,阵营2 胜利,"夏洛特,不知火舞,李信,阿古朵,孙膑","赵云,甄姬,孙尚香,宫本武藏,瑶"
孙膑,瑶,17,阵营1 胜利,"姬小满,不知火舞,敖隐,云缨,瑶","蒙恬,嫦娥,元流之子(射手),雅典娜,孙膑"
孙膑,瑶,18,阵营1 胜利,"老夫子,不知火舞,敖隐,阿古朵,孙膑","影,沈梦溪,艾琳,韩信,瑶"
孙膑,瑶,19,阵营2 胜利,"老夫子,女娲,公孙离,宫本武藏,瑶","亚瑟,嫦娥,艾琳,镜,孙膑"
孙膑,盾山,1,阵营1 胜利,"司空震,海月,元流之子(射手),宫本武藏,孙膑","白起,嫦娥,艾琳,兰陵王,盾山"
孙膑,盾山,2,阵营2 胜利,"芈月,武则天,狄仁杰,裴擒虎,盾山","白起,不知火舞,元流之子(射手),杨戬,孙膑"
孙膑,盾山,3,阵营2 胜利,"影,杨玉环,敖隐,百里玄策,盾山","猪八戒,海诺,后羿,典韦,孙膑"
孙膑,盾山,4,阵营2 胜利,"老夫子,沈梦溪,艾琳,橘右京,盾山","赵怀真,女娲,孙权,铠,孙膑"
孙膑,盾山,5,阵营1 胜利,"狂铁,不知火舞,苍,宫本武藏,孙膑","亚瑟,女娲,艾琳,韩信,盾山"
孙膑,盾山,6,阵营2 胜利,"曹操,甄姬,狄仁杰,裴擒虎,盾山","程咬金,海诺,蚩奼,铠,孙膑"
孙膑,盾山,7,阵营2 胜利,"狂铁,干将莫邪,后羿,杨戬,孙膑","马超,高渐离,蚩奼,大司命,盾山"
孙膑,盾山,8,阵营2 胜利,"司空震,海月,戈娅,百里玄策,孙膑","芈月,甄姬,蚩奼,马超,盾山"
孙膑,盾山,9,阵营2 胜利,"曹操,小乔,孙尚香,裴擒虎,盾山","司空震,高渐离,元流之子(射手),马超,孙膑"
孙膑,盾山,10,阵营1 胜利,"狂铁,武则天,公孙离,马超,孙膑","曹操,小乔,孙尚香,阿古朵,盾山"
孙膑,盾山,11,阵营2 胜利,"白起,女娲,元流之子(射手),韩信,孙膑","关羽,元流之子(法师),艾琳,影,盾山"
孙膑,盾山,12,阵营2 胜利,"蒙恬,海诺,元流之子(射手),娜可露露,盾山","狂铁,小乔,蚩奼,阿古朵,孙膑"
孙膑,盾山,13,阵营2 胜利,"司空震,沈梦溪,狄仁杰,哪吒,盾山","白起,周瑜,百里守约,澜,孙膑"
孙膑,盾山,14,阵营1 胜利,"影,貂蝉,后羿,马超,孙膑","老夫子,姜子牙,蚩奼,镜,盾山"
孙膑,盾山,15,阵营2 胜利,"狂铁,海月,元流之子(射手),马超,孙膑","蒙恬,甄姬,戈娅,韩信,盾山"
孙膑,盾山,16,阵营1 胜利,"马超,姜子牙,老夫子,孙悟空,孙膑","曹操,小乔,元流之子(射手),橘右京,盾山"
孙膑,盾山,17,阵营2 胜利,"芈月,王昭君,孙尚香,裴擒虎,盾山","哪吒,沈梦溪,虞姬,阿古朵,孙膑"
孙膑,盾山,18,阵营2 胜利,"曹操,小乔,戈娅,宫本武藏,孙膑","元歌,弈星,孙尚香,露娜,盾山"
孙膑,盾山,19,阵营1 胜利,"哪吒,妲己,后羿,铠,孙膑","老夫子,大乔,蚩奼,韩信,盾山"
孙膑,西施,1,阵营1 胜利,"哪吒,沈梦溪,蚩奼,韩信,西施","老夫子,嫦娥,苍,裴擒虎,孙膑"
孙膑,西施,2,阵营1 胜利,"影,诸葛亮,蚩奼,元流之子(坦克),孙膑","马超,沈梦溪,孙权,镜,西施"
孙膑,西施,3,阵营2 胜利,"狂铁,周瑜,蚩奼,镜,西施","蒙恬,小乔,戈娅,韩信,孙膑"
孙膑,西施,4,阵营1 胜利,"狂铁,杨玉环,公孙离,百里玄策,孙膑","蚩奼,甄姬,戈娅,李白,西施"
孙膑,鲁班大师,1,阵营2 胜利,"司空震,安琪拉,虞姬,孙悟空,鲁班大师","达摩,小乔,艾琳,裴擒虎,孙膑"
孙膑,鲁班大师,2,阵营1 胜利,"曹操,高渐离,戈娅,宫本武藏,孙膑","姬小满,嫦娥,蚩奼,阿古朵,鲁班大师"
孙膑,鲁班大师,3,阵营2 胜利,"司空震,大乔,蒙犽,马超,孙膑","亚连,杨玉环,老夫子,典韦,鲁班大师"
孙膑,鲁班大师,4,阵营2 胜利,"影,沈梦溪,艾琳,赵云,鲁班大师","花木兰,弈星,元流之子(射手),哪吒,孙膑"
孙膑,鲁班大师,5,阵营1 胜利,"元歌,大乔,狄仁杰,猪八戒,孙膑","关羽,杨玉环,元流之子(射手),阿古朵,鲁班大师"
孙膑,鲁班大师,6,阵营2 胜利,"钟无艳,嫦娥,敖隐,橘右京,鲁班大师","亚连,杨玉环,百里守约,阿古朵,孙膑"
孙膑,鲁班大师,7,阵营2 胜利,"曹操,女娲,戈娅,司马懿,孙膑","哪吒,海月,元流之子(射手),梦奇,鲁班大师"
孙膑,鲁班大师,8,阵营1 胜利,"夏洛特,沈梦溪,公孙离,诸葛亮,鲁班大师","影,女娲,蚩奼,马超,孙膑"
孙膑,鲁班大师,9,阵营2 胜利,"蚩奼,诸葛亮,司空震,元流之子(刺客),孙膑","狂铁,海月,孙权,铠,鲁班大师"
孙膑,鲁班大师,10,阵营1 胜利,"曹操,貂蝉,公孙离,阿古朵,孙膑","蒙恬,杨玉环,苍,暃,鲁班大师"
孙膑,鲁班大师,11,阵营2 胜利,"马超,女娲,蚩奼,阿古朵,孙膑","曹操,诸葛亮,李信,裴擒虎,鲁班大师"
孙膑,鲁班大师,12,阵营1 胜利,"老夫子,女娲,元流之子(射手),阿轲,鲁班大师","司空震,嫦娥,孙权,镜,孙膑"
孙膑,鲁班大师,13,阵营2 胜利,"哪吒,金蝉,鲁班七号,影,鲁班大师","老夫子,周瑜,戈娅,云缨,孙膑"
孙膑,鲁班大师,14,阵营2 胜利,"姬小满,嫦娥,蚩奼,孙悟空,孙膑","孙策,不知火舞,元流之子(射手),裴擒虎,鲁班大师"
孙膑,鲁班大师,15,阵营1 胜利,"老夫子,海诺,孙权,盘古,孙膑","马超,女娲,蚩奼,大司命,鲁班大师"
孙膑,鲁班大师,16,阵营1 胜利,"影,诸葛亮,元流之子(射手),阿古朵,鲁班大师","元歌,貂蝉,戈娅,露娜,孙膑"
孙膑,鲁班大师,17,阵营1 胜利,"哪吒,甄姬,艾琳,云缨,鲁班大师","狂铁,西施,元流之子(射手),韩信,孙膑"
孙膑,鲁班大师,18,阵营1 胜利,"蚩奼,小乔,百里守约,铠,鲁班大师","影,沈梦溪,元流之子(射手),李白,孙膑"
孙膑,鲁班大师,19,阵营1 胜利,"赵怀真,弈星,元流之子(射手),刘备,鲁班大师","马超,不知火舞,蚩奼,阿古朵,孙膑"
孙膑,桑启,1,阵营1 胜利,"老夫子,周瑜,蚩奼,暃,孙膑","曹操,甄姬,元流之子(射手),镜,桑启"
孙膑,桑启,2,阵营2 胜利,"关羽,嬴政,戈娅,云缨,孙膑","姬小满,海月,司空震,裴擒虎,桑启"
孙膑,桑启,3,阵营2 胜利,"狂铁,海诺,艾琳,云缨,孙膑","哪吒,诸葛亮,元流之子(射手),阿古朵,桑启"
孙膑,桑启,4,阵营1 胜利,"哪吒,沈梦溪,戈娅,云缨,孙膑","夏洛特,张良,元流之子(射手),暃,桑启"
孙膑,桑启,5,阵营1 胜利,"姬小满,嫦娥,李信,阿古朵,桑启","曹操,杨玉环,马可波罗,元流之子(刺客),孙膑"
孙膑,桑启,6,阵营1 胜利,"杨戬,诸葛亮,戈娅,云缨,孙膑","狂铁,不知火舞,百里守约,孙悟空,桑启"
孙膑,桑启,7,阵营2 胜利,"梦奇,妲己,蚩奼,马超,孙膑","杨戬,嫦娥,狄仁杰,裴擒虎,桑启"
孙膑,桑启,8,阵营1 胜利,"司空震,嫦娥,公孙离,暃,孙膑","芈月,沈梦溪,莱西奥,镜,桑启"
孙膑,桑启,9,阵营1 胜利,"曹操,沈梦溪,公孙离,镜,孙膑","老夫子,诸葛亮,蚩奼,赵云,桑启"
孙膑,桑启,10,阵营2 胜利,"吕布,不知火舞,百里守约,宫本武藏,孙膑","白起,海诺,戈娅,暃,桑启"
孙膑,桑启,11,阵营2 胜利,"司空震,小乔,公孙离,百里玄策,孙膑","狂铁,不知火舞,蚩奼,诸葛亮,桑启"
孙膑,桑启,12,阵营1 胜利,"狂铁,西施,戈娅,哪吒,桑启","司空震,女娲,蚩奼,雅典娜,孙膑"
孙膑,桑启,13,阵营1 胜利,"司空震,太乙真人,元流之子(射手),马超,桑启","花木兰,甄姬,孙权,猪八戒,孙膑"
孙膑,桑启,14,阵营2 胜利,"姬小满,嫦娥,敖隐,橘右京,桑启","元歌,女娲,后羿,哪吒,孙膑"
孙膑,桑启,15,阵营1 胜利,,未集齐10人
孙膑,桑启,16,阵营2 胜利,"夏洛特,不知火舞,狄仁杰,露娜,孙膑","芈月,沈梦溪,戈娅,赵云,桑启"
孙膑,桑启,17,阵营1 胜利,"元歌,沈梦溪,孙权,孙悟空,孙膑","花木兰,杨玉环,公孙离,阿古朵,桑启"
孙膑,桑启,18,阵营2 胜利,"白起,不知火舞,孙尚香,典韦,孙膑","司空震,弈星,鲁班七号,元流之子(坦克),桑启"
孙膑,桑启,19,阵营1 胜利,"狂铁,海月,元流之子(射手),裴擒虎,孙膑","元歌,嫦娥,蚩奼,典韦,桑启"
孙膑,赵怀真,1,阵营1 胜利,"刘邦,貂蝉,李信,阿轲,赵怀真","司空震,沈梦溪,敖隐,马超,孙膑"
孙膑,赵怀真,2,阵营1 胜利,"蚩奼,武则天,敖隐,马超,孙膑","杨戬,小乔,元流之子(射手),裴擒虎,赵怀真"
孙膑,赵怀真,3,阵营1 胜利,"蚩奼,不知火舞,虞姬,娜可露露,赵怀真","姬小满,女娲,伽罗,镜,孙膑"
孙膑,赵怀真,4,阵营2 胜利,"关羽,诸葛亮,敖隐,镜,孙膑","影,海诺,苍,赵云,赵怀真"
孙膑,赵怀真,5,阵营1 胜利,"曹操,女娲,戈娅,孙悟空,孙膑","影,不知火舞,公孙离,百里玄策,赵怀真"
孙膑,赵怀真,6,阵营2 胜利,"马超,大乔,公孙离,诸葛亮,赵怀真","关羽,嫦娥,李信,露娜,孙膑"
孙膑,赵怀真,7,阵营2 胜利,"刘邦,女娲,戈娅,马超,孙膑","影,上官婉儿,元流之子(射手),李信,赵怀真"
孙膑,赵怀真,8,阵营1 胜利,"狂铁,不知火舞,戈娅,马超,孙膑","元歌,武则天,蚩奼,暃,赵怀真"
孙膑,赵怀真,9,阵营2 胜利,"老夫子,沈梦溪,孙尚香,司马懿,孙膑","蚩奼,不知火舞,戈娅,云中君,赵怀真"
孙膑,赵怀真,10,阵营1 胜利,"老夫子,西施,蚩奼,大司命,孙膑","影,海月,元流之子(射手),暃,赵怀真"
孙膑,赵怀真,11,阵营2 胜利,"曹操,沈梦溪,李信,云缨,赵怀真","影,甄姬,敖隐,典韦,孙膑"
孙膑,赵怀真,12,阵营2 胜利,"老夫子,不知火舞,戈娅,裴擒虎,赵怀真","元歌,武则天,元流之子(射手),赵云,孙膑"
孙膑,赵怀真,13,阵营1 胜利,"夏洛特,高渐离,蚩奼,曜,赵怀真","老夫子,嫦娥,戈娅,铠,孙膑"
孙膑,赵怀真,14,阵营2 胜利,"元歌,沈梦溪,海诺,裴擒虎,孙膑","孙悟空,诸葛亮,蚩奼,哪吒,赵怀真"
孙膑,赵怀真,15,阵营2 胜利,"芈月,沈梦溪,蚩奼,哪吒,赵怀真","关羽,武则天,元流之子(射手),马超,孙膑"
孙膑,赵怀真,16,阵营2 胜利,"司空震,安琪拉,马可波罗,宫本武藏,赵怀真","夏洛特,杨玉环,虞姬,裴擒虎,孙膑"
孙膑,赵怀真,17,阵营2 胜利,"影,小乔,蚩奼,大司命,孙膑","海诺,安琪拉,公孙离,暃,赵怀真"
孙膑,赵怀真,18,阵营2 胜利,"马超,不知火舞,李信,曜,赵怀真","程咬金,海诺,孙权,镜,孙膑"
孙膑,赵怀真,19,阵营2 胜利,"程咬金,女娲,孙尚香,杨戬,孙膑","蚩奼,不知火舞,孙权,镜,赵怀真"
孙膑,空空儿,1,阵营2 胜利,"影,沈梦溪,戈娅,赵云,孙膑","司空震,诸葛亮,元流之子(射手),裴擒虎,空空儿"
孙膑,空空儿,2,阵营2 胜利,"杨戬,嫦娥,蚩奼,司马懿,孙膑","关羽,沈梦溪,戈娅,铠,空空儿"
孙膑,空空儿,3,阵营2 胜利,"老夫子,上官婉儿,敖隐,橘右京,空空儿","白起,沈梦溪,元流之子(射手),雅典娜,孙膑"
孙膑,空空儿,4,阵营2 胜利,"狂铁,干将莫邪,元流之子(射手),李元芳,空空儿","影,武则天,蚩奼,典韦,孙膑"
孙膑,空空儿,5,阵营1 胜利,"白起,貂蝉,蚩奼,韩信,孙膑","吕布,大乔,李信,暃,空空儿"
孙膑,空空儿,6,阵营1 胜利,"老夫子,诸葛亮,艾琳,娜可露露,孙膑","影,甄姬,孙权,橘右京,空空儿"
孙膑,空空儿,7,阵营1 胜利,"老夫子,女娲,后羿,雅典娜,空空儿","蒙恬,海诺,艾琳,百里玄策,孙膑"
孙膑,空空儿,8,阵营2 胜利,"白起,王昭君,元流之子(射手),裴擒虎,孙膑","蒙恬,高渐离,李信,韩信,空空儿"
孙膑,空空儿,9,阵营2 胜利,"元歌,嫦娥,孙尚香,阿古朵,空空儿","哪吒,大乔,公孙离,赵云,孙膑"
孙膑,空空儿,10,阵营1 胜利,"哪吒,女娲,戈娅,赵云,孙膑","狂铁,海诺,百里守约,铠,空空儿"
孙膑,空空儿,11,阵营2 胜利,"曹操,金蝉,戈娅,大司命,孙膑","亚瑟,元流之子(法师),艾琳,诸葛亮,空空儿"
孙膑,空空儿,12,阵营2 胜利,"孙策,女娲,孙权,铠,孙膑","吕布,沈梦溪,戈娅,诸葛亮,空空儿"
孙膑,空空儿,13,阵营1 胜利,"孙策,嫦娥,元流之子(射手),蚩奼,孙膑","蒙恬,诸葛亮,李信,孙悟空,空空儿"
孙膑,空空儿,14,阵营1 胜利,"蚩奼,沈梦溪,狄仁杰,阿古朵,空空儿","刘邦,女娲,艾琳,马超,孙膑"
孙膑,空空儿,15,阵营1 胜利,"蒙恬,苍,猪八戒,空空儿,白起,海诺,戈娅,夏侯惇,孙膑",未集齐10人
孙膑,空空儿,16,阵营1 胜利,"曹操,沈梦溪,敖隐,马超,空空儿","老夫子,不知火舞,元流之子(射手),哪吒,孙膑"
孙膑,空空儿,17,阵营1 胜利,"蒙恬,不知火舞,元流之子(射手),马超,空空儿","司空震,女娲,艾琳,百里玄策,孙膑"
孙膑,空空儿,18,阵营2 胜利,"关羽,小乔,元流之子(射手),裴擒虎,空空儿","狂铁,嫦娥,狄仁杰,大司命,孙膑"
孙膑,空空儿,19,阵营1 胜利,"老夫子,沈梦溪,元流之子(射手),娜可露露,空空儿","哪吒,貂蝉,蚩奼,镜,孙膑"
孙膑,少司缘,1,阵营1 胜利,"狂铁,甄姬,苍,橘右京,少司缘","元流之子(坦克),貂蝉,公孙离,暃,孙膑"
孙膑,少司缘,2,阵营1 胜利,"影,干将莫邪,蒙犽,典韦,孙膑","蒙恬,西施,孙权,橘右京,少司缘"
孙膑,少司缘,3,阵营2 胜利,"司空震,甄姬,蚩奼,百里玄策,孙膑","狂铁,沈梦溪,苍,诸葛亮,少司缘"
孙膑,少司缘,4,阵营2 胜利,"白起,杨玉环,孙权,韩信,孙膑","影,不知火舞,蚩奼,裴擒虎,少司缘"
孙膑,少司缘,5,阵营1 胜利,"姬小满,杨玉环,元流之子(射手),镜,孙膑","花木兰,女娲,黄忠,韩信,少司缘"
孙膑,少司缘,6,阵营1 胜利,"亚瑟,嫦娥,蚩奼,铠,孙膑","元歌,上官婉儿,公孙离,阿轲,少司缘"
孙膑,少司缘,7,阵营1 胜利,"影,扁鹊,元流之子(射手),阿古朵,少司缘","哪吒,海诺,蚩奼,韩信,孙膑"
孙膑,少司缘,8,阵营1 胜利,"狂铁,小乔,敖隐,橘右京,少司缘","芈月,嫦娥,元流之子(射手),孙悟空,孙膑"
孙膑,少司缘,9,阵营2 胜利,"司空震,西施,戈娅,云中君,少司缘","曹操,诸葛亮,元流之子(射手),大司命,孙膑"
孙膑,少司缘,10,阵营1 胜利,"影,女娲,蚩奼,典韦,少司缘","司空震,大乔,元流之子(射手),阿古朵,孙膑"
孙膑,少司缘,11,阵营2 胜利,"哪吒,女娲,元流之子(射手),云缨,孙膑","司空震,嬴政,孙尚香,盘古,少司缘"
孙膑,少司缘,12,阵营2 胜利,"马超,弈星,虞姬,云中君,少司缘","猪八戒,嫦娥,公孙离,裴擒虎,孙膑"
孙膑,少司缘,13,阵营2 胜利,"老夫子,女娲,蚩奼,韩信,孙膑","夏洛特,海月,百里守约,铠,少司缘"
孙膑,少司缘,14,阵营2 胜利,"老夫子,武则天,元流之子(射手),云缨,少司缘","蒙恬,小乔,李信,典韦,孙膑"
孙膑,少司缘,15,阵营2 胜利,"影,大乔,戈娅,橘右京,少司缘","夏洛特,周瑜,蚩奼,马超,孙膑"
孙膑,少司缘,16,阵营1 胜利,"曹操,王昭君,后羿,雅典娜,少司缘","狂铁,嫦娥,蚩奼,梦奇,孙膑"
孙膑,少司缘,17,阵营1 胜利,"姬小满,海月,百里守约,铠,少司缘","关羽,高渐离,后羿,李白,孙膑"
孙膑,少司缘,18,阵营1 胜利,"花木兰,大乔,狄仁杰,梦奇,少司缘","老夫子,太乙真人,蚩奼,云缨,孙膑"
孙膑,少司缘,19,阵营2 胜利,"曹操,杨玉环,元流之子(射手),诸葛亮,少司缘","司空震,沈梦溪,敖隐,哪吒,孙膑"
孙膑,元流之子(坦克),1,阵营1 胜利,"关羽,西施,戈娅,马超,孙膑","杨戬,姜子牙,公孙离,暃,元流之子(坦克)"
孙膑,元流之子(坦克),2,阵营2 胜利,"哪吒,武则天,苍,镜,元流之子(坦克)","曹操,高渐离,狄仁杰,雅典娜,孙膑"
孙膑,元流之子(坦克),3,阵营2 胜利,"花木兰,嫦娥,狄仁杰,元流之子(刺客),孙膑","马超,海月,虞姬,孙悟空,元流之子(坦克)"
孙膑,元流之子(坦克),4,阵营1 胜利,"司空震,女娲,戈娅,镜,元流之子(坦克)","关羽,貂蝉,狄仁杰,云缨,孙膑"
孙膑,元流之子(坦克),5,阵营1 胜利,"哪吒,周瑜,敖隐,镜,孙膑","吕布,海诺,苍,马超,元流之子(坦克)"
孙膑,元流之子(坦克),6,阵营1 胜利,"老夫子,诸葛亮,蚩奼,裴擒虎,孙膑","狂铁,杨玉环,百里守约,赵云,元流之子(坦克)"
孙膑,元流之子(坦克),7,阵营2 胜利,"曹操,海月,孙权,大司命,元流之子(坦克)","白起,沈梦溪,蚩奼,铠,孙膑"
孙膑,元流之子(坦克),8,阵营2 胜利,"关羽,沈梦溪,艾琳,镜,元流之子(坦克)","狂铁,嫦娥,公孙离,元流之子(刺客),孙膑"
孙膑,元流之子(坦克),9,阵营2 胜利,"姬小满,不知火舞,敖隐,阿古朵,孙膑","元歌,沈梦溪,苍,韩信,元流之子(坦克)"
孙膑,元流之子(坦克),10,阵营2 胜利,"曹操,杨玉环,敖隐,露娜,元流之子(坦克)","影,武则天,黄忠,马超,孙膑"
孙膑,元流之子(坦克),11,阵营2 胜利,"影,海月,蒙犽,韩信,元流之子(坦克)","司空震,女娲,孙权,橘右京,孙膑"
孙膑,元流之子(坦克),12,阵营2 胜利,"哪吒,沈梦溪,戈娅,云缨,元流之子(坦克)","夏洛特,妲己,李信,露娜,孙膑"
孙膑,元流之子(坦克),13,阵营1 胜利,"狂铁,嬴政,蚩奼,阿古朵,元流之子(坦克)","亚瑟,嫦娥,戈娅,澜,孙膑"
孙膑,元流之子(坦克),14,阵营2 胜利,"司空震,海月,敖隐,大司命,元流之子(坦克)","白起,嫦娥,元流之子(射手),马超,孙膑"
孙膑,元流之子(坦克),15,阵营2 胜利,"元歌,女娲,蚩奼,铠,元流之子(坦克)","曹操,太乙真人,孙权,宫本武藏,孙膑"
孙膑,元流之子(坦克),16,阵营2 胜利,"亚瑟,沈梦溪,李信,裴擒虎,孙膑","狂铁,戈娅,貂蝉,橘右京,元流之子(坦克)"
孙膑,元流之子(坦克),17,阵营2 胜利,"蚩奼,不知火舞,公孙离,韩信,元流之子(坦克)","哪吒,弈星,戈娅,盘古,孙膑"
孙膑,元流之子(坦克),18,阵营1 胜利,"元歌,不知火舞,蚩奼,阿古朵,元流之子(坦克)","蒙恬,嫦娥,元流之子(射手),镜,孙膑"
孙膑,元流之子(坦克),19,阵营2 胜利,"亚瑟,沈梦溪,后羿,阿古朵,元流之子(坦克)","芈月,不知火舞,莱西奥,大司命,孙膑"
孙膑,元流之子(辅助),1,阵营1 胜利,"司空震,杨玉环,艾琳,裴擒虎,元流之子(辅助)","兰陵王,嫦娥,蚩奼,暃,孙膑"
孙膑,元流之子(辅助),2,阵营2 胜利,"老夫子,海月,蚩奼,孙悟空,元流之子(辅助)","马超,貂蝉,孙权,裴擒虎,孙膑"
孙膑,元流之子(辅助),3,阵营2 胜利,"孙策,杨玉环,李信,宫本武藏,元流之子(辅助)","狂铁,诸葛亮,戈娅,马超,孙膑"
孙膑,元流之子(辅助),4,阵营1 胜利,"曹操,干将莫邪,苍,赵云,元流之子(辅助)","猪八戒,女娲,公孙离,裴擒虎,孙膑"
孙膑,元流之子(辅助),5,阵营1 胜利,"狂铁,嫦娥,敖隐,暃,元流之子(辅助)","老夫子,海月,戈娅,杨戬,孙膑"
孙膑,元流之子(辅助),6,阵营2 胜利,"蒙恬,沈梦溪,苍,大司命,元流之子(辅助)","夏洛特,不知火舞,蚩奼,云中君,孙膑"
孙膑,元流之子(辅助),7,阵营2 胜利,"老夫子,嬴政,狄仁杰,娜可露露,元流之子(辅助)","白起,西施,蚩奼,铠,孙膑"
孙膑,元流之子(辅助),8,阵营2 胜利,"亚瑟,沈梦溪,蚩奼,百里玄策,孙膑","姬小满,小乔,孙尚香,暃,元流之子(辅助)"
孙膑,元流之子(辅助),9,阵营2 胜利,"狂铁,海月,元流之子(射手),影,孙膑","兰陵王,大乔,狄仁杰,韩信,元流之子(辅助)"
孙膑,元流之子(辅助),10,阵营2 胜利,"关羽,小乔,李信,马超,元流之子(辅助)","司空震,墨子,元流之子(射手),曜,孙膑"
孙膑,元流之子(辅助),11,阵营2 胜利,"蒙恬,不知火舞,元流之子(射手),马超,孙膑","廉颇,小乔,蚩奼,典韦,元流之子(辅助)"
孙膑,元流之子(辅助),12,阵营1 胜利,"曹操,弈星,老夫子,阿古朵,元流之子(辅助)","哪吒,嫦娥,蚩奼,马超,孙膑"
孙膑,元流之子(辅助),13,阵营1 胜利,"司空震,嫦娥,蚩奼,橘右京,孙膑","哪吒,海月,狄仁杰,娜可露露,元流之子(辅助)"
孙膑,元流之子(辅助),14,阵营1 胜利,"司空震,大乔,戈娅,杨戬,孙膑","孙策,女娲,蚩奼,暃,元流之子(辅助)"
孙膑,元流之子(辅助),15,阵营2 胜利,"芈月,杨玉环,蚩奼,镜,元流之子(辅助)","关羽,弈星,李信,李元芳,孙膑"
孙膑,元流之子(辅助),16,阵营2 胜利,"老夫子,沈梦溪,后羿,大司命,孙膑","达摩,海月,狄仁杰,阿轲,元流之子(辅助)"
孙膑,元流之子(辅助),17,阵营1 胜利,"关羽,诸葛亮,敖隐,裴擒虎,元流之子(辅助)","狂铁,嫦娥,元流之子(射手),阿古朵,孙膑"
孙膑,元流之子(辅助),18,阵营2 胜利,"影,甄姬,孙尚香,赵云,孙膑","马超,嫦娥,戈娅,韩信,元流之子(辅助)"
孙膑,元流之子(辅助),19,阵营1 胜利,"蒙恬,不知火舞,狄仁杰,橘右京,元流之子(辅助)","影,西施,李信,典韦,孙膑"
项羽,刘邦,1,阵营2 胜利,"元歌,杨玉环,戈娅,镜,项羽","哪吒,西施,黄忠,铠,刘邦"
项羽,刘邦,2,阵营2 胜利,"花木兰,诸葛亮,艾琳,元流之子(刺客),刘邦","狂铁,杨玉环,戈娅,典韦,项羽"
项羽,刘邦,3,阵营2 胜利,"蚩奼,沈梦溪,艾琳,李白,项羽","老夫子,嫦娥,孙权,镜,刘邦"
项羽,刘邦,4,阵营2 胜利,"狂铁,安琪拉,孙尚香,李白,刘邦","孙策,海月,孙权,裴擒虎,项羽"
项羽,刘邦,5,阵营1 胜利,"哪吒,小乔,蚩奼,暃,刘邦","司空震,诸葛亮,元流之子(射手),铠,项羽"
项羽,刘邦,6,阵营2 胜利,"影,诸葛亮,艾琳,阿古朵,刘邦","蒙恬,小乔,戈娅,韩信,项羽"
项羽,刘邦,7,阵营1 胜利,"关羽,甄姬,敖隐,暃,项羽","影,张良,元流之子(射手),铠,刘邦"
项羽,刘邦,8,阵营1 胜利,"杨戬,貂蝉,元流之子(射手),兰陵王,刘邦","老夫子,女娲,公孙离,韩信,项羽"
项羽,刘邦,9,阵营1 胜利,"孙策,沈梦溪,孙权,韩信,刘邦","哪吒,嬴政,元流之子(射手),马超,项羽"
项羽,刘邦,10,阵营1 胜利,"孙策,高渐离,戈娅,露娜,刘邦","芈月,武则天,元流之子(射手),铠,项羽"
项羽,刘邦,11,阵营2 胜利,"哪吒,大乔,虞姬,大司命,刘邦","曹操,沈梦溪,鲁班七号,暃,项羽"
项羽,刘邦,12,阵营1 胜利,"司空震,西施,公孙离,暃,刘邦","花木兰,沈梦溪,孙权,铠,项羽"
项羽,刘邦,13,阵营2 胜利,"影,妲己,虞姬,哪吒,刘邦","老夫子,大乔,艾琳,铠,项羽"
项羽,刘邦,14,阵营2 胜利,"老夫子,诸葛亮,后羿,孙悟空,项羽","蒙恬,女娲,艾琳,云中君,刘邦"
项羽,刘邦,15,阵营2 胜利,"司空震,海月,元流之子(射手),曜,项羽","曹操,蚩奼,沈梦溪,典韦,刘邦"
项羽,刘邦,16,阵营2 胜利,"马超,杨玉环,蒙犽,百里玄策,项羽","猪八戒,貂蝉,孙尚香,裴擒虎,刘邦"
项羽,刘邦,17,阵营1 胜利,"狂铁,貂蝉,敖隐,李元芳,项羽","曹操,大乔,公孙离,铠,刘邦"
项羽,刘邦,18,阵营2 胜利,"盘古,嫦娥,莱西奥,露娜,刘邦","哪吒,女娲,孙权,暃,项羽"
项羽,刘邦,19,阵营2 胜利,"曹操,周瑜,公孙离,裴擒虎,刘邦","孙悟空,小乔,元流之子(射手),百里玄策,项羽"
项羽,张良,1,阵营1 胜利,"马超,高渐离,戈娅,裴擒虎,项羽","蒙恬,沈梦溪,元流之子(射手),露娜,张良"
项羽,张良,2,阵营2 胜利,"影,干将莫邪,伽罗,赵云,张良","夏洛特,嬴政,虞姬,云缨,项羽"
项羽,张良,3,阵营1 胜利,"李信,高渐离,公孙离,阿古朵,项羽","元歌,小乔,孙权,裴擒虎,张良"
项羽,张良,4,阵营2 胜利,"花木兰,姜子牙,蚩奼,百里玄策,项羽","白起,米莱狄,戈娅,典韦,张良"
项羽,张良,5,阵营2 胜利,"元歌,诸葛亮,孙权,宫本武藏,张良","芈月,女娲,蚩奼,澜,项羽"
项羽,张良,6,阵营1 胜利,"狂铁,大乔,狄仁杰,云缨,张良","司空震,女娲,蚩奼,镜,项羽"
项羽,张良,7,阵营2 胜利,"司空震,姜子牙,戈娅,露娜,项羽","曹操,嫦娥,苍,赵云,张良"
项羽,张良,8,阵营2 胜利,"亚瑟,嫦娥,元歌,裴擒虎,张良","白起,上官婉儿,敖隐,阿古朵,项羽"
项羽,张良,9,阵营2 胜利,"马超,姜子牙,敖隐,阿古朵,项羽","曹操,武则天,虞姬,百里玄策,张良"
项羽,张良,10,阵营2 胜利,"司空震,女娲,虞姬,孙悟空,项羽","关羽,嫦娥,敖隐,镜,张良"
项羽,张良,11,阵营2 胜利,"老夫子,安琪拉,鲁班七号,阿古朵,项羽","蒙恬,海月,戈娅,梦奇,张良"
项羽,张良,12,阵营2 胜利,"曹操,西施,公孙离,橘右京,张良","关羽,不知火舞,蚩奼,孙悟空,项羽"
项羽,张良,13,阵营1 胜利,"钟无艳,小乔,虞姬,镜,张良","曹操,甄姬,戈娅,韩信,项羽"
项羽,张良,14,阵营2 胜利,"马超,女娲,元流之子(射手),云中君,张良","哪吒,沈梦溪,孙权,暃,项羽"
项羽,张良,15,阵营1 胜利,"兰陵王,高渐离,元流之子(射手),宫本武藏,项羽","元歌,嫦娥,孙权,哪吒,张良"
项羽,张良,16,阵营1 胜利,"关羽,杨玉环,敖隐,马超,项羽","苏烈,嫦娥,元流之子(射手),孙悟空,张良"
项羽,张良,17,阵营2 胜利,"老夫子,甄姬,蚩奼,镜,张良","猪八戒,嫦娥,元歌,云缨,项羽"
项羽,张良,18,阵营1 胜利,"曹操,女娲,元流之子(射手),百里玄策,张良","狂铁,弈星,戈娅,镜,项羽"
项羽,张良,19,阵营2 胜利,"狂铁,沈梦溪,敖隐,赵云,张良","廉颇,诸葛亮,元流之子(射手),猪八戒,项羽"
项羽,朵莉亚,1,阵营2 胜利,"狂铁,嫦娥,孙权,盘古,朵莉亚","曹操,沈梦溪,元流之子(射手),赵云,项羽"
项羽,朵莉亚,2,阵营2 胜利,"元歌,女娲,戈娅,曜,项羽","程咬金,嫦娥,孙权,裴擒虎,朵莉亚"
项羽,朵莉亚,3,阵营2 胜利,"马超,沈梦溪,敖隐,诸葛亮,项羽","狂铁,海月,戈娅,露娜,朵莉亚"
项羽,朵莉亚,4,阵营1 胜利,"影,西施,蚩奼,诸葛亮,项羽","关羽,小乔,苍,铠,朵莉亚"
项羽,朵莉亚,5,阵营1 胜利,"狂铁,杨玉环,孙尚香,杨戬,朵莉亚","芈月,妲己,蚩奼,韩信,项羽"
项羽,朵莉亚,6,阵营1 胜利,"曹操,杨玉环,戈娅,铠,朵莉亚","元歌,王昭君,后羿,暃,项羽"
项羽,朵莉亚,7,阵营2 胜利,"亚瑟,小乔,蚩奼,雅典娜,朵莉亚","司空震,沈梦溪,黄忠,孙策,项羽"
项羽,朵莉亚,8,阵营2 胜利,"哪吒,大乔,敖隐,诸葛亮,项羽","曹操,甄姬,公孙离,梦奇,朵莉亚"
项羽,朵莉亚,9,阵营2 胜利,"亚连,沈梦溪,孙尚香,兰陵王,项羽","芈月,不知火舞,狄仁杰,云缨,朵莉亚"
项羽,朵莉亚,10,阵营1 胜利,"夏洛特,妲己,元流之子(射手),李白,项羽","刘邦,上官婉儿,蚩奼,镜,朵莉亚"
项羽,朵莉亚,11,阵营1 胜利,"影,貂蝉,戈娅,韩信,项羽","关羽,西施,蚩奼,镜,朵莉亚"
项羽,朵莉亚,12,阵营1 胜利,"孙悟空,貂蝉,苍,镜,朵莉亚","哪吒,杨玉环,狄仁杰,韩信,项羽"
项羽,朵莉亚,13,阵营1 胜利,"吕布,杨玉环,敖隐,云缨,朵莉亚","影,小乔,后羿,百里玄策,项羽"
项羽,朵莉亚,14,阵营1 胜利,"关羽,沈梦溪,敖隐,露娜,朵莉亚","蒙恬,高渐离,黄忠,宫本武藏,项羽"
项羽,朵莉亚,15,阵营2 胜利,"影,杨玉环,戈娅,橘右京,朵莉亚","刘邦,女娲,孙权,马超,项羽"
项羽,朵莉亚,16,阵营2 胜利,,未集齐10人
项羽,朵莉亚,17,阵营1 胜利,,未集齐10人
项羽,朵莉亚,18,阵营1 胜利,,未集齐10人
项羽,朵莉亚,19,阵营2 胜利,,未集齐10人
项羽,牛魔,1,阵营2 胜利,"狂铁,沈梦溪,艾琳,司马懿,牛魔","司空震,女娲,戈娅,暃,项羽"
项羽,牛魔,2,阵营2 胜利,"蒙恬,武则天,公孙离,雅典娜,项羽","哪吒,元流之子(法师),鲁班七号,大司命,牛魔"
项羽,牛魔,3,阵营2 胜利,"花木兰,嫦娥,后羿,杨戬,牛魔","狂铁,沈梦溪,元流之子(射手),镜,项羽"
项羽,牛魔,4,阵营1 胜利,"老夫子,嫦娥,虞姬,裴擒虎,项羽","马超,大乔,苍,镜,牛魔"
项羽,牛魔,5,阵营2 胜利,"亚瑟,上官婉儿,孙权,云缨,牛魔","花木兰,墨子,元流之子(射手),赵云,项羽"
项羽,牛魔,6,阵营1 胜利,"花木兰,女娲,元流之子(射手),孙悟空,项羽","吕布,扁鹊,戈娅,韩信,牛魔"
项羽,牛魔,7,阵营2 胜利,"元歌,海月,百里守约,韩信,项羽","夏洛特,弈星,元流之子(射手),娜可露露,牛魔"
项羽,牛魔,8,阵营2 胜利,"狂铁,沈梦溪,虞姬,马超,项羽","兰陵王,小乔,戈娅,刘备,牛魔"
项羽,牛魔,9,阵营1 胜利,"狂铁,沈梦溪,元流之子(射手),裴擒虎,项羽","影,不知火舞,蚩奼,镜,牛魔"
项羽,牛魔,10,阵营2 胜利,"马超,干将莫邪,狄仁杰,兰陵王,牛魔","狂铁,安琪拉,后羿,赵云,项羽"
项羽,牛魔,11,阵营2 胜利,"影,诸葛亮,元流之子(射手),马超,项羽","夏洛特,女娲,蚩奼,橘右京,牛魔"
项羽,牛魔,12,阵营1 胜利,"元流之子(坦克),沈梦溪,戈娅,大司命,牛魔","关羽,小乔,蚩奼,云中君,项羽"
项羽,牛魔,13,阵营2 胜利,"蚩奼,墨子,戈娅,刘备,牛魔","孙策,弈星,公孙离,大司命,项羽"
项羽,牛魔,14,阵营1 胜利,"老夫子,弈星,蚩奼,雅典娜,牛魔","狂铁,沈梦溪,公孙离,韩信,项羽"
项羽,牛魔,15,阵营2 胜利,"白起,大乔,戈娅,元流之子(刺客),项羽","哪吒,小乔,公孙离,典韦,牛魔"
项羽,牛魔,16,阵营2 胜利,"夏侯惇,嫦娥,戈娅,橘右京,项羽","老夫子,海月,元流之子(射手),暃,牛魔"
项羽,牛魔,17,阵营1 胜利,"花木兰,沈梦溪,蚩奼,暃,牛魔","司空震,海月,虞姬,裴擒虎,项羽"
项羽,牛魔,18,阵营2 胜利,"哪吒,小乔,蚩奼,司马懿,项羽","兰陵王,周瑜,司空震,大司命,牛魔"
项羽,牛魔,19,阵营2 胜利,"吕布,女娲,公孙离,赵云,牛魔","元流之子(坦克),姜子牙,虞姬,马超,项羽"
项羽,张飞,1,阵营1 胜利,"廉颇,海诺,敖隐,杨戬,项羽","大司命,大乔,后羿,赵怀真,张飞"
项羽,张飞,2,阵营2 胜利,"司空震,不知火舞,蚩奼,李元芳,张飞","狂铁,上官婉儿,蒙犽,孙悟空,项羽"
项羽,张飞,3,阵营2 胜利,"花木兰,女娲,蚩奼,雅典娜,张飞","元歌,甄姬,艾琳,云缨,项羽"
项羽,张飞,4,阵营2 胜利,"关羽,小乔,元流之子(射手),韩信,项羽","司空震,女娲,百里守约,赵云,张飞"
项羽,张飞,5,阵营2 胜利,"元歌,嫦娥,狄仁杰,孙悟空,项羽","花木兰,海月,虞姬,镜,张飞"
项羽,张飞,6,阵营2 胜利,"元歌,不知火舞,孙权,娜可露露,张飞","司空震,女娲,戈娅,司马懿,项羽"
项羽,张飞,7,阵营2 胜利,"关羽,高渐离,公孙离,阿古朵,张飞","哪吒,女娲,元流之子(射手),露娜,项羽"
项羽,张飞,8,阵营1 胜利,"芈月,海诺,孙权,哪吒,项羽","夏侯惇,甄姬,蚩奼,曹操,张飞"
项羽,张飞,9,阵营2 胜利,"关羽,诸葛亮,苍,娜可露露,张飞","影,沈梦溪,公孙离,韩信,项羽"
项羽,张飞,10,阵营2 胜利,"芈月,甄姬,元流之子(射手),韩信,项羽","影,貂蝉,百里守约,裴擒虎,张飞"
项羽,张飞,11,阵营2 胜利,"狂铁,周瑜,李信,阿古朵,张飞","曹操,甄姬,元流之子(射手),暃,项羽"
项羽,张飞,12,阵营1 胜利,"哪吒,大乔,元流之子(射手),盘古,项羽","关羽,小乔,孙尚香,赵云,张飞"
项羽,张飞,13,阵营2 胜利,"曹操,大乔,戈娅,镜,项羽","狂铁,海月,元流之子(射手),娜可露露,张飞"
项羽,张飞,14,阵营1 胜利,"廉颇,不知火舞,敖隐,孙悟空,张飞","元歌,嫦娥,元流之子(射手),橘右京,项羽"
项羽,张飞,15,阵营1 胜利,"老夫子,大乔,李信,铠,张飞","关羽,嫦娥,蚩奼,赵云,项羽"
项羽,张飞,16,阵营1 胜利,"司空震,海月,戈娅,李白,项羽","关羽,海诺,虞姬,裴擒虎,张飞"
项羽,张飞,17,阵营2 胜利,"吕布,弈星,李信,镜,项羽","白起,海月,蚩奼,典韦,张飞"
项羽,张飞,18,阵营1 胜利,"影,诸葛亮,虞姬,裴擒虎,项羽","元歌,西施,蚩奼,哪吒,张飞"
项羽,张飞,19,阵营2 胜利,"安琪拉,蚩奼,元流之子(射手),韩信,项羽","曹操,海月,虞姬,娜可露露,张飞"
项羽,钟馗,1,阵营2 胜利,"狂铁,海月,敖隐,孙悟空,项羽","曹操,大乔,元流之子(射手),暃,钟馗"
项羽,钟馗,2,阵营1 胜利,"夏洛特,沈梦溪,孙尚香,云中君,项羽","老夫子,海月,百里守约,李白,钟馗"
项羽,钟馗,3,阵营2 胜利,"亚瑟,安琪拉,后羿,孙悟空,项羽","老夫子,上官婉儿,公孙离,暃,钟馗"
项羽,钟馗,4,阵营1 胜利,"马超,武则天,艾琳,镜,钟馗","蚩奼,米莱狄,元流之子(射手),云缨,项羽"
项羽,钟馗,5,阵营1 胜利,"老夫子,大乔,虞姬,裴擒虎,项羽","花木兰,武则天,元流之子(射手),孙悟空,钟馗"
项羽,钟馗,6,阵营2 胜利,"哪吒,小乔,李元芳,暃,钟馗","蚩奼,海月,敖隐,宫本武藏,项羽"
项羽,钟馗,7,阵营1 胜利,"司空震,嫦娥,敖隐,元流之子(坦克),项羽","曹操,女娲,虞姬,赵云,钟馗"
项羽,钟馗,8,阵营1 胜利,"蚩奼,莱西奥,镜,项羽,姬小满,上官婉儿,元流之子(射手),韩信,钟馗",未集齐10人
项羽,钟馗,9,阵营1 胜利,"元歌,大乔,戈娅,诸葛亮,项羽","姬小满,不知火舞,孙权,铠,钟馗"
项羽,钟馗,10,阵营2 胜利,"马超,嫦娥,蚩奼,典韦,项羽","曹操,小乔,百里守约,诸葛亮,钟馗"
项羽,钟馗,11,阵营2 胜利,"老夫子,沈梦溪,孙权,司马懿,项羽","司空震,王昭君,公孙离,盘古,钟馗"
项羽,钟馗,12,阵营2 胜利,"廉颇,嫦娥,元流之子(射手),孙悟空,项羽","花木兰,海诺,后羿,哪吒,钟馗"
项羽,钟馗,13,阵营1 胜利,"马超,沈梦溪,元流之子(射手),铠,钟馗","曹操,嫦娥,戈娅,暃,项羽"
项羽,钟馗,14,阵营2 胜利,"元歌,嫦娥,孙尚香,阿轲,钟馗","亚瑟,周瑜,百里守约,赵云,项羽"
项羽,钟馗,15,阵营1 胜利,"猪八戒,上官婉儿,李信,裴擒虎,钟馗","蒙恬,女娲,蚩奼,大司命,项羽"
项羽,钟馗,16,阵营1 胜利,"蒙恬,嫦娥,戈娅,赵云,钟馗","曹操,女娲,元流之子(射手),大司命,项羽"
项羽,钟馗,17,阵营1 胜利,"夏洛特,女娲,蚩奼,李白,项羽","狂铁,沈梦溪,孙权,诸葛亮,钟馗"
项羽,钟馗,18,阵营2 胜利,"元歌,沈梦溪,元流之子(射手),暃,项羽","哪吒,不知火舞,戈娅,阿古朵,钟馗"
项羽,钟馗,19,阵营2 胜利,"老夫子,武则天,李信,云中君,钟馗","哪吒,高渐离,苍,裴擒虎,项羽"
项羽,杨玉环,1,阵营2 胜利,"夏洛特,海月,元流之子(射手),孙悟空,项羽","老夫子,诸葛亮,扁鹊,澜,杨玉环"
项羽,杨玉环,2,阵营2 胜利,"夏洛特,沈梦溪,蚩奼,裴擒虎,杨玉环","司空震,高渐离,孙权,马超,项羽"
项羽,杨玉环,3,阵营1 胜利,"马超,嫦娥,公孙离,露娜,项羽","姬小满,高渐离,后羿,裴擒虎,杨玉环"
项羽,杨玉环,4,阵营1 胜利,"马超,干将莫邪,司空震,裴擒虎,杨玉环","孙策,嫦娥,蚩奼,暃,项羽"
项羽,杨玉环,5,阵营2 胜利,"杨戬,沈梦溪,狄仁杰,云缨,项羽","曹操,女娲,蚩奼,李白,杨玉环"
项羽,杨玉环,6,阵营1 胜利,"白起,沈梦溪,虞姬,赵云,项羽","狂铁,不知火舞,元流之子(射手),暃,杨玉环"
项羽,杨玉环,7,阵营1 胜利,"吕布,沈梦溪,戈娅,澜,杨玉环","老夫子,海月,百里守约,孙悟空,项羽"
项羽,杨玉环,8,阵营2 胜利,"关羽,不知火舞,苍,百里玄策,项羽","司空震,武则天,元流之子(射手),镜,杨玉环"
项羽,杨玉环,9,阵营1 胜利,"花木兰,女娲,戈娅,露娜,杨玉环","影,海月,李信,裴擒虎,项羽"
项羽,杨玉环,10,阵营2 胜利,"芈月,安琪拉,李信,镜,项羽","关羽,诸葛亮,狄仁杰,孙悟空,杨玉环"
项羽,杨玉环,11,阵营1 胜利,"关羽,干将莫邪,戈娅,曜,杨玉环","杨戬,不知火舞,元流之子(射手),暃,项羽"
项羽,杨玉环,12,阵营1 胜利,"刘邦,海诺,戈娅,雅典娜,杨玉环","曹操,不知火舞,元流之子(射手),露娜,项羽"
项羽,杨玉环,13,阵营1 胜利,"曹操,高渐离,戈娅,哪吒,项羽","影,嫦娥,艾琳,赵云,杨玉环"
项羽,杨玉环,14,阵营2 胜利,"哪吒,不知火舞,虞姬,马超,项羽","杨戬,小乔,马可波罗,宫本武藏,杨玉环"
项羽,杨玉环,15,阵营2 胜利,"兰陵王,不知火舞,马可波罗,阿古朵,项羽","影,女娲,苍,云中君,杨玉环"
项羽,杨玉环,16,阵营2 胜利,"影,干将莫邪,蒙犽,阿古朵,项羽","哪吒,米莱狄,元流之子(射手),诸葛亮,杨玉环"
项羽,杨玉环,17,阵营2 胜利,"元歌,沈梦溪,蒙犽,曜,项羽","狂铁,姜子牙,戈娅,澜,杨玉环"
项羽,杨玉环,18,阵营2 胜利,"孙策,嬴政,狄仁杰,裴擒虎,杨玉环","哪吒,大乔,苍,暃,项羽"
项羽,杨玉环,19,阵营1 胜利,"元歌,不知火舞,苍,裴擒虎,项羽","蚩奼,沈梦溪,孙权,云中君,杨玉环"
项羽,蔡文姬,1,阵营2 胜利,"狂铁,周瑜,艾琳,娜可露露,蔡文姬","夏侯惇,西施,孙权,裴擒虎,项羽"
项羽,蔡文姬,2,阵营2 胜利,"老夫子,女娲,蚩奼,典韦,蔡文姬","盘古,杨玉环,孙尚香,孙悟空,项羽"
项羽,蔡文姬,3,阵营2 胜利,"老夫子,甄姬,李信,裴擒虎,蔡文姬","元歌,沈梦溪,孙权,孙悟空,项羽"
项羽,蔡文姬,4,阵营2 胜利,"哪吒,米莱狄,元流之子(射手),曜,项羽","司空震,杨玉环,戈娅,韩信,蔡文姬"
项羽,蔡文姬,5,阵营1 胜利,"达摩,高渐离,蚩奼,裴擒虎,项羽","影,沈梦溪,后羿,镜,蔡文姬"
项羽,蔡文姬,6,阵营2 胜利,"哪吒,墨子,元流之子(射手),阿古朵,蔡文姬","司空震,甄姬,李信,马超,项羽"
项羽,蔡文姬,7,阵营2 胜利,"蒙恬,貂蝉,戈娅,孙悟空,项羽","老夫子,大乔,公孙离,元流之子(刺客),蔡文姬"
项羽,蔡文姬,8,阵营1 胜利,"司空震,女娲,伽罗,镜,项羽","姬小满,元流之子(法师),戈娅,赵云,蔡文姬"
项羽,蔡文姬,9,阵营2 胜利,"猪八戒,嫦娥,敖隐,露娜,蔡文姬","元流之子(坦克),女娲,蚩奼,司马懿,项羽"
项羽,蔡文姬,10,阵营2 胜利,"司空震,杨玉环,百里守约,赵云,项羽","关羽,海月,戈娅,孙悟空,蔡文姬"
项羽,蔡文姬,11,阵营2 胜利,"蒙恬,小乔,元流之子(射手),阿古朵,项羽","猪八戒,女娲,蚩奼,裴擒虎,蔡文姬"
项羽,蔡文姬,12,阵营1 胜利,"白起,诸葛亮,艾琳,裴擒虎,蔡文姬","元歌,杨玉环,司空震,澜,项羽"
项羽,蔡文姬,13,阵营2 胜利,"狂铁,诸葛亮,元流之子(射手),李白,蔡文姬","姬小满,元流之子(法师),苍,赵云,项羽"
项羽,蔡文姬,14,阵营2 胜利,"曹操,海月,孙尚香,阿古朵,项羽","钟无艳,妲己,戈娅,橘右京,蔡文姬"
项羽,蔡文姬,15,阵营2 胜利,"曹操,干将莫邪,李信,阿轲,项羽","司空震,元流之子(法师),苍,阿古朵,蔡文姬"
项羽,蔡文姬,16,阵营1 胜利,"司空震,海月,蚩奼,哪吒,项羽","关羽,小乔,孙权,韩信,蔡文姬"
项羽,蔡文姬,17,阵营1 胜利,"哪吒,嫦娥,后羿,百里玄策,蔡文姬","曹操,海月,狄仁杰,钟无艳,项羽"
项羽,蔡文姬,18,阵营2 胜利,"司空震,女娲,孙权,暃,蔡文姬","蚩奼,嫦娥,元流之子(射手),典韦,项羽"
项羽,蔡文姬,19,阵营2 胜利,"夏洛特,西施,蚩奼,孙悟空,蔡文姬","马超,嫦娥,戈娅,铠,项羽"
项羽,太乙真人,1,阵营1 胜利,"孙策,沈梦溪,李信,曜,太乙真人","芈月,诸葛亮,百里守约,孙悟空,项羽"
项羽,太乙真人,2,阵营2 胜利,"老夫子,大乔,公孙离,镜,项羽","哪吒,干将莫邪,虞姬,司马懿,太乙真人"
项羽,太乙真人,3,阵营1 胜利,"哪吒,甄姬,后羿,暃,项羽","夏洛特,王昭君,元流之子(射手),镜,太乙真人"
项羽,太乙真人,4,阵营2 胜利,"姬小满,杨玉环,公孙离,司马懿,太乙真人","曹操,不知火舞,黄忠,裴擒虎,项羽"
项羽,太乙真人,5,阵营2 胜利,"曹操,武则天,敖隐,雅典娜,项羽","老夫子,貂蝉,马超,裴擒虎,太乙真人"
项羽,太乙真人,6,阵营2 胜利,"司空震,女娲,孙权,裴擒虎,项羽","蚩奼,武则天,虞姬,曜,太乙真人"
项羽,太乙真人,7,阵营1 胜利,"孙策,女娲,元流之子(射手),镜,项羽","司空震,小乔,戈娅,韩信,太乙真人"
项羽,太乙真人,8,阵营2 胜利,"猪八戒,元流之子(法师),苍,典韦,太乙真人","狂铁,海诺,蚩奼,铠,项羽"
项羽,太乙真人,9,阵营2 胜利,"白起,安琪拉,虞姬,露娜,项羽","哪吒,张良,艾琳,阿古朵,太乙真人"
项羽,太乙真人,10,阵营1 胜利,"老夫子,嫦娥,鲁班七号,司马懿,项羽","元歌,王昭君,元流之子(射手),裴擒虎,太乙真人"
项羽,太乙真人,11,阵营2 胜利,"司空震,杨玉环,元流之子(射手),赵云,太乙真人","杨戬,高渐离,戈娅,马超,项羽"
项羽,太乙真人,12,阵营1 胜利,"元歌,海月,戈娅,铠,项羽","夏洛特,女娲,蚩奼,大司命,太乙真人"
项羽,太乙真人,13,阵营1 胜利,"司空震,嫦娥,元流之子(射手),裴擒虎,太乙真人","曹操,小乔,李信,赵云,项羽"
项羽,太乙真人,14,阵营1 胜利,"花木兰,海月,蚩奼,李元芳,太乙真人","司空震,弈星,元流之子(射手),刘备,项羽"
项羽,太乙真人,15,阵营1 胜利,"蒙恬,甄姬,蚩奼,暃,项羽","狂铁,小乔,元流之子(射手),镜,太乙真人"
项羽,太乙真人,16,阵营1 胜利,"关羽,安琪拉,敖隐,阿古朵,太乙真人","影,不知火舞,戈娅,镜,项羽"
项羽,太乙真人,17,阵营1 胜利,"白起,小乔,苍,韩信,项羽","关羽,沈梦溪,公孙离,铠,太乙真人"
项羽,太乙真人,18,阵营1 胜利,"孙策,干将莫邪,戈娅,娜可露露,太乙真人","亚瑟,貂蝉,公孙离,云缨,项羽"
项羽,太乙真人,19,阵营2 胜利,"赵怀真,诸葛亮,孙尚香,马超,太乙真人","元歌,嬴政,狄仁杰,曜,项羽"
项羽,东皇太一,1,阵营2 胜利,"司空震,沈梦溪,蚩奼,韩信,东皇太一","马超,嫦娥,戈娅,阿古朵,项羽"
项羽,东皇太一,2,阵营2 胜利,"狂铁,大乔,百里守约,裴擒虎,东皇太一","元歌,女娲,李信,暃,项羽"
项羽,东皇太一,3,阵营1 胜利,"花木兰,杨玉环,孙尚香,赵云,项羽","元歌,高渐离,元流之子(射手),司马懿,东皇太一"
项羽,东皇太一,4,阵营2 胜利,"司空震,女娲,虞姬,韩信,东皇太一","哪吒,沈梦溪,蒙犽,铠,项羽"
项羽,东皇太一,5,阵营1 胜利,"亚瑟,妲己,公孙离,露娜,项羽","花木兰,嬴政,元流之子(射手),赵云,东皇太一"
项羽,东皇太一,6,阵营2 胜利,"司空震,沈梦溪,百里守约,裴擒虎,东皇太一","曹操,不知火舞,元流之子(射手),孙悟空,项羽"
项羽,东皇太一,7,阵营2 胜利,"曹操,武则天,戈娅,镜,东皇太一","猪八戒,杨玉环,元流之子(射手),裴擒虎,项羽"
项羽,东皇太一,8,阵营2 胜利,"姬小满,姜子牙,孙尚香,马超,东皇太一","老夫子,甄姬,元流之子(射手),司马懿,项羽"
项羽,东皇太一,9,阵营1 胜利,"哪吒,干将莫邪,蚩奼,典韦,项羽","司空震,武则天,马可波罗,马超,东皇太一"
项羽,东皇太一,10,阵营2 胜利,"老夫子,杨玉环,元流之子(射手),司马懿,东皇太一","马超,沈梦溪,苍,元流之子(坦克),项羽"
项羽,东皇太一,11,阵营2 胜利,"蒙恬,杨玉环,苍,赵云,东皇太一","狂铁,沈梦溪,公孙离,宫本武藏,项羽"
项羽,东皇太一,12,阵营1 胜利,"司空震,嫦娥,艾琳,暃,项羽","元歌,诸葛亮,蚩奼,韩信,东皇太一"
项羽,东皇太一,13,阵营1 胜利,"蒙恬,大乔,孙权,韩信,东皇太一","影,小乔,元流之子(射手),暃,项羽"
项羽,东皇太一,14,阵营2 胜利,"哪吒,元流之子(法师),公孙离,宫本武藏,项羽","元歌,诸葛亮,鲁班七号,露娜,东皇太一"
项羽,东皇太一,15,阵营2 胜利,"蚩奼,海月,狄仁杰,马超,项羽","白起,嫦娥,苍,裴擒虎,东皇太一"
项羽,东皇太一,16,阵营1 胜利,"马超,小乔,敖隐,宫本武藏,东皇太一","亚瑟,武则天,艾琳,裴擒虎,项羽"
项羽,东皇太一,17,阵营2 胜利,"芈月,小乔,戈娅,马超,项羽","司空震,诸葛亮,元流之子(射手),阿古朵,东皇太一"
项羽,东皇太一,18,阵营2 胜利,"元歌,嫦娥,虞姬,诸葛亮,项羽","影,干将莫邪,元流之子(射手),马超,东皇太一"
项羽,东皇太一,19,阵营2 胜利,"曹操,甄姬,元流之子(射手),马超,项羽","海诺,弈星,戈娅,孙悟空,东皇太一"
项羽,大禹,1,阵营2 胜利,"蚩奼,小乔,戈娅,暃,项羽","程咬金,女娲,孙权,诸葛亮,大禹"
项羽,大禹,2,阵营2 胜利,"蒙恬,海月,后羿,裴擒虎,大禹","狂铁,西施,孙权,诸葛亮,项羽"
项羽,大禹,3,阵营2 胜利,"元歌,元流之子(法师),蚩奼,橘右京,大禹","司空震,貂蝉,鲁班七号,云缨,项羽"
项羽,大禹,4,阵营2 胜利,"狂铁,大乔,蚩奼,镜,大禹","曹操,上官婉儿,艾琳,李白,项羽"
项羽,大禹,5,阵营2 胜利,"元歌,甄姬,戈娅,赵云,项羽","白起,西施,公孙离,李白,大禹"
项羽,大禹,6,阵营2 胜利,"达摩,上官婉儿,蚩奼,镜,大禹","元歌,杨玉环,戈娅,裴擒虎,项羽"
项羽,大禹,7,阵营2 胜利,"老夫子,不知火舞,元流之子(射手),盘古,大禹","马超,女娲,伽罗,哪吒,项羽"
项羽,大禹,8,阵营2 胜利,"司空震,甄姬,公孙离,元流之子(坦克),大禹","老夫子,小乔,李信,诸葛亮,项羽"
项羽,大禹,9,阵营2 胜利,"哪吒,女娲,蚩奼,云缨,大禹","老夫子,海月,戈娅,阿轲,项羽"
项羽,大禹,10,阵营2 胜利,"关羽,不知火舞,元流之子(射手),兰陵王,大禹","孙策,弈星,戈娅,澜,项羽"
项羽,大禹,11,阵营1 胜利,"老夫子,沈梦溪,苍,赵云,大禹","狂铁,女娲,元流之子(射手),百里玄策,项羽"
项羽,大禹,12,阵营2 胜利,"元歌,甄姬,蚩奼,诸葛亮,大禹","白起,小乔,后羿,典韦,项羽"
项羽,大禹,13,阵营2 胜利,"孙策,甄姬,蚩奼,阿古朵,大禹","芈月,元流之子(法师),戈娅,云缨,项羽"
项羽,大禹,14,阵营1 胜利,"马超,不知火舞,孙尚香,孙悟空,大禹","蚩奼,高渐离,公孙离,雅典娜,项羽"
项羽,大禹,15,阵营1 胜利,"哪吒,女娲,蚩奼,元流之子(刺客),大禹","老夫子,妲己,元流之子(射手),镜,项羽"
项羽,大禹,16,阵营1 胜利,"司空震,西施,鲁班七号,裴擒虎,大禹","蚩奼,海诺,元流之子(射手),韩信,项羽"
项羽,大禹,17,阵营2 胜利,,未集齐10人
项羽,大禹,18,阵营2 胜利,,未集齐10人
项羽,大禹,19,阵营2 胜利,,未集齐10人
项羽,鬼谷子,1,阵营1 胜利,"影,沈梦溪,苍,梦奇,项羽","花木兰,海月,元流之子(射手),韩信,鬼谷子"
项羽,鬼谷子,2,阵营1 胜利,"曹操,女娲,戈娅,铠,鬼谷子","元歌,海月,公孙离,赵云,项羽"
项羽,鬼谷子,3,阵营1 胜利,"梦奇,诸葛亮,戈娅,元流之子(刺客),鬼谷子","狂铁,不知火舞,孙权,孙悟空,项羽"
项羽,鬼谷子,4,阵营1 胜利,"蒙恬,女娲,元流之子(射手),杨戬,鬼谷子","关羽,貂蝉,苍,露娜,项羽"
项羽,鬼谷子,5,阵营1 胜利,"亚瑟,沈梦溪,敖隐,铠,鬼谷子","哪吒,不知火舞,虞姬,韩信,项羽"
项羽,鬼谷子,6,阵营2 胜利,"曹操,上官婉儿,戈娅,娜可露露,项羽","哪吒,杨玉环,元流之子(射手),镜,鬼谷子"
项羽,鬼谷子,7,阵营1 胜利,"影,武则天,元流之子(射手),暃,项羽","达摩,周瑜,孙尚香,云缨,鬼谷子"
项羽,鬼谷子,8,阵营1 胜利,"白起,海诺,元流之子(射手),暃,鬼谷子","元歌,不知火舞,孙权,盘古,项羽"
项羽,鬼谷子,9,阵营1 胜利,"狂铁,女娲,敖隐,暃,项羽","蚩奼,嬴政,百里守约,裴擒虎,鬼谷子"
项羽,鬼谷子,10,阵营2 胜利,"哪吒,金蝉,元流之子(射手),赵云,项羽","司空震,不知火舞,戈娅,镜,鬼谷子"
项羽,鬼谷子,11,阵营1 胜利,"哪吒,海诺,公孙离,韩信,项羽","狂铁,小乔,戈娅,孙悟空,鬼谷子"
项羽,鬼谷子,12,阵营2 胜利,"老夫子,诸葛亮,李元芳,孙悟空,鬼谷子","影,海诺,后羿,铠,项羽"
项羽,鬼谷子,13,阵营2 胜利,"哪吒,女娲,元流之子(射手),曜,项羽","达摩,杨玉环,艾琳,裴擒虎,鬼谷子"
项羽,鬼谷子,14,阵营1 胜利,"关羽,女娲,公孙离,影,项羽","杨戬,嫦娥,蚩奼,娜可露露,鬼谷子"
项羽,鬼谷子,15,阵营2 胜利,"曹操,高渐离,敖隐,孙悟空,项羽","关羽,太乙真人,公孙离,梦奇,鬼谷子"
项羽,鬼谷子,16,阵营2 胜利,"曹操,杨玉环,虞姬,赵云,项羽","关羽,小乔,元流之子(射手),铠,鬼谷子"
项羽,鬼谷子,17,阵营2 胜利,"海诺,高渐离,戈娅,马超,鬼谷子","刘邦,甄姬,蚩奼,橘右京,项羽"
项羽,鬼谷子,18,阵营2 胜利,"蒙恬,小乔,后羿,诸葛亮,项羽","影,沈梦溪,元流之子(射手),裴擒虎,鬼谷子"
项羽,鬼谷子,19,阵营2 胜利,"白起,高渐离,公孙离,暃,鬼谷子","海诺,沈梦溪,后羿,宫本武藏,项羽"
项羽,大乔,1,阵营1 胜利,"哪吒,杨玉环,艾琳,橘右京,大乔","影,周瑜,虞姬,裴擒虎,项羽"
项羽,大乔,2,阵营2 胜利,"老夫子,杨玉环,公孙离,典韦,项羽","花木兰,墨子,鲁班七号,曜,大乔"
项羽,大乔,3,阵营1 胜利,"司空震,沈梦溪,艾琳,雅典娜,项羽","曹操,不知火舞,百里守约,大司命,大乔"
项羽,大乔,4,阵营2 胜利,"吕布,女娲,敖隐,梦奇,项羽","达摩,嫦娥,虞姬,雅典娜,大乔"
项羽,大乔,5,阵营1 胜利,"老夫子,安琪拉,司空震,诸葛亮,大乔","蚩奼,小乔,戈娅,赵云,项羽"
项羽,大乔,6,阵营1 胜利,"芈月,海月,艾琳,元流之子(刺客),大乔","元歌,不知火舞,元流之子(射手),镜,项羽"
项羽,大乔,7,阵营1 胜利,"芈月,妲己,蚩奼,镜,大乔","蒙恬,安琪拉,元流之子(射手),孙悟空,项羽"
项羽,大乔,8,阵营1 胜利,"曹操,嫦娥,虞姬,阿轲,项羽","狂铁,西施,戈娅,宫本武藏,大乔"
项羽,大乔,9,阵营2 胜利,"兰陵王,沈梦溪,敖隐,百里玄策,项羽","关羽,嫦娥,戈娅,韩信,大乔"
项羽,大乔,10,阵营1 胜利,"狂铁,沈梦溪,蚩奼,马超,项羽","影,海诺,公孙离,宫本武藏,大乔"
项羽,大乔,11,阵营2 胜利,"花木兰,貂蝉,狄仁杰,宫本武藏,大乔","元歌,嫦娥,蚩奼,露娜,项羽"
项羽,大乔,12,阵营2 胜利,"夏洛特,海诺,戈娅,铠,项羽","老夫子,女娲,公孙离,露娜,大乔"
项羽,大乔,13,阵营1 胜利,"影,王昭君,后羿,元流之子(坦克),大乔","关羽,西施,蚩奼,阿古朵,项羽"
项羽,大乔,14,阵营1 胜利,"蒙恬,貂蝉,元流之子(射手),云中君,项羽","芈月,女娲,蚩奼,司马懿,大乔"
项羽,大乔,15,阵营2 胜利,"吕布,嫦娥,敖隐,曹操,项羽","花木兰,武则天,孙尚香,百里玄策,大乔"
项羽,大乔,16,阵营2 胜利,"花木兰,周瑜,百里守约,诸葛亮,项羽","达摩,甄姬,蚩奼,李元芳,大乔"
项羽,大乔,17,阵营1 胜利,"蒙恬,女娲,戈娅,赵云,项羽","白起,沈梦溪,狄仁杰,阿古朵,大乔"
项羽,大乔,18,阵营2 胜利,"孙策,貂蝉,戈娅,暃,项羽","司空震,沈梦溪,元流之子(射手),李白,大乔"
项羽,大乔,19,阵营2 胜利,"老夫子,杨玉环,虞姬,杨戬,大乔","哪吒,嫦娥,元流之子(射手),镜,项羽"
项羽,苏烈,1,阵营1 胜利,"杨戬,女娲,戈娅,宫本武藏,苏烈","元歌,海月,狄仁杰,云缨,项羽"
项羽,苏烈,2,阵营1 胜利,"镜,嫦娥,扁鹊,大司命,项羽","花木兰,西施,伽罗,裴擒虎,苏烈"
项羽,苏烈,3,阵营2 胜利,"影,不知火舞,元流之子(射手),韩信,苏烈,元歌,大乔,铠,项羽",未集齐10人
项羽,苏烈,4,阵营1 胜利,"老夫子,沈梦溪,孙尚香,铠,苏烈","哪吒,不知火舞,元流之子(射手),马超,项羽"
项羽,苏烈,5,阵营2 胜利,"关羽,嫦娥,公孙离,雅典娜,项羽","兰陵王,小乔,戈娅,裴擒虎,苏烈"
项羽,苏烈,6,阵营1 胜利,"盘古,甄姬,公孙离,云缨,苏烈","狂铁,小乔,黄忠,阿古朵,项羽"
项羽,苏烈,7,阵营2 胜利,"影,高渐离,元流之子(射手),杨戬,苏烈","达摩,沈梦溪,后羿,宫本武藏,项羽"
项羽,苏烈,8,阵营2 胜利,"花木兰,沈梦溪,戈娅,马超,项羽","关羽,杨玉环,元流之子(射手),赵云,苏烈"
项羽,苏烈,9,阵营2 胜利,"夏洛特,沈梦溪,艾琳,李元芳,项羽","杨戬,不知火舞,元流之子(射手),阿古朵,苏烈"
项羽,苏烈,10,阵营1 胜利,"老夫子,沈梦溪,戈娅,裴擒虎,苏烈","司空震,海月,元流之子(射手),韩信,项羽"
项羽,苏烈,11,阵营2 胜利,"达摩,武则天,元流之子(射手),云缨,苏烈","元歌,姜子牙,马可波罗,裴擒虎,项羽"
项羽,苏烈,12,阵营1 胜利,"曹操,嫦娥,戈娅,杨戬,项羽","蚩奼,大乔,公孙离,暃,苏烈"
项羽,苏烈,13,阵营1 胜利,"关羽,诸葛亮,黄忠,影,苏烈","曹操,不知火舞,狄仁杰,赵云,项羽"
项羽,苏烈,14,阵营2 胜利,"狂铁,沈梦溪,艾琳,镜,项羽","关羽,西施,蚩奼,诸葛亮,苏烈"
项羽,苏烈,15,阵营2 胜利,"亚瑟,小乔,艾琳,暃,项羽","吕布,嫦娥,公孙离,橘右京,苏烈"
项羽,苏烈,16,阵营1 胜利,"花木兰,女娲,公孙离,曜,苏烈","关羽,诸葛亮,戈娅,镜,项羽"
项羽,苏烈,17,阵营2 胜利,"马超,海诺,公孙离,曹操,项羽","程咬金,武则天,李信,澜,苏烈"
项羽,苏烈,18,阵营2 胜利,"夏洛特,上官婉儿,元流之子(射手),裴擒虎,苏烈","哪吒,武则天,敖隐,韩信,项羽"
项羽,苏烈,19,阵营1 胜利,"狂铁,干将莫邪,马可波罗,镜,项羽","花木兰,女娲,百里守约,暃,苏烈"
项羽,明世隐,1,阵营1 胜利,"蒙恬,沈梦溪,公孙离,李白,项羽","老夫子,海月,苍,云缨,明世隐"
项羽,明世隐,2,阵营2 胜利,"老夫子,海月,后羿,韩信,项羽","芈月,沈梦溪,虞姬,镜,明世隐"
项羽,明世隐,3,阵营2 胜利,"影,杨玉环,元流之子(射手),韩信,明世隐","花木兰,沈梦溪,马可波罗,诸葛亮,项羽"
项羽,明世隐,4,阵营1 胜利,"狂铁,大乔,后羿,宫本武藏,项羽","元歌,女娲,李元芳,马超,明世隐"
项羽,明世隐,5,阵营2 胜利,"杨戬,沈梦溪,鲁班七号,曜,明世隐","老夫子,上官婉儿,元流之子(射手),裴擒虎,项羽"
项羽,瑶,1,阵营1 胜利,"曹操,不知火舞,公孙离,铠,瑶","司空震,沈梦溪,狄仁杰,韩信,项羽"
项羽,瑶,2,阵营1 胜利,"曹操,沈梦溪,百里守约,李白,项羽","狂铁,西施,元流之子(射手),橘右京,瑶"
项羽,瑶,3,阵营1 胜利,"元歌,不知火舞,戈娅,裴擒虎,瑶","夏洛特,嫦娥,蚩奼,阿轲,项羽"
项羽,瑶,4,阵营1 胜利,"夏洛特,诸葛亮,公孙离,宫本武藏,瑶","司空震,杨玉环,蚩奼,裴擒虎,项羽"
项羽,瑶,5,阵营1 胜利,"影,杨玉环,莱西奥,马超,瑶","老夫子,诸葛亮,蚩奼,露娜,项羽"
项羽,瑶,6,阵营2 胜利,"元歌,诸葛亮,公孙离,典韦,瑶","马超,不知火舞,元流之子(射手),云缨,项羽"
项羽,瑶,7,阵营2 胜利,"蚩奼,嫦娥,司空震,韩信,瑶","芈月,沈梦溪,元流之子(射手),澜,项羽"
项羽,瑶,8,阵营2 胜利,"白起,女娲,戈娅,裴擒虎,瑶","马超,沈梦溪,孙权,暃,项羽"
项羽,瑶,9,阵营1 胜利,"狂铁,貂蝉,元流之子(射手),铠,瑶","白起,嫦娥,公孙离,暃,项羽"
项羽,瑶,10,阵营2 胜利,"哪吒,女娲,孙尚香,镜,项羽","夏洛特,海诺,孙权,曜,瑶"
项羽,瑶,11,阵营2 胜利,"蒙恬,元流之子(法师),苍,裴擒虎,项羽","蚩奼,女娲,公孙离,镜,瑶"
项羽,瑶,12,阵营2 胜利,"老夫子,上官婉儿,伽罗,韩信,项羽","兰陵王,沈梦溪,元流之子(射手),梦奇,瑶"
项羽,瑶,13,阵营2 胜利,"兰陵王,女娲,孙权,娜可露露,瑶","姬小满,沈梦溪,蚩奼,阿轲,项羽"
项羽,瑶,14,阵营2 胜利,"哪吒,小乔,李信,马超,瑶","老夫子,武则天,艾琳,元流之子(刺客),项羽"
项羽,瑶,15,阵营1 胜利,"兰陵王,甄姬,元流之子(射手),暃,项羽","老夫子,不知火舞,蚩奼,赵云,瑶"
项羽,瑶,16,阵营1 胜利,"哪吒,甄姬,李信,铠,项羽","关羽,杨玉环,孙权,宫本武藏,瑶"
项羽,瑶,17,阵营1 胜利,"夏洛特,海诺,艾琳,李白,项羽","哪吒,小乔,孙权,韩信,瑶"
项羽,瑶,18,阵营1 胜利,"老夫子,海诺,蚩奼,露娜,项羽","刘邦,大乔,元流之子(射手),哪吒,瑶"
项羽,瑶,19,阵营2 胜利,"孙策,武则天,艾琳,韩信,项羽","花木兰,不知火舞,马可波罗,裴擒虎,瑶"
项羽,盾山,1,阵营2 胜利,"杨戬,海月,元流之子(射手),娜可露露,盾山","姬小满,貂蝉,李信,橘右京,项羽"
项羽,盾山,2,阵营2 胜利,"曹操,海月,敖隐,镜,盾山","蒙恬,沈梦溪,元流之子(射手),裴擒虎,项羽"
项羽,盾山,3,阵营2 胜利,"元歌,嫦娥,孙尚香,镜,盾山","亚瑟,沈梦溪,元流之子(射手),诸葛亮,项羽"
项羽,盾山,4,阵营2 胜利,"哪吒,嫦娥,元流之子(射手),澜,项羽","司空震,大乔,李信,孙悟空,盾山"
项羽,盾山,5,阵营2 胜利,"亚瑟,干将莫邪,艾琳,铠,盾山","司空震,女娲,戈娅,云缨,项羽"
项羽,盾山,6,阵营2 胜利,"孙悟空,沈梦溪,蚩奼,韩信,项羽","夏洛特,嫦娥,元流之子(射手),娜可露露,盾山"
项羽,盾山,7,阵营1 胜利,"马超,小乔,敖隐,曜,盾山","兰陵王,女娲,元流之子(射手),司马懿,项羽"
项羽,盾山,8,阵营2 胜利,"亚瑟,甄姬,元流之子(射手),阿古朵,项羽","哪吒,海诺,鲁班七号,露娜,盾山"
项羽,盾山,9,阵营2 胜利,"曹操,元流之子(法师),狄仁杰,杨戬,盾山","影,大乔,孙权,马超,项羽"
项羽,盾山,10,阵营1 胜利,"元歌,嫦娥,敖隐,李元芳,项羽","夏洛特,张良,虞姬,刘备,盾山"
项羽,盾山,11,阵营2 胜利,"元歌,大乔,虞姬,曜,盾山","司空震,甄姬,公孙离,大司命,项羽"
项羽,盾山,12,阵营2 胜利,"关羽,小乔,戈娅,百里玄策,项羽","老夫子,西施,狄仁杰,镜,盾山"
项羽,盾山,13,阵营1 胜利,"狂铁,嫦娥,公孙离,曜,项羽","影,小乔,元流之子(射手),韩信,盾山"
项羽,盾山,14,阵营1 胜利,"蒙恬,女娲,虞姬,赵云,盾山","关羽,沈梦溪,元流之子(射手),曜,项羽"
项羽,盾山,15,阵营2 胜利,"哪吒,貂蝉,百里守约,暃,项羽","花木兰,沈梦溪,艾琳,铠,盾山"
项羽,盾山,16,阵营2 胜利,"蚩奼,海诺,元流之子(射手),云缨,盾山","花木兰,甄姬,孙权,百里玄策,项羽"
项羽,盾山,17,阵营1 胜利,"蚩奼,女娲,元流之子(射手),芈月,项羽","关羽,甄姬,后羿,橘右京,盾山"
项羽,盾山,18,阵营2 胜利,"关羽,杨玉环,孙权,诸葛亮,项羽","蚩奼,貂蝉,艾琳,铠,盾山"
项羽,盾山,19,阵营1 胜利,"关羽,海诺,蚩奼,裴擒虎,盾山","花木兰,武则天,阿古朵,澜,项羽"
项羽,西施,1,阵营1 胜利,"蒙恬,海月,蚩奼,裴擒虎,西施","哪吒,嫦娥,李信,曜,项羽"
项羽,西施,2,阵营2 胜利,"关羽,高渐离,元流之子(射手),露娜,项羽","橘右京,杨玉环,狄仁杰,马超,西施"
项羽,西施,3,阵营1 胜利,"哪吒,沈梦溪,虞姬,宫本武藏,西施","司空震,不知火舞,艾琳,大司命,项羽"
项羽,西施,4,阵营2 胜利,"曹操,诸葛亮,狄仁杰,李元芳,项羽","哪吒,杨玉环,鲁班七号,赵云,西施"
项羽,西施,5,阵营2 胜利,"影,海诺,孙权,娜可露露,项羽","蒙恬,海月,苍,哪吒,西施"
项羽,西施,6,阵营2 胜利,"司空震,大乔,元流之子(射手),铠,项羽","狂铁,小乔,蚩奼,诸葛亮,西施"
项羽,西施,7,阵营2 胜利,"狂铁,大乔,元流之子(射手),刘备,项羽","老夫子,小乔,艾琳,哪吒,西施"
项羽,西施,8,阵营2 胜利,"大司命,嫦娥,元流之子(射手),百里玄策,西施","芈月,小乔,戈娅,镜,项羽"
项羽,鲁班大师,1,阵营2 胜利,"孙策,海月,公孙离,裴擒虎,项羽","狂铁,嫦娥,后羿,韩信,鲁班大师"
项羽,鲁班大师,2,阵营2 胜利,"蒙恬,干将莫邪,李信,赵云,鲁班大师","孙策,西施,蚩奼,裴擒虎,项羽"
项羽,鲁班大师,3,阵营1 胜利,"芈月,不知火舞,公孙离,百里玄策,项羽","司空震,西施,戈娅,阿古朵,鲁班大师"
项羽,鲁班大师,4,阵营1 胜利,"元歌,海诺,狄仁杰,曜,鲁班大师","司空震,嫦娥,戈娅,孙悟空,项羽"
项羽,鲁班大师,5,阵营1 胜利,"司空震,大乔,鲁班七号,暃,鲁班大师","夏洛特,嫦娥,元流之子(射手),裴擒虎,项羽"
项羽,鲁班大师,6,阵营2 胜利,"哪吒,王昭君,狄仁杰,马超,鲁班大师","老夫子,上官婉儿,元流之子(射手),露娜,项羽"
项羽,鲁班大师,7,阵营1 胜利,"花木兰,沈梦溪,公孙离,韩信,鲁班大师","哪吒,女娲,元流之子(射手),暃,项羽"
项羽,鲁班大师,8,阵营2 胜利,"蚩奼,小乔,元流之子(射手),宫本武藏,项羽","影,武则天,虞姬,裴擒虎,鲁班大师"
项羽,鲁班大师,9,阵营2 胜利,"马超,西施,敖隐,橘右京,鲁班大师","司空震,上官婉儿,元流之子(射手),大司命,项羽"
项羽,鲁班大师,10,阵营2 胜利,"蒙恬,干将莫邪,敖隐,元流之子(刺客),项羽","老夫子,沈梦溪,百里守约,百里玄策,鲁班大师"
项羽,鲁班大师,11,阵营1 胜利,"吕布,墨子,元流之子(射手),暃,鲁班大师","哪吒,女娲,公孙离,刘备,项羽"
项羽,鲁班大师,12,阵营2 胜利,"曹操,不知火舞,戈娅,镜,鲁班大师","夏洛特,沈梦溪,李信,马超,项羽"
项羽,鲁班大师,13,阵营2 胜利,"孙策,甄姬,孙尚香,盘古,鲁班大师","猪八戒,女娲,虞姬,百里玄策,项羽"
项羽,鲁班大师,14,阵营1 胜利,"花木兰,沈梦溪,鲁班七号,阿轲,鲁班大师","蚩奼,女娲,狄仁杰,云缨,项羽"
项羽,鲁班大师,15,阵营2 胜利,"曹操,嫦娥,百里守约,娜可露露,项羽","姬小满,大乔,元流之子(射手),铠,鲁班大师"
项羽,鲁班大师,16,阵营2 胜利,"蒙恬,海月,虞姬,橘右京,鲁班大师","司空震,貂蝉,元流之子(射手),裴擒虎,项羽"
项羽,鲁班大师,17,阵营1 胜利,"程咬金,嫦娥,公孙离,百里玄策,鲁班大师","花木兰,武则天,狄仁杰,盘古,项羽"
项羽,鲁班大师,18,阵营1 胜利,"影,武则天,孙权,云缨,鲁班大师","关羽,西施,百里守约,马超,项羽"
项羽,鲁班大师,19,阵营1 胜利,"老夫子,扁鹊,公孙离,孙悟空,项羽","司空震,沈梦溪,孙尚香,镜,鲁班大师"
项羽,桑启,1,阵营2 胜利,"蒙恬,小乔,敖隐,云中君,项羽","白起,元流之子(法师),后羿,韩信,桑启"
项羽,桑启,2,阵营2 胜利,"白起,小乔,戈娅,兰陵王,桑启","姬小满,沈梦溪,公孙离,阿古朵,项羽"
项羽,桑启,3,阵营2 胜利,"司空震,不知火舞,戈娅,娜可露露,桑启","哪吒,女娲,百里守约,镜,项羽"
项羽,桑启,4,阵营2 胜利,"司空震,不知火舞,虞姬,宫本武藏,项羽","蚩奼,诸葛亮,公孙离,云缨,桑启"
项羽,桑启,5,阵营2 胜利,"马超,小乔,百里守约,韩信,项羽","杨戬,安琪拉,公孙离,镜,桑启"
项羽,桑启,6,阵营2 胜利,"元歌,沈梦溪,元流之子(射手),兰陵王,项羽","狂铁,不知火舞,李信,镜,桑启"
项羽,桑启,7,阵营1 胜利,"蚩奼,沈梦溪,孙尚香,李元芳,项羽","夏洛特,上官婉儿,公孙离,橘右京,桑启"
项羽,桑启,8,阵营2 胜利,"司空震,甄姬,孙权,马超,桑启","孙策,杨玉环,戈娅,百里玄策,项羽"
项羽,桑启,9,阵营1 胜利,"花木兰,张良,敖隐,澜,桑启","姬小满,貂蝉,虞姬,阿古朵,项羽"
项羽,桑启,10,阵营1 胜利,,未集齐10人
项羽,桑启,11,阵营1 胜利,,未集齐10人
项羽,桑启,12,阵营1 胜利,"老夫子,甄姬,虞姬,杨戬,桑启","亚连,武则天,公孙离,李白,项羽"
项羽,桑启,13,阵营1 胜利,"蒙恬,海月,孙权,嫦娥,桑启","元歌,大乔,狄仁杰,宫本武藏,项羽"
项羽,桑启,14,阵营1 胜利,"关羽,杨玉环,李信,铠,项羽","司空震,甄姬,莱西奥,典韦,桑启"
项羽,桑启,15,阵营2 胜利,"白起,武则天,元流之子(射手),马超,桑启","元歌,海诺,戈娅,橘右京,项羽"
项羽,桑启,16,阵营1 胜利,"影,干将莫邪,李信,橘右京,桑启","关羽,金蝉,马可波罗,诸葛亮,项羽"
项羽,桑启,17,阵营2 胜利,"赵怀真,貂蝉,元流之子(射手),阿古朵,项羽","蚩奼,沈梦溪,李信,裴擒虎,桑启"
项羽,桑启,18,阵营2 胜利,"司空震,诸葛亮,孙权,韩信,项羽","狂铁,大乔,蚩奼,镜,桑启"
项羽,桑启,19,阵营1 胜利,"兰陵王,沈梦溪,蚩奼,赵云,项羽","蒙恬,干将莫邪,元流之子(射手),百里玄策,桑启"
项羽,赵怀真,1,阵营1 胜利,"花木兰,姜子牙,李信,暃,赵怀真","司空震,沈梦溪,公孙离,阿古朵,项羽"
项羽,赵怀真,2,阵营1 胜利,"元歌,杨玉环,虞姬,梦奇,赵怀真","蚩奼,西施,公孙离,镜,项羽"
项羽,赵怀真,3,阵营2 胜利,"曹操,沈梦溪,戈娅,百里玄策,项羽","司空震,小乔,虞姬,裴擒虎,赵怀真"
项羽,赵怀真,4,阵营2 胜利,"哪吒,弈星,戈娅,影,赵怀真","老夫子,甄姬,艾琳,赵云,项羽"
项羽,赵怀真,5,阵营1 胜利,"蚩奼,不知火舞,公孙离,诸葛亮,赵怀真","司空震,大乔,元流之子(射手),孙悟空,项羽"
项羽,赵怀真,6,阵营1 胜利,"马超,金蝉,虞姬,刘备,赵怀真","孙策,王昭君,蚩奼,镜,项羽"
项羽,赵怀真,7,阵营2 胜利,"亚连,杨玉环,元流之子(射手),韩信,项羽","关羽,甄姬,百里守约,百里玄策,赵怀真"
项羽,赵怀真,8,阵营2 胜利,"元流之子(坦克),沈梦溪,虞姬,雅典娜,项羽","司空震,甄姬,戈娅,赵云,赵怀真"
项羽,赵怀真,9,阵营2 胜利,"哪吒,西施,阿古朵,百里玄策,项羽","孙策,海诺,元流之子(射手),裴擒虎,赵怀真"
项羽,赵怀真,10,阵营2 胜利,"猪八戒,诸葛亮,孙尚香,铠,赵怀真","老夫子,大乔,元流之子(射手),曜,项羽"
项羽,赵怀真,11,阵营2 胜利,"狂铁,甄姬,戈娅,云缨,赵怀真","程咬金,嫦娥,虞姬,赵云,项羽"
项羽,赵怀真,12,阵营1 胜利,"狂铁,貂蝉,戈娅,云中君,赵怀真","曹操,小乔,公孙离,大司命,项羽"
项羽,赵怀真,13,阵营2 胜利,"曹操,海月,李信,裴擒虎,赵怀真","芈月,诸葛亮,马可波罗,韩信,项羽"
项羽,赵怀真,14,阵营1 胜利,"芈月,王昭君,公孙离,小乔,项羽","杨戬,女娲,百里守约,橘右京,赵怀真"
项羽,赵怀真,15,阵营1 胜利,"曹操,小乔,敖隐,赵云,赵怀真","元歌,甄姬,后羿,露娜,项羽"
项羽,赵怀真,16,阵营1 胜利,"孙策,高渐离,狄仁杰,裴擒虎,赵怀真","司空震,上官婉儿,李信,阿古朵,项羽"
项羽,赵怀真,17,阵营1 胜利,"影,女娲,孙权,曜,项羽","狂铁,大乔,元流之子(射手),露娜,赵怀真"
项羽,赵怀真,18,阵营1 胜利,"司空震,海诺,孙权,裴擒虎,赵怀真","老夫子,杨玉环,戈娅,阿古朵,项羽"
项羽,赵怀真,19,阵营2 胜利,"司空震,嫦娥,孙权,暃,赵怀真","花木兰,女娲,戈娅,司马懿,项羽"
项羽,空空儿,1,阵营1 胜利,"元歌,海月,艾琳,铠,项羽","狂铁,女娲,阿古朵,韩信,空空儿"
项羽,空空儿,2,阵营1 胜利,"影,武则天,敖隐,铠,项羽","猪八戒,女娲,虞姬,司马懿,空空儿"
项羽,空空儿,3,阵营1 胜利,"花木兰,海月,敖隐,赵云,空空儿","司空震,西施,公孙离,阿古朵,项羽"
项羽,空空儿,4,阵营2 胜利,"白起,沈梦溪,虞姬,裴擒虎,项羽","老夫子,女娲,蚩奼,镜,空空儿"
项羽,空空儿,5,阵营1 胜利,"哪吒,沈梦溪,公孙离,铠,空空儿","芈月,海诺,虞姬,阿古朵,项羽"
项羽,空空儿,6,阵营2 胜利,"老夫子,甄姬,敖隐,李白,空空儿","狂铁,弈星,戈娅,铠,项羽"
项羽,空空儿,7,阵营2 胜利,"影,武则天,李信,韩信,空空儿","狂铁,女娲,孙权,镜,项羽"
项羽,空空儿,8,阵营1 胜利,"蚩奼,沈梦溪,戈娅,橘右京,项羽","狂铁,大乔,孙权,李元芳,空空儿"
项羽,空空儿,9,阵营2 胜利,"哪吒,嫦娥,孙权,百里玄策,空空儿","影,貂蝉,元流之子(射手),镜,项羽"
项羽,空空儿,10,阵营2 胜利,"关羽,大乔,百里守约,韩信,项羽","曹操,不知火舞,孙权,哪吒,空空儿"
项羽,空空儿,11,阵营2 胜利,"元歌,姜子牙,虞姬,孙悟空,项羽","达摩,不知火舞,李信,橘右京,空空儿"
项羽,空空儿,12,阵营1 胜利,"蚩奼,嫦娥,李信,裴擒虎,项羽","司空震,不知火舞,孙权,铠,空空儿"
项羽,空空儿,13,阵营1 胜利,"达摩,沈梦溪,戈娅,马超,空空儿","关羽,嫦娥,公孙离,裴擒虎,项羽"
项羽,空空儿,14,阵营1 胜利,"芈月,高渐离,孙尚香,韩信,项羽","马超,沈梦溪,蚩奼,铠,空空儿"
项羽,空空儿,15,阵营2 胜利,"蚩奼,嫦娥,公孙离,大司命,项羽","老夫子,女娲,戈娅,宫本武藏,空空儿"
项羽,空空儿,16,阵营2 胜利,"花木兰,沈梦溪,公孙离,阿古朵,项羽","蒙恬,嫦娥,李信,韩信,空空儿"
项羽,空空儿,17,阵营1 胜利,"元歌,海月,元流之子(射手),典韦,空空儿","哪吒,武则天,蚩奼,赵云,项羽"
项羽,空空儿,18,阵营2 胜利,"曹操,不知火舞,戈娅,曜,空空儿","哪吒,沈梦溪,蚩奼,娜可露露,项羽"
项羽,空空儿,19,阵营2 胜利,"程咬金,干将莫邪,蚩奼,娜可露露,项羽","刘邦,小乔,苍,李元芳,空空儿"
项羽,少司缘,1,阵营1 胜利,"司空震,上官婉儿,艾琳,云缨,少司缘","蚩奼,貂蝉,后羿,镜,项羽"
项羽,少司缘,2,阵营1 胜利,"猪八戒,大乔,虞姬,马超,项羽","蚩奼,嫦娥,艾琳,孙悟空,少司缘"
项羽,少司缘,3,阵营2 胜利,"刘邦,甄姬,苍,大司命,项羽","狂铁,杨玉环,元流之子(射手),百里玄策,少司缘"
项羽,少司缘,4,阵营2 胜利,"白起,高渐离,元流之子(射手),镜,项羽","关羽,貂蝉,公孙离,杨戬,少司缘"
项羽,少司缘,5,阵营1 胜利,"蒙恬,弈星,元流之子(射手),赵云,少司缘","花木兰,元流之子(法师),孙权,云缨,项羽"
项羽,少司缘,6,阵营2 胜利,"关羽,沈梦溪,黄忠,娜可露露,少司缘","亚瑟,米莱狄,元流之子(射手),赵云,项羽"
项羽,少司缘,7,阵营1 胜利,"影,西施,敖隐,韩信,少司缘","孙策,武则天,后羿,裴擒虎,项羽"
项羽,少司缘,8,阵营2 胜利,"关羽,妲己,虞姬,曹操,项羽","亚瑟,不知火舞,公孙离,司马懿,少司缘"
项羽,少司缘,9,阵营1 胜利,"亚瑟,不知火舞,后羿,马超,项羽","夏洛特,沈梦溪,戈娅,宫本武藏,少司缘"
项羽,少司缘,10,阵营2 胜利,"哪吒,女娲,后羿,李白,少司缘","狂铁,武则天,苍,韩信,项羽"
项羽,少司缘,11,阵营2 胜利,"元歌,西施,元流之子(射手),李白,项羽","曹操,甄姬,虞姬,铠,少司缘"
项羽,少司缘,12,阵营2 胜利,"老夫子,小乔,元流之子(射手),裴擒虎,项羽","狂铁,女娲,蚩奼,刘备,少司缘"
项羽,少司缘,13,阵营2 胜利,"廉颇,诸葛亮,元流之子(射手),杨戬,少司缘","达摩,嫦娥,狄仁杰,百里玄策,项羽"
项羽,少司缘,14,阵营1 胜利,"关羽,女娲,戈娅,马超,项羽","达摩,沈梦溪,艾琳,典韦,少司缘"
项羽,少司缘,15,阵营1 胜利,"白起,干将莫邪,敖隐,孙悟空,项羽","蒙恬,大乔,苍,哪吒,少司缘"
项羽,少司缘,16,阵营1 胜利,"司空震,海诺,艾琳,李白,少司缘","哪吒,干将莫邪,李信,裴擒虎,项羽"
项羽,少司缘,17,阵营2 胜利,"影,女娲,蚩奼,赵云,少司缘","曹操,张良,李元芳,孙悟空,项羽"
项羽,少司缘,18,阵营1 胜利,"曹操,不知火舞,蚩奼,橘右京,项羽","钟无艳,沈梦溪,戈娅,云中君,少司缘"
项羽,少司缘,19,阵营2 胜利,"关羽,干将莫邪,李信,典韦,少司缘","狂铁,杨玉环,元流之子(射手),裴擒虎,项羽"
项羽,元流之子(坦克),1,阵营2 胜利,"影,武则天,后羿,裴擒虎,项羽","司空震,嫦娥,公孙离,暃,元流之子(坦克)"
项羽,元流之子(坦克),2,阵营1 胜利,"花木兰,大乔,元流之子(射手),孙悟空,项羽","哪吒,王昭君,戈娅,韩信,元流之子(坦克)"
项羽,元流之子(坦克),3,阵营1 胜利,"元歌,女娲,孙尚香,曜,项羽","白起,不知火舞,蚩奼,百里玄策,元流之子(坦克)"
项羽,元流之子(坦克),4,阵营2 胜利,"哪吒,安琪拉,敖隐,刘备,元流之子(坦克)","夏洛特,甄姬,公孙离,诸葛亮,项羽"
项羽,元流之子(坦克),5,阵营2 胜利,"老夫子,大乔,蚩奼,孙悟空,元流之子(坦克)","杨戬,女娲,百里守约,盘古,项羽"
项羽,元流之子(坦克),6,阵营2 胜利,"关羽,嫦娥,戈娅,赵云,元流之子(坦克)","蒙恬,安琪拉,孙权,镜,项羽"
项羽,元流之子(坦克),7,阵营1 胜利,"曹操,诸葛亮,戈娅,娜可露露,项羽","夏洛特,杨玉环,虞姬,云缨,元流之子(坦克)"
项羽,元流之子(坦克),8,阵营2 胜利,"蒙恬,小乔,戈娅,澜,元流之子(坦克)","蚩奼,嬴政,元流之子(射手),橘右京,项羽"
项羽,元流之子(坦克),9,阵营2 胜利,"孙策,诸葛亮,百里守约,裴擒虎,元流之子(坦克)","老夫子,貂蝉,公孙离,李白,项羽"
项羽,元流之子(坦克),10,阵营1 胜利,"狂铁,西施,虞姬,镜,元流之子(坦克)","影,海月,元流之子(射手),暃,项羽"
项羽,元流之子(坦克),11,阵营2 胜利,"哪吒,嫦娥,蚩奼,娜可露露,元流之子(坦克)","关羽,海月,元流之子(射手),暃,项羽"
项羽,元流之子(坦克),12,阵营2 胜利,"蒙恬,高渐离,黄忠,赵云,元流之子(坦克)","狂铁,杨玉环,蚩奼,元流之子(刺客),项羽"
项羽,元流之子(坦克),13,阵营2 胜利,"曹操,沈梦溪,艾琳,猪八戒,元流之子(坦克)","元歌,女娲,李信,暃,项羽"
项羽,元流之子(坦克),14,阵营1 胜利,"哪吒,沈梦溪,苍,司马懿,元流之子(坦克)","关羽,干将莫邪,元流之子(射手),韩信,项羽"
项羽,元流之子(坦克),15,阵营1 胜利,"芈月,姜子牙,元流之子(射手),韩信,项羽","狂铁,女娲,百里守约,诸葛亮,元流之子(坦克)"
项羽,元流之子(坦克),16,阵营2 胜利,"关羽,小乔,蚩奼,露娜,项羽","蒙恬,诸葛亮,戈娅,镜,元流之子(坦克)"
项羽,元流之子(坦克),17,阵营2 胜利,"关羽,弈星,元流之子(射手),暃,项羽","元歌,杨玉环,虞姬,露娜,元流之子(坦克)"
项羽,元流之子(坦克),18,阵营2 胜利,"蚩奼,诸葛亮,苍,马超,项羽","夏洛特,不知火舞,戈娅,暃,元流之子(坦克)"
项羽,元流之子(坦克),19,阵营1 胜利,"孙策,沈梦溪,公孙离,元流之子(刺客),项羽","杨戬,大乔,白起,赵云,元流之子(坦克)"
项羽,元流之子(辅助),1,阵营2 胜利,"曹操,嫦娥,元流之子(射手),马超,项羽","达摩,女娲,艾琳,暃,元流之子(辅助)"
项羽,元流之子(辅助),2,阵营2 胜利,"哪吒,小乔,苍,李元芳,元流之子(辅助)","芈月,女娲,后羿,赵云,项羽"
项羽,元流之子(辅助),3,阵营1 胜利,"关羽,杨玉环,元流之子(射手),镜,项羽","狂铁,小乔,李信,暃,元流之子(辅助)"
项羽,元流之子(辅助),4,阵营1 胜利,"司空震,小乔,艾琳,镜,元流之子(辅助)","花木兰,甄姬,蚩奼,马超,项羽"
项羽,元流之子(辅助),5,阵营2 胜利,"哪吒,女娲,鲁班七号,镜,项羽","梦奇,大乔,艾琳,马超,元流之子(辅助)"
项羽,元流之子(辅助),6,阵营2 胜利,"蒙恬,嫦娥,公孙离,镜,元流之子(辅助)","哪吒,上官婉儿,戈娅,宫本武藏,项羽"
项羽,元流之子(辅助),7,阵营2 胜利,"曹操,女娲,蚩奼,马超,项羽","狂铁,西施,狄仁杰,阿古朵,元流之子(辅助)"
项羽,元流之子(辅助),8,阵营1 胜利,"元歌,武则天,蚩奼,澜,元流之子(辅助)","达摩,弈星,蒙犽,铠,项羽"
项羽,元流之子(辅助),9,阵营2 胜利,"元歌,干将莫邪,公孙离,娜可露露,项羽","程咬金,海月,狄仁杰,诸葛亮,元流之子(辅助)"
项羽,元流之子(辅助),10,阵营2 胜利,"影,沈梦溪,元流之子(射手),镜,项羽","狂铁,嫦娥,虞姬,铠,元流之子(辅助)"
项羽,元流之子(辅助),11,阵营2 胜利,"达摩,海诺,狄仁杰,马超,元流之子(辅助)","曹操,诸葛亮,孙权,李元芳,项羽"
项羽,元流之子(辅助),12,阵营2 胜利,"兰陵王,甄姬,苍,铠,项羽","马超,不知火舞,艾琳,裴擒虎,元流之子(辅助)"
项羽,元流之子(辅助),13,阵营2 胜利,"元歌,小乔,蚩奼,韩信,元流之子(辅助)","老夫子,海月,元流之子(射手),赵云,项羽"
项羽,元流之子(辅助),14,阵营2 胜利,"姬小满,西施,孙权,杨戬,元流之子(辅助)","亚连,海月,苍,赵云,项羽"
项羽,元流之子(辅助),15,阵营2 胜利,"蒙恬,武则天,后羿,橘右京,元流之子(辅助)","狂铁,嫦娥,百里守约,裴擒虎,项羽"
项羽,元流之子(辅助),16,阵营2 胜利,"花木兰,安琪拉,元流之子(射手),诸葛亮,项羽","夏洛特,沈梦溪,蚩奼,暃,元流之子(辅助)"
项羽,元流之子(辅助),17,阵营1 胜利,"影,女娲,狄仁杰,阿古朵,元流之子(辅助)","老夫子,甄姬,戈娅,裴擒虎,项羽"
项羽,元流之子(辅助),18,阵营1 胜利,"司空震,甄姬,孙权,云缨,项羽","狂铁,米莱狄,百里守约,雅典娜,元流之子(辅助)"
项羽,元流之子(辅助),19,阵营1 胜利,"哪吒,不知火舞,虞姬,百里玄策,元流之子(辅助)","曹操,杨玉环,公孙离,李白,项羽"
刘邦,张良,1,阵营1 胜利,"哪吒,高渐离,百里守约,裴擒虎,刘邦","关羽,不知火舞,元流之子(射手),镜,张良"
刘邦,张良,2,阵营1 胜利,"曹操,嫦娥,蚩奼,百里玄策,刘邦","蒙恬,女娲,戈娅,裴擒虎,张良"
刘邦,张良,3,阵营2 胜利,"狂铁,周瑜,公孙离,露娜,刘邦","花木兰,小乔,元流之子(射手),赵云,张良"
刘邦,张良,4,阵营1 胜利,"影,嫦娥,元流之子(射手),典韦,张良","曹操,沈梦溪,戈娅,芈月,刘邦"
刘邦,张良,5,阵营2 胜利,"元歌,干将莫邪,公孙离,云缨,张良","哪吒,武则天,蚩奼,司马懿,刘邦"
刘邦,张良,6,阵营1 胜利,"海诺,貂蝉,元流之子(射手),刘备,刘邦","关羽,沈梦溪,蚩奼,镜,张良"
刘邦,张良,7,阵营2 胜利,"影,女娲,苍,铠,刘邦","姬小满,不知火舞,公孙离,橘右京,张良"
刘邦,张良,8,阵营2 胜利,"花木兰,海诺,孙权,镜,刘邦","司空震,女娲,戈娅,阿古朵,张良"
刘邦,张良,9,阵营2 胜利,"关羽,嫦娥,元流之子(射手),暃,刘邦","元歌,女娲,百里守约,云中君,张良"
刘邦,张良,10,阵营1 胜利,"蒙恬,嫦娥,公孙离,暃,刘邦","影,上官婉儿,孙尚香,裴擒虎,张良"
刘邦,张良,11,阵营1 胜利,"亚瑟,沈梦溪,元流之子(射手),裴擒虎,张良","马超,海月,虞姬,赵云,刘邦"
刘邦,张良,12,阵营1 胜利,"马超,海月,虞姬,韩信,刘邦","姬小满,嫦娥,蚩奼,元流之子(刺客),张良"
刘邦,张良,13,阵营2 胜利,"哪吒,沈梦溪,苍,露娜,刘邦","蚩奼,武则天,元流之子(射手),铠,张良"
刘邦,张良,14,阵营2 胜利,"影,大乔,苍,马超,刘邦","哪吒,沈梦溪,孙权,露娜,张良"
刘邦,张良,15,阵营1 胜利,"芈月,诸葛亮,公孙离,韩信,刘邦","元歌,小乔,后羿,裴擒虎,张良"
刘邦,张良,16,阵营1 胜利,"项羽,大乔,孙尚香,阿古朵,张良","孙策,武则天,元流之子(射手),韩信,刘邦"
刘邦,张良,17,阵营1 胜利,"孙策,西施,艾琳,云缨,张良","关羽,干将莫邪,狄仁杰,镜,刘邦"
刘邦,张良,18,阵营1 胜利,"蒙恬,高渐离,虞姬,马超,刘邦","关羽,甄姬,李信,宫本武藏,张良"
刘邦,张良,19,阵营1 胜利,"元歌,诸葛亮,元流之子(射手),云中君,张良","杨戬,沈梦溪,孙尚香,云缨,刘邦"
刘邦,朵莉亚,1,阵营1 胜利,"曹操,诸葛亮,公孙离,刘备,刘邦","司空震,女娲,孙权,嫦娥,朵莉亚"
刘邦,朵莉亚,2,阵营1 胜利,"哪吒,沈梦溪,公孙离,孙悟空,刘邦","关羽,貂蝉,元流之子(射手),赵云,朵莉亚"
刘邦,朵莉亚,3,阵营1 胜利,"蒙恬,沈梦溪,李信,孙悟空,朵莉亚","马超,上官婉儿,后羿,铠,刘邦"
刘邦,朵莉亚,4,阵营1 胜利,"曹操,女娲,虞姬,杨戬,朵莉亚","司空震,甄姬,公孙离,露娜,刘邦"
刘邦,朵莉亚,5,阵营1 胜利,"哪吒,诸葛亮,敖隐,阿古朵,刘邦","嫦娥,甄姬,元流之子(射手),铠,朵莉亚"
刘邦,朵莉亚,6,阵营1 胜利,"关羽,海诺,孙权,露娜,朵莉亚","马超,沈梦溪,百里守约,云中君,刘邦"
刘邦,朵莉亚,7,阵营1 胜利,"狂铁,诸葛亮,狄仁杰,杨戬,刘邦","亚瑟,上官婉儿,元流之子(射手),橘右京,朵莉亚"
刘邦,朵莉亚,8,阵营1 胜利,"狂铁,甄姬,元流之子(射手),韩信,刘邦","元歌,女娲,虞姬,宫本武藏,朵莉亚"
刘邦,朵莉亚,9,阵营1 胜利,"哪吒,海月,马可波罗,李白,朵莉亚","芈月,诸葛亮,蚩奼,阿轲,刘邦"
刘邦,朵莉亚,10,阵营1 胜利,"花木兰,安琪拉,百里守约,澜,刘邦","兰陵王,海月,艾琳,阿古朵,朵莉亚"
刘邦,朵莉亚,11,阵营1 胜利,"曹操,小乔,艾琳,阿古朵,刘邦","狂铁,嫦娥,元流之子(射手),镜,朵莉亚"
刘邦,朵莉亚,12,阵营2 胜利,"关羽,上官婉儿,百里守约,韩信,刘邦","白起,沈梦溪,蚩奼,暃,朵莉亚"
刘邦,朵莉亚,13,阵营1 胜利,"夏洛特,嫦娥,公孙离,韩信,刘邦","白起,沈梦溪,敖隐,赵云,朵莉亚"
刘邦,朵莉亚,14,阵营2 胜利,"吕布,嫦娥,元流之子(射手),诸葛亮,朵莉亚","老夫子,大乔,马可波罗,铠,刘邦"
刘邦,朵莉亚,15,阵营1 胜利,"老夫子,西施,元流之子(射手),云缨,朵莉亚","梦奇,嫦娥,戈娅,曜,刘邦"
刘邦,朵莉亚,16,阵营1 胜利,"白起,海月,李信,裴擒虎,朵莉亚","哪吒,不知火舞,蚩奼,宫本武藏,刘邦"
刘邦,朵莉亚,17,阵营1 胜利,"哪吒,海月,元流之子(射手),裴擒虎,朵莉亚","元歌,不知火舞,孙尚香,赵云,刘邦"
刘邦,朵莉亚,18,阵营1 胜利,"老夫子,小乔,元流之子(射手),裴擒虎,刘邦","曹操,沈梦溪,艾琳,杨戬,朵莉亚"
刘邦,朵莉亚,19,阵营1 胜利,"哪吒,诸葛亮,蚩奼,橘右京,朵莉亚","夏洛特,杨玉环,艾琳,阿古朵,刘邦"
刘邦,牛魔,1,阵营1 胜利,"影,海月,孙权,露娜,刘邦","亚瑟,沈梦溪,蚩奼,裴擒虎,牛魔"
刘邦,牛魔,2,阵营1 胜利,"狂铁,上官婉儿,公孙离,阿古朵,刘邦","司空震,西施,孙权,孙悟空,牛魔"
刘邦,牛魔,3,阵营1 胜利,"元歌,沈梦溪,孙尚香,韩信,牛魔","孙策,貂蝉,元流之子(射手),裴擒虎,刘邦"
刘邦,牛魔,4,阵营1 胜利,"司空震,小乔,敖隐,典韦,刘邦","白起,沈梦溪,虞姬,镜,牛魔"
刘邦,牛魔,5,阵营1 胜利,"司空震,沈梦溪,伽罗,赵云,刘邦","孙策,女娲,孙权,裴擒虎,牛魔"
刘邦,牛魔,6,阵营2 胜利,"元歌,武则天,元流之子(射手),阿古朵,牛魔","狂铁,甄姬,李信,大司命,刘邦"
刘邦,牛魔,7,阵营2 胜利,"关羽,诸葛亮,苍,李白,刘邦","老夫子,海诺,元流之子(射手),娜可露露,牛魔"
刘邦,牛魔,8,阵营2 胜利,"司空震,甄姬,虞姬,赵云,刘邦","影,不知火舞,艾琳,刘备,牛魔"
刘邦,牛魔,9,阵营1 胜利,"狂铁,海月,莱西奥,暃,刘邦","老夫子,西施,元流之子(射手),镜,牛魔"
刘邦,牛魔,10,阵营2 胜利,"元歌,杨玉环,扁鹊,镜,牛魔","哪吒,女娲,公孙离,阿轲,刘邦"
刘邦,牛魔,11,阵营2 胜利,"达摩,姜子牙,戈娅,镜,刘邦","蒙恬,上官婉儿,元流之子(射手),裴擒虎,牛魔"
刘邦,牛魔,12,阵营2 胜利,"元歌,貂蝉,虞姬,哪吒,刘邦","狂铁,不知火舞,戈娅,赵云,牛魔"
刘邦,牛魔,13,阵营1 胜利,"程咬金,周瑜,孙尚香,宫本武藏,刘邦","芈月,诸葛亮,苍,马超,牛魔"
刘邦,牛魔,14,阵营1 胜利,"老夫子,不知火舞,蒙犽,诸葛亮,刘邦","狂铁,沈梦溪,蚩奼,大司命,牛魔"
刘邦,牛魔,15,阵营1 胜利,"曹操,甄姬,元流之子(射手),司马懿,刘邦","老夫子,大乔,虞姬,娜可露露,牛魔"
刘邦,牛魔,16,阵营1 胜利,"杨戬,沈梦溪,公孙离,刘备,刘邦","姬小满,周瑜,李信,大司命,牛魔"
刘邦,牛魔,17,阵营1 胜利,"吕布,金蝉,扁鹊,元流之子(刺客),牛魔","哪吒,海诺,虞姬,孙悟空,刘邦"
刘邦,牛魔,18,阵营1 胜利,"司空震,沈梦溪,孙权,铠,牛魔","钟无艳,女娲,戈娅,杨戬,刘邦"
刘邦,牛魔,19,阵营1 胜利,"司空震,高渐离,公孙离,韩信,刘邦","花木兰,武则天,元流之子(射手),橘右京,牛魔"
刘邦,张飞,1,阵营1 胜利,"夏洛特,女娲,戈娅,元流之子(坦克),刘邦","关羽,姜子牙,后羿,盘古,张飞"
刘邦,张飞,2,阵营1 胜利,"马超,女娲,伽罗,镜,张飞","影,杨玉环,戈娅,盘古,刘邦"
刘邦,张飞,3,阵营2 胜利,"蚩奼,沈梦溪,公孙离,哪吒,刘邦","元歌,武则天,元流之子(射手),韩信,张飞"
刘邦,张飞,4,阵营1 胜利,"曹操,小乔,李信,诸葛亮,刘邦","关羽,女娲,公孙离,赵云,张飞"
刘邦,张飞,5,阵营1 胜利,"影,杨玉环,百里守约,赵云,刘邦","花木兰,西施,戈娅,大司命,张飞"
刘邦,张飞,6,阵营1 胜利,"司空震,不知火舞,敖隐,阿轲,张飞","曹操,沈梦溪,元流之子(射手),暃,刘邦"
刘邦,张飞,7,阵营2 胜利,"杨戬,海月,戈娅,裴擒虎,刘邦","蒙恬,诸葛亮,元流之子(射手),大司命,张飞"
刘邦,张飞,8,阵营2 胜利,"曹操,海月,敖隐,赵云,张飞","哪吒,女娲,戈娅,盘古,刘邦"
刘邦,张飞,9,阵营2 胜利,"花木兰,妲己,戈娅,暃,张飞","司空震,女娲,元流之子(射手),李白,刘邦"
刘邦,张飞,10,阵营2 胜利,"马超,小乔,戈娅,韩信,刘邦","达摩,不知火舞,元流之子(射手),镜,张飞"
刘邦,张飞,11,阵营1 胜利,"花木兰,沈梦溪,鲁班七号,雅典娜,张飞","关羽,不知火舞,元流之子(射手),暃,刘邦"
刘邦,张飞,12,阵营2 胜利,"蚩奼,妲己,元流之子(射手),镜,张飞","夏洛特,嫦娥,李信,露娜,刘邦"
刘邦,张飞,13,阵营1 胜利,"元歌,女娲,戈娅,橘右京,刘邦","曹操,大乔,蚩奼,暃,张飞"
刘邦,张飞,14,阵营1 胜利,"老夫子,女娲,元流之子(射手),马超,张飞","孙策,不知火舞,虞姬,司马懿,刘邦"
刘邦,张飞,15,阵营2 胜利,"猪八戒,小乔,蚩奼,阿古朵,张飞","花木兰,嫦娥,艾琳,裴擒虎,刘邦"
刘邦,张飞,16,阵营1 胜利,"影,海月,孙权,暃,刘邦","曹操,元流之子(法师),鲁班七号,哪吒,张飞"
刘邦,张飞,17,阵营1 胜利,"影,武则天,戈娅,马超,刘邦","达摩,女娲,虞姬,裴擒虎,张飞"
刘邦,张飞,18,阵营2 胜利,"亚连,高渐离,元流之子(射手),赵云,刘邦","司空震,大乔,戈娅,韩信,张飞"
刘邦,张飞,19,阵营1 胜利,"盘古,嫦娥,蚩奼,赵云,张飞","老夫子,海诺,司空震,杨戬,刘邦"
刘邦,钟馗,1,阵营2 胜利,"曹操,海月,敖隐,曜,钟馗","梦奇,弈星,虞姬,赵云,刘邦"
刘邦,钟馗,2,阵营1 胜利,"司空震,杨玉环,公孙离,司马懿,刘邦","马超,不知火舞,元流之子(射手),百里玄策,钟馗"
刘邦,钟馗,3,阵营2 胜利,"影,嫦娥,敖隐,暃,钟馗","马超,不知火舞,公孙离,孙悟空,刘邦"
刘邦,钟馗,4,阵营2 胜利,"关羽,安琪拉,元流之子(射手),铠,钟馗","元歌,嫦娥,虞姬,裴擒虎,刘邦"
刘邦,钟馗,5,阵营1 胜利,"老夫子,不知火舞,后羿,盘古,刘邦","芈月,海诺,孙尚香,铠,钟馗"
刘邦,钟馗,6,阵营1 胜利,"老夫子,沈梦溪,敖隐,百里玄策,刘邦","达摩,甄姬,伽罗,镜,钟馗"
刘邦,钟馗,7,阵营1 胜利,"影,嫦娥,鲁班七号,橘右京,钟馗","关羽,嬴政,戈娅,马超,刘邦"
刘邦,钟馗,8,阵营1 胜利,"曹操,沈梦溪,元流之子(射手),盘古,刘邦","花木兰,小乔,百里守约,橘右京,钟馗"
刘邦,钟馗,9,阵营1 胜利,"哪吒,沈梦溪,苍,娜可露露,刘邦","大司命,高渐离,元流之子(射手),橘右京,钟馗"
刘邦,钟馗,10,阵营1 胜利,"元歌,诸葛亮,狄仁杰,云缨,钟馗","影,海诺,苍,镜,刘邦"
刘邦,钟馗,11,阵营2 胜利,"杨玉环,关羽,敖隐,橘右京,钟馗","蚩奼,甄姬,元流之子(射手),李元芳,刘邦"
刘邦,钟馗,12,阵营2 胜利,"哪吒,高渐离,蒙犽,孙悟空,刘邦","花木兰,女娲,狄仁杰,杨戬,钟馗"
刘邦,钟馗,13,阵营1 胜利,"曹操,小乔,艾琳,暃,刘邦","猪八戒,不知火舞,虞姬,裴擒虎,钟馗"
刘邦,钟馗,14,阵营2 胜利,"狂铁,甄姬,孙权,铠,刘邦","蚩奼,姜子牙,后羿,大司命,钟馗"
刘邦,钟馗,15,阵营1 胜利,"哪吒,大乔,孙尚香,诸葛亮,钟馗","元歌,不知火舞,公孙离,铠,刘邦"
刘邦,钟馗,16,阵营2 胜利,"马超,诸葛亮,元流之子(射手),赵云,刘邦","梦奇,小乔,戈娅,铠,钟馗"
刘邦,钟馗,17,阵营1 胜利,"姬小满,不知火舞,李信,孙悟空,钟馗","曹操,嫦娥,苍,百里玄策,刘邦"
刘邦,钟馗,18,阵营2 胜利,"司空震,女娲,蚩奼,赵云,刘邦","元歌,西施,马可波罗,盘古,钟馗"
刘邦,钟馗,19,阵营2 胜利,"曹操,海月,戈娅,孙悟空,钟馗","蒙恬,大乔,司空震,百里玄策,刘邦"
刘邦,杨玉环,1,阵营1 胜利,"孙策,甄姬,孙权,阿古朵,刘邦","兰陵王,貂蝉,元流之子(射手),孙悟空,杨玉环"
刘邦,杨玉环,2,阵营2 胜利,"曹操,女娲,苍,澜,杨玉环","司空震,小乔,戈娅,哪吒,刘邦"
刘邦,杨玉环,3,阵营1 胜利,"马超,大乔,元流之子(射手),杨戬,刘邦","哪吒,小乔,戈娅,大司命,杨玉环"
刘邦,杨玉环,4,阵营2 胜利,"老夫子,高渐离,元流之子(射手),盘古,刘邦","关羽,女娲,艾琳,马超,杨玉环"
刘邦,杨玉环,5,阵营2 胜利,"芈月,沈梦溪,公孙离,赵云,刘邦","蒙恬,海诺,蚩奼,娜可露露,杨玉环"
刘邦,杨玉环,6,阵营2 胜利,"影,沈梦溪,公孙离,铠,刘邦","廉颇,高渐离,李信,马超,杨玉环"
刘邦,杨玉环,7,阵营2 胜利,"老夫子,嫦娥,虞姬,李白,刘邦","司空震,不知火舞,元流之子(射手),镜,杨玉环"
刘邦,杨玉环,8,阵营1 胜利,"司空震,海月,李信,裴擒虎,杨玉环","蚩奼,沈梦溪,戈娅,露娜,刘邦"
刘邦,杨玉环,9,阵营1 胜利,"影,甄姬,苍,哪吒,杨玉环","老夫子,高渐离,后羿,阿轲,刘邦"
刘邦,杨玉环,10,阵营2 胜利,"哪吒,沈梦溪,李信,镜,刘邦","姬小满,女娲,戈娅,马超,杨玉环"
刘邦,杨玉环,11,阵营1 胜利,"元歌,嫦娥,孙权,铠,刘邦","诸葛亮,戈娅,司空震,镜,杨玉环"
刘邦,杨玉环,12,阵营2 胜利,"哪吒,嫦娥,苍,赵云,杨玉环","杨戬,女娲,元流之子(射手),云缨,刘邦"
刘邦,杨玉环,13,阵营1 胜利,"影,嬴政,虞姬,铠,杨玉环","哪吒,嫦娥,戈娅,大司命,刘邦"
刘邦,杨玉环,14,阵营1 胜利,"司空震,沈梦溪,公孙离,橘右京,刘邦","兰陵王,小乔,戈娅,孙悟空,杨玉环"
刘邦,杨玉环,15,阵营2 胜利,,未集齐10人
刘邦,杨玉环,16,阵营2 胜利,"花木兰,小乔,元流之子(射手),暃,杨玉环","蚩奼,嫦娥,后羿,云缨,刘邦"
刘邦,杨玉环,17,阵营2 胜利,"芈月,姜子牙,蚩奼,大司命,刘邦","哪吒,嫦娥,戈娅,宫本武藏,杨玉环"
刘邦,杨玉环,18,阵营2 胜利,"老夫子,海月,孙权,元流之子(刺客),杨玉环","蚩奼,周瑜,公孙离,裴擒虎,刘邦"
刘邦,杨玉环,19,阵营1 胜利,"狂铁,米莱狄,后羿,云缨,杨玉环","老夫子,嫦娥,狄仁杰,诸葛亮,刘邦"
刘邦,蔡文姬,1,阵营1 胜利,"司空震,海诺,戈娅,雅典娜,刘邦","老夫子,沈梦溪,公孙离,梦奇,蔡文姬"
刘邦,蔡文姬,2,阵营2 胜利,"曹操,女娲,孙权,宫本武藏,蔡文姬","关羽,弈星,苍,云缨,刘邦"
刘邦,蔡文姬,3,阵营1 胜利,"元歌,小乔,戈娅,铠,蔡文姬","老夫子,诸葛亮,元流之子(射手),裴擒虎,刘邦"
刘邦,蔡文姬,4,阵营1 胜利,"哪吒,貂蝉,元流之子(射手),孙悟空,蔡文姬","狂铁,不知火舞,虞姬,橘右京,刘邦"
刘邦,蔡文姬,5,阵营1 胜利,"老夫子,杨玉环,李信,孙悟空,刘邦","芈月,高渐离,敖隐,元流之子(坦克),蔡文姬"
刘邦,蔡文姬,6,阵营2 胜利,"元歌,小乔,公孙离,哪吒,刘邦","影,上官婉儿,元流之子(射手),赵云,蔡文姬"
刘邦,蔡文姬,7,阵营2 胜利,"影,不知火舞,虞姬,镜,刘邦","蚩奼,沈梦溪,戈娅,裴擒虎,蔡文姬"
刘邦,蔡文姬,8,阵营1 胜利,"元歌,不知火舞,公孙离,李白,刘邦","关羽,西施,元流之子(射手),雅典娜,蔡文姬"
刘邦,蔡文姬,9,阵营1 胜利,"嫦娥,武则天,李信,孙悟空,蔡文姬","曹操,甄姬,元流之子(射手),赵云,刘邦"
刘邦,蔡文姬,10,阵营1 胜利,"夏洛特,妲己,元流之子(射手),赵云,刘邦","马超,大乔,百里守约,杨戬,蔡文姬"
刘邦,蔡文姬,11,阵营1 胜利,"哪吒,大乔,百里守约,韩信,刘邦","司空震,不知火舞,李信,孙悟空,蔡文姬"
刘邦,蔡文姬,12,阵营1 胜利,"狂铁,沈梦溪,元流之子(射手),露娜,蔡文姬","关羽,女娲,马可波罗,裴擒虎,刘邦"
刘邦,蔡文姬,13,阵营1 胜利,"狂铁,沈梦溪,戈娅,韩信,蔡文姬","关羽,诸葛亮,李信,橘右京,刘邦"
刘邦,蔡文姬,14,阵营2 胜利,"哪吒,貂蝉,公孙离,裴擒虎,刘邦","花木兰,小乔,艾琳,赵云,蔡文姬"
刘邦,蔡文姬,15,阵营1 胜利,"狂铁,西施,百里守约,露娜,刘邦","吕布,甄姬,李信,阿古朵,蔡文姬"
刘邦,蔡文姬,16,阵营2 胜利,"哪吒,沈梦溪,莱西奥,云缨,刘邦","马超,不知火舞,公孙离,李白,蔡文姬"
刘邦,蔡文姬,17,阵营2 胜利,"曹操,弈星,公孙离,杨戬,刘邦","蒙恬,貂蝉,苍,韩信,蔡文姬"
刘邦,蔡文姬,18,阵营2 胜利,"哪吒,女娲,戈娅,赵云,蔡文姬","老夫子,海诺,公孙离,镜,刘邦"
刘邦,蔡文姬,19,阵营2 胜利,"元歌,女娲,后羿,马超,蔡文姬","司空震,嫦娥,公孙离,百里玄策,刘邦"
刘邦,太乙真人,1,阵营1 胜利,"狂铁,周瑜,戈娅,司马懿,刘邦","元歌,沈梦溪,元流之子(射手),典韦,太乙真人"
刘邦,太乙真人,2,阵营2 胜利,"老夫子,小乔,后羿,典韦,刘邦","司空震,沈梦溪,鲁班七号,大司命,太乙真人"
刘邦,太乙真人,3,阵营2 胜利,"元歌,沈梦溪,后羿,云中君,太乙真人","曹操,女娲,元流之子(射手),暃,刘邦"
刘邦,太乙真人,4,阵营2 胜利,"司空震,嫦娥,公孙离,暃,太乙真人","亚瑟,不知火舞,狄仁杰,赵云,刘邦"
刘邦,太乙真人,5,阵营1 胜利,"芈月,妲己,戈娅,裴擒虎,刘邦","狂铁,诸葛亮,李元芳,橘右京,太乙真人"
刘邦,太乙真人,6,阵营1 胜利,"元歌,不知火舞,蒙犽,马超,刘邦","橘右京,小乔,戈娅,镜,太乙真人"
刘邦,太乙真人,7,阵营1 胜利,"哪吒,大乔,马可波罗,刘备,刘邦","元歌,嫦娥,蚩奼,阿古朵,太乙真人"
刘邦,太乙真人,8,阵营1 胜利,"哪吒,嫦娥,虞姬,孙悟空,刘邦","影,干将莫邪,元流之子(射手),韩信,太乙真人"
刘邦,太乙真人,9,阵营2 胜利,"老夫子,杨玉环,公孙离,司马懿,太乙真人","哪吒,大乔,苍,镜,刘邦"
刘邦,太乙真人,10,阵营2 胜利,"曹操,海月,元流之子(射手),裴擒虎,太乙真人","蚩奼,元流之子(法师),戈娅,司马懿,刘邦"
刘邦,太乙真人,11,阵营1 胜利,"吕布,大乔,戈娅,橘右京,太乙真人","狂铁,不知火舞,孙权,李白,刘邦"
刘邦,太乙真人,12,阵营2 胜利,"哪吒,嫦娥,艾琳,镜,刘邦","老夫子,大乔,李信,阿古朵,太乙真人"
刘邦,太乙真人,13,阵营1 胜利,"蒙恬,王昭君,元流之子(射手),云中君,太乙真人","哪吒,诸葛亮,蚩奼,裴擒虎,刘邦"
刘邦,太乙真人,14,阵营2 胜利,"关羽,海诺,鲁班七号,阿古朵,刘邦","司空震,米莱狄,元流之子(射手),娜可露露,太乙真人"
刘邦,太乙真人,15,阵营1 胜利,"姬小满,弈星,戈娅,暃,太乙真人","曜,女娲,公孙离,橘右京,刘邦"
刘邦,太乙真人,16,阵营1 胜利,"老夫子,诸葛亮,司空震,宫本武藏,太乙真人","元流之子(坦克),沈梦溪,戈娅,韩信,刘邦"
刘邦,太乙真人,17,阵营2 胜利,"蒙恬,大乔,元流之子(射手),典韦,太乙真人","曹操,不知火舞,艾琳,刘备,刘邦"
刘邦,太乙真人,18,阵营2 胜利,"狂铁,高渐离,元流之子(射手),阿古朵,太乙真人","蚩奼,小乔,李信,铠,刘邦"
刘邦,太乙真人,19,阵营1 胜利,"芈月,海诺,元流之子(射手),娜可露露,刘邦","老夫子,大乔,伽罗,澜,太乙真人"
刘邦,东皇太一,1,阵营2 胜利,"关羽,大乔,公孙离,露娜,东皇太一","花木兰,嫦娥,李元芳,哪吒,刘邦"
刘邦,东皇太一,2,阵营1 胜利,"杨戬,嫦娥,狄仁杰,李元芳,东皇太一","哪吒,海月,李信,刘备,刘邦"
刘邦,东皇太一,3,阵营1 胜利,"马超,元流之子(法师),虞姬,云中君,东皇太一","元歌,西施,孙权,雅典娜,刘邦"
刘邦,东皇太一,4,阵营1 胜利,"狂铁,大乔,公孙离,蚩奼,刘邦","蒙恬,海诺,元流之子(射手),孙悟空,东皇太一"
刘邦,东皇太一,5,阵营1 胜利,"哪吒,貂蝉,元流之子(射手),孙悟空,刘邦","芈月,诸葛亮,敖隐,赵云,东皇太一"
刘邦,东皇太一,6,阵营1 胜利,"影,沈梦溪,戈娅,嫦娥,刘邦","老夫子,西施,元流之子(射手),大司命,东皇太一"
刘邦,东皇太一,7,阵营1 胜利,"狂铁,元流之子(法师),百里守约,兰陵王,东皇太一","老夫子,高渐离,蚩奼,诸葛亮,刘邦"
刘邦,东皇太一,8,阵营2 胜利,"哪吒,沈梦溪,狄仁杰,云缨,刘邦","老夫子,海月,元流之子(射手),铠,东皇太一"
刘邦,东皇太一,9,阵营1 胜利,"哪吒,上官婉儿,元流之子(射手),娜可露露,刘邦","狂铁,嫦娥,蚩奼,镜,东皇太一"
刘邦,东皇太一,10,阵营2 胜利,"孙策,沈梦溪,虞姬,镜,刘邦","亚连,武则天,戈娅,阿古朵,东皇太一"
刘邦,东皇太一,11,阵营2 胜利,"哪吒,武则天,元流之子(射手),镜,东皇太一","达摩,貂蝉,艾琳,刘备,刘邦"
刘邦,东皇太一,12,阵营2 胜利,"影,西施,蚩奼,哪吒,刘邦","元歌,嫦娥,孙权,赵云,东皇太一"
刘邦,东皇太一,13,阵营2 胜利,"马超,海诺,元流之子(射手),露娜,刘邦","狂铁,弈星,蚩奼,娜可露露,东皇太一"
刘邦,东皇太一,14,阵营1 胜利,"司空震,海诺,公孙离,露娜,刘邦","马超,嫦娥,孙权,云缨,东皇太一"
刘邦,东皇太一,15,阵营2 胜利,"花木兰,女娲,后羿,娜可露露,东皇太一","司空震,嫦娥,苍,梦奇,刘邦"
刘邦,东皇太一,16,阵营2 胜利,"蒙恬,沈梦溪,元流之子(射手),暃,东皇太一","哪吒,女娲,公孙离,宫本武藏,刘邦"
刘邦,东皇太一,17,阵营2 胜利,"蚩奼,姜子牙,孙权,裴擒虎,刘邦","曜,诸葛亮,戈娅,赵云,东皇太一"
刘邦,东皇太一,18,阵营2 胜利,"老夫子,嫦娥,蚩奼,雅典娜,刘邦","狂铁,小乔,李信,裴擒虎,东皇太一"
刘邦,东皇太一,19,阵营2 胜利,"关羽,高渐离,虞姬,孙悟空,东皇太一","司空震,不知火舞,元流之子(射手),镜,刘邦"
刘邦,大禹,1,阵营2 胜利,"花木兰,嫦娥,戈娅,铠,大禹","哪吒,诸葛亮,虞姬,裴擒虎,刘邦"
刘邦,大禹,2,阵营2 胜利,"哪吒,妲己,戈娅,百里玄策,大禹","钟无艳,诸葛亮,孙权,镜,刘邦"
刘邦,大禹,3,阵营1 胜利,"狂铁,西施,戈娅,暃,刘邦","影,干将莫邪,艾琳,裴擒虎,大禹"
刘邦,大禹,4,阵营1 胜利,"狂铁,嫦娥,元流之子(射手),雅典娜,大禹","海诺,沈梦溪,虞姬,百里玄策,刘邦"
刘邦,大禹,5,阵营2 胜利,"元歌,诸葛亮,蚩奼,铠,刘邦","孙策,嫦娥,元流之子(射手),赵云,大禹"
刘邦,大禹,6,阵营1 胜利,"蚩奼,杨玉环,敖隐,云中君,大禹","曹操,诸葛亮,司空震,阿轲,刘邦"
刘邦,大禹,7,阵营1 胜利,"兰陵王,沈梦溪,后羿,镜,刘邦","曹操,诸葛亮,苍,裴擒虎,大禹"
刘邦,大禹,8,阵营1 胜利,"影,海诺,鲁班七号,宫本武藏,刘邦","元歌,高渐离,虞姬,百里玄策,大禹"
刘邦,大禹,9,阵营1 胜利,"哪吒,高渐离,蚩奼,阿古朵,刘邦","夏洛特,嫦娥,伽罗,韩信,大禹"
刘邦,大禹,10,阵营2 胜利,"老夫子,太乙真人,孙权,暃,刘邦","大司命,诸葛亮,蚩奼,元流之子(刺客),大禹"
刘邦,大禹,11,阵营1 胜利,"项羽,海诺,元流之子(射手),阿古朵,大禹","曹操,上官婉儿,虞姬,赵云,刘邦"
刘邦,大禹,12,阵营2 胜利,"哪吒,弈星,元流之子(射手),曜,大禹","司空震,女娲,李信,澜,刘邦"
刘邦,大禹,13,阵营1 胜利,"影,沈梦溪,公孙离,暃,大禹","芈月,甄姬,元流之子(射手),橘右京,刘邦"
刘邦,大禹,14,阵营2 胜利,"关羽,海诺,虞姬,裴擒虎,刘邦","夏洛特,嫦娥,元流之子(射手),马超,大禹"
刘邦,大禹,15,阵营1 胜利,"元歌,大乔,敖隐,曹操,刘邦","夏洛特,貂蝉,司空震,赵云,大禹"
刘邦,大禹,16,阵营1 胜利,"马超,沈梦溪,戈娅,哪吒,刘邦","亚连,小乔,海诺,铠,大禹"
刘邦,大禹,17,阵营2 胜利,"赵怀真,女娲,蚩奼,裴擒虎,刘邦","老夫子,诸葛亮,公孙离,孙悟空,大禹"
刘邦,大禹,18,阵营1 胜利,"哪吒,杨玉环,元流之子(射手),李白,刘邦","老夫子,甄姬,公孙离,刘备,大禹"
刘邦,大禹,19,阵营2 胜利,"夏侯惇,女娲,敖隐,宫本武藏,刘邦","影,上官婉儿,戈娅,马超,大禹"
刘邦,鬼谷子,1,阵营1 胜利,"老夫子,西施,狄仁杰,赵云,刘邦","曹操,大乔,孙权,宫本武藏,鬼谷子"
刘邦,鬼谷子,2,阵营1 胜利,"老夫子,王昭君,蚩奼,典韦,刘邦","司空震,小乔,元流之子(射手),李白,鬼谷子"
刘邦,鬼谷子,3,阵营2 胜利,"白起,大乔,百里守约,韩信,刘邦","关羽,嫦娥,公孙离,铠,鬼谷子"
刘邦,鬼谷子,4,阵营2 胜利,"杨戬,貂蝉,狄仁杰,裴擒虎,鬼谷子","曹操,大乔,蚩奼,典韦,刘邦"
刘邦,鬼谷子,5,阵营2 胜利,"亚连,元流之子(法师),戈娅,梦奇,鬼谷子","钟无艳,不知火舞,哪吒,橘右京,刘邦"
刘邦,鬼谷子,6,阵营1 胜利,"哪吒,武则天,蚩奼,孙悟空,刘邦","元歌,诸葛亮,狄仁杰,雅典娜,鬼谷子"
刘邦,鬼谷子,7,阵营1 胜利,"曹操,貂蝉,蚩奼,暃,刘邦","姬小满,王昭君,戈娅,孙悟空,鬼谷子"
刘邦,鬼谷子,8,阵营1 胜利,"哪吒,沈梦溪,虞姬,马超,鬼谷子","曹操,杨玉环,芈月,孙悟空,刘邦"
刘邦,鬼谷子,9,阵营2 胜利,"芈月,不知火舞,戈娅,典韦,刘邦","老夫子,沈梦溪,蚩奼,百里玄策,鬼谷子"
刘邦,鬼谷子,10,阵营2 胜利,"司空震,小乔,孙权,杨戬,鬼谷子","老夫子,大乔,虞姬,韩信,刘邦"
刘邦,鬼谷子,11,阵营2 胜利,"狂铁,女娲,元流之子(射手),李元芳,刘邦","老夫子,不知火舞,李信,典韦,鬼谷子"
刘邦,鬼谷子,12,阵营2 胜利,"关羽,西施,孙尚香,镜,刘邦","老夫子,沈梦溪,虞姬,裴擒虎,鬼谷子"
刘邦,鬼谷子,13,阵营1 胜利,"影,小乔,戈娅,百里玄策,刘邦","老夫子,嫦娥,蚩奼,澜,鬼谷子"
刘邦,鬼谷子,14,阵营2 胜利,"亚瑟,沈梦溪,元流之子(射手),镜,鬼谷子","杨戬,女娲,戈娅,阿轲,刘邦"
刘邦,鬼谷子,15,阵营2 胜利,"芈月,沈梦溪,李元芳,杨戬,刘邦","蒙恬,海月,元流之子(射手),百里玄策,鬼谷子"
刘邦,鬼谷子,16,阵营1 胜利,"关羽,金蝉,艾琳,橘右京,刘邦","花木兰,女娲,蚩奼,韩信,鬼谷子"
刘邦,鬼谷子,17,阵营1 胜利,"哪吒,沈梦溪,公孙离,大司命,鬼谷子","程咬金,海月,蚩奼,暃,刘邦"
刘邦,鬼谷子,18,阵营1 胜利,"关羽,西施,元流之子(射手),云缨,鬼谷子","花木兰,小乔,戈娅,澜,刘邦"
刘邦,鬼谷子,19,阵营2 胜利,"狂铁,女娲,敖隐,裴擒虎,鬼谷子","芈月,沈梦溪,苍,诸葛亮,刘邦"
刘邦,大乔,1,阵营1 胜利,"亚瑟,嫦娥,敖隐,阿轲,大乔","芈月,弈星,戈娅,哪吒,刘邦"
刘邦,大乔,2,阵营1 胜利,"元歌,诸葛亮,元流之子(射手),百里玄策,大乔","姬小满,元流之子(法师),公孙离,韩信,刘邦"
刘邦,大乔,3,阵营2 胜利,"曹操,西施,元流之子(射手),孙悟空,大乔","夏洛特,不知火舞,蚩奼,宫本武藏,刘邦"
刘邦,大乔,4,阵营2 胜利,"关羽,甄姬,元流之子(射手),阿古朵,刘邦","曹操,不知火舞,百里守约,镜,大乔"
刘邦,大乔,5,阵营2 胜利,"狂铁,女娲,孙尚香,裴擒虎,刘邦","司空震,武则天,艾琳,孙悟空,大乔"
刘邦,大乔,6,阵营1 胜利,"白起,杨玉环,元流之子(射手),暃,刘邦","司空震,小乔,老夫子,百里玄策,大乔"
刘邦,大乔,7,阵营2 胜利,"亚连,诸葛亮,后羿,司马懿,大乔","影,小乔,李信,镜,刘邦"
刘邦,大乔,8,阵营2 胜利,"梦奇,海月,蚩奼,孙悟空,刘邦","司空震,弈星,戈娅,李白,大乔"
刘邦,大乔,9,阵营1 胜利,"关羽,武则天,蚩奼,云缨,大乔","芈月,沈梦溪,阿古朵,百里玄策,刘邦"
刘邦,大乔,10,阵营1 胜利,"花木兰,女娲,孙权,马超,刘邦","老夫子,太乙真人,司空震,镜,大乔"
刘邦,大乔,11,阵营2 胜利,"哪吒,沈梦溪,元流之子(射手),诸葛亮,大乔","夏洛特,不知火舞,莱西奥,韩信,刘邦"
刘邦,大乔,12,阵营2 胜利,"兰陵王,小乔,孙权,裴擒虎,刘邦","蚩奼,诸葛亮,元流之子(射手),雅典娜,大乔"
刘邦,大乔,13,阵营2 胜利,"司空震,女娲,艾琳,元流之子(坦克),刘邦","蒙恬,海诺,元流之子(射手),赵云,大乔"
刘邦,大乔,14,阵营1 胜利,"狂铁,海月,蚩奼,裴擒虎,大乔","哪吒,武则天,元流之子(射手),露娜,刘邦"
刘邦,大乔,15,阵营1 胜利,"司空震,沈梦溪,后羿,司马懿,大乔","亚瑟,不知火舞,伽罗,典韦,刘邦"
刘邦,大乔,16,阵营2 胜利,"元歌,海月,马可波罗,云缨,大乔","项羽,嫦娥,艾琳,百里玄策,刘邦"
刘邦,大乔,17,阵营2 胜利,"狂铁,周瑜,孙尚香,宫本武藏,大乔","元歌,海诺,百里守约,孙悟空,刘邦"
刘邦,大乔,18,阵营2 胜利,"哪吒,沈梦溪,阿古朵,孙悟空,大乔","影,海诺,蚩奼,云缨,刘邦"
刘邦,大乔,19,阵营2 胜利,"司空震,杨玉环,元流之子(射手),韩信,刘邦","老夫子,小乔,戈娅,马超,大乔"
刘邦,苏烈,1,阵营1 胜利,"赵怀真,元流之子(法师),戈娅,赵云,刘邦","亚瑟,嫦娥,虞姬,李白,苏烈"
刘邦,苏烈,2,阵营1 胜利,,未集齐10人
刘邦,苏烈,3,阵营2 胜利,"杨戬,上官婉儿,蚩奼,典韦,刘邦","曹操,小乔,元流之子(射手),暃,苏烈"
刘邦,苏烈,4,阵营2 胜利,"狂铁,墨子,苍,宫本武藏,刘邦","司空震,大乔,戈娅,暃,苏烈"
刘邦,苏烈,5,阵营2 胜利,"赵怀真,嫦娥,狄仁杰,云缨,苏烈","关羽,诸葛亮,虞姬,宫本武藏,刘邦"
刘邦,苏烈,6,阵营1 胜利,"女娲,哪吒,元流之子(射手),曜,刘邦","司空震,甄姬,戈娅,赵云,苏烈"
刘邦,苏烈,7,阵营2 胜利,"影,海诺,敖隐,铠,苏烈","曹操,沈梦溪,虞姬,曜,刘邦"
刘邦,苏烈,8,阵营1 胜利,"兰陵王,姜子牙,孙尚香,暃,刘邦","狂铁,诸葛亮,蚩奼,孙悟空,苏烈"
刘邦,苏烈,9,阵营1 胜利,"花木兰,干将莫邪,百里守约,裴擒虎,苏烈","老夫子,海月,虞姬,曜,刘邦"
刘邦,苏烈,10,阵营1 胜利,"曹操,小乔,苍,橘右京,刘邦","达摩,杨玉环,公孙离,露娜,苏烈"
刘邦,苏烈,11,阵营1 胜利,"哪吒,上官婉儿,李信,雅典娜,刘邦","芈月,甄姬,苍,裴擒虎,苏烈"
刘邦,苏烈,12,阵营2 胜利,"关羽,女娲,戈娅,赵云,刘邦","马超,武则天,艾琳,孙悟空,苏烈"
刘邦,苏烈,13,阵营1 胜利,"曹操,嫦娥,蚩奼,孙悟空,刘邦","元歌,武则天,孙权,梦奇,苏烈"
刘邦,苏烈,14,阵营2 胜利,"元歌,高渐离,虞姬,百里玄策,苏烈","哪吒,米莱狄,元流之子(射手),镜,刘邦"
刘邦,苏烈,15,阵营2 胜利,"司空震,貂蝉,李信,元流之子(坦克),苏烈","夏侯惇,西施,元流之子(射手),韩信,刘邦"
刘邦,苏烈,16,阵营1 胜利,"司空震,干将莫邪,孙权,李白,苏烈","芈月,杨玉环,蚩奼,百里玄策,刘邦"
刘邦,苏烈,17,阵营1 胜利,"夏洛特,女娲,李信,韩信,苏烈","元歌,嫦娥,阿古朵,百里玄策,刘邦"
刘邦,苏烈,18,阵营2 胜利,,未集齐10人
刘邦,苏烈,19,阵营2 胜利,"哪吒,诸葛亮,艾琳,阿古朵,苏烈","亚瑟,小乔,元流之子(射手),暃,刘邦"
刘邦,明世隐,1,阵营1 胜利,"曹操,大乔,戈娅,铠,明世隐","司空震,小乔,后羿,暃,刘邦"
刘邦,明世隐,2,阵营1 胜利,"夏洛特,干将莫邪,敖隐,澜,刘邦","马超,杨玉环,元流之子(射手),裴擒虎,明世隐"
刘邦,明世隐,3,阵营1 胜利,"司空震,女娲,虞姬,赵云,明世隐","元歌,嫦娥,公孙离,孙悟空,刘邦"
刘邦,明世隐,4,阵营1 胜利,"花木兰,武则天,蚩奼,李元芳,刘邦","哪吒,海诺,戈娅,梦奇,明世隐"
刘邦,明世隐,5,阵营1 胜利,,未集齐10人
刘邦,明世隐,6,阵营2 胜利,"曹操,不知火舞,公孙离,韩信,刘邦","钟无艳,女娲,虞姬,元流之子(刺客),明世隐"
刘邦,明世隐,7,阵营1 胜利,"影,诸葛亮,元流之子(射手),盘古,刘邦","亚连,武则天,孙权,裴擒虎,明世隐"
刘邦,明世隐,8,阵营1 胜利,"大司命,诸葛亮,虞姬,杨戬,明世隐","马超,金蝉,蚩奼,裴擒虎,刘邦"
刘邦,明世隐,9,阵营1 胜利,"蒙恬,上官婉儿,元流之子(射手),盘古,明世隐","马超,甄姬,蚩奼,影,刘邦"
刘邦,明世隐,10,阵营1 胜利,"老夫子,诸葛亮,李信,孙悟空,刘邦","元流之子(坦克),女娲,戈娅,韩信,明世隐"
刘邦,明世隐,11,阵营2 胜利,"曹操,貂蝉,元流之子(射手),阿古朵,明世隐","哪吒,小乔,李信,宫本武藏,刘邦"
刘邦,明世隐,12,阵营1 胜利,"狂铁,海诺,虞姬,裴擒虎,刘邦","关羽,太乙真人,戈娅,橘右京,明世隐"
刘邦,明世隐,13,阵营1 胜利,,未集齐10人
刘邦,明世隐,14,阵营2 胜利,"哪吒,弈星,苍,百里玄策,明世隐","关羽,上官婉儿,百里守约,司马懿,刘邦"
刘邦,明世隐,15,阵营1 胜利,"元歌,沈梦溪,虞姬,赵云,刘邦","白起,诸葛亮,蚩奼,马超,明世隐"
刘邦,明世隐,16,阵营1 胜利,"狂铁,小乔,敖隐,暃,明世隐","司空震,安琪拉,元流之子(射手),曹操,刘邦"
刘邦,明世隐,17,阵营2 胜利,"曹操,高渐离,蚩奼,阿古朵,刘邦","哪吒,海月,戈娅,大司命,明世隐"
刘邦,明世隐,18,阵营1 胜利,"花木兰,女娲,公孙离,阿古朵,刘邦","白起,沈梦溪,元流之子(射手),云缨,明世隐"
刘邦,明世隐,19,阵营1 胜利,"影,女娲,虞姬,橘右京,刘邦","兰陵王,小乔,元流之子(射手),裴擒虎,明世隐"
刘邦,瑶,1,阵营2 胜利,"狂铁,诸葛亮,艾琳,露娜,刘邦","老夫子,甄姬,元流之子(射手),暃,瑶"
刘邦,瑶,2,阵营1 胜利,"吕布,诸葛亮,李信,裴擒虎,刘邦","哪吒,嫦娥,孙权,铠,瑶"
刘邦,瑶,3,阵营2 胜利,"元歌,诸葛亮,蚩奼,元流之子(坦克),刘邦","花木兰,海月,戈娅,宫本武藏,瑶"
刘邦,瑶,4,阵营1 胜利,"达摩,诸葛亮,戈娅,百里玄策,刘邦","吕布,嫦娥,元流之子(射手),镜,瑶"
刘邦,瑶,5,阵营1 胜利,"曹操,海月,蚩奼,百里玄策,瑶","蒙恬,沈梦溪,元流之子(射手),赵云,刘邦"
刘邦,瑶,6,阵营2 胜利,"镜,西施,公孙离,裴擒虎,瑶","元歌,沈梦溪,孙权,阿古朵,刘邦"
刘邦,瑶,7,阵营1 胜利,"哪吒,武则天,艾琳,阿古朵,瑶","狂铁,不知火舞,虞姬,盘古,刘邦"
刘邦,瑶,8,阵营2 胜利,"花木兰,墨子,元流之子(射手),赵云,刘邦","哪吒,杨玉环,苍,诸葛亮,瑶"
刘邦,瑶,9,阵营2 胜利,"狂铁,金蝉,元流之子(射手),马超,瑶","元歌,女娲,苍,韩信,刘邦"
刘邦,瑶,10,阵营1 胜利,"哪吒,西施,元流之子(射手),云中君,刘邦","老夫子,海月,百里守约,梦奇,瑶"
刘邦,瑶,11,阵营1 胜利,"哪吒,女娲,鲁班七号,马超,瑶","关羽,弈星,后羿,裴擒虎,刘邦"
刘邦,瑶,12,阵营2 胜利,"达摩,海诺,元流之子(射手),云缨,瑶","元歌,女娲,公孙离,宫本武藏,刘邦"
刘邦,瑶,13,阵营2 胜利,"影,嫦娥,艾琳,马超,瑶","元歌,甄姬,李信,裴擒虎,刘邦"
刘邦,瑶,14,阵营1 胜利,"马超,沈梦溪,公孙离,镜,刘邦","哪吒,嫦娥,苍,裴擒虎,瑶"
刘邦,瑶,15,阵营1 胜利,"关羽,嫦娥,狄仁杰,马超,瑶","狂铁,西施,公孙离,裴擒虎,刘邦"
刘邦,瑶,16,阵营1 胜利,"蚩奼,女娲,孙权,哪吒,瑶","老夫子,不知火舞,公孙离,韩信,刘邦"
刘邦,瑶,17,阵营1 胜利,"白起,小乔,元流之子(射手),大司命,刘邦","老夫子,海月,戈娅,橘右京,瑶"
刘邦,瑶,18,阵营1 胜利,"哪吒,沈梦溪,老夫子,韩信,瑶","孙策,张良,元流之子(射手),司马懿,刘邦"
刘邦,瑶,19,阵营1 胜利,"老夫子,嫦娥,司空震,裴擒虎,瑶","元流之子(坦克),女娲,蚩奼,宫本武藏,刘邦"
刘邦,盾山,1,阵营2 胜利,"曹操,小乔,李信,孙悟空,盾山","影,女娲,虞姬,赵云,刘邦"
刘邦,盾山,2,阵营1 胜利,"关羽,米莱狄,蚩奼,裴擒虎,盾山","花木兰,干将莫邪,公孙离,哪吒,刘邦"
刘邦,盾山,3,阵营1 胜利,"影,小乔,元流之子(射手),云缨,刘邦","关羽,海月,后羿,马超,盾山"
刘邦,盾山,4,阵营1 胜利,"蒙恬,甄姬,元流之子(射手),铠,刘邦","狂铁,小乔,艾琳,裴擒虎,盾山"
刘邦,盾山,5,阵营1 胜利,"项羽,沈梦溪,伽罗,杨戬,盾山","元歌,武则天,蚩奼,裴擒虎,刘邦"
刘邦,盾山,6,阵营1 胜利,"元歌,海月,苍,马超,刘邦","蒙恬,妲己,艾琳,暃,盾山"
刘邦,盾山,7,阵营1 胜利,"花木兰,海月,蚩奼,典韦,刘邦","曹操,弈星,后羿,镜,盾山"
刘邦,盾山,8,阵营1 胜利,"狂铁,武则天,艾琳,李元芳,盾山","关羽,安琪拉,公孙离,阿古朵,刘邦"
刘邦,盾山,9,阵营1 胜利,"司空震,海月,蚩奼,元流之子(坦克),盾山","白起,姜子牙,元流之子(射手),百里玄策,刘邦"
刘邦,盾山,10,阵营2 胜利,"吕布,姜子牙,公孙离,阿古朵,刘邦","司空震,西施,艾琳,韩信,盾山"
刘邦,盾山,11,阵营1 胜利,"亚瑟,大乔,敖隐,阿古朵,刘邦","夏洛特,甄姬,公孙离,韩信,盾山"
刘邦,盾山,12,阵营1 胜利,"亚连,大乔,莱西奥,孙悟空,刘邦","蚩奼,海诺,艾琳,雅典娜,盾山"
刘邦,盾山,13,阵营2 胜利,"杨戬,高渐离,狄仁杰,百里玄策,盾山","马超,甄姬,戈娅,哪吒,刘邦"
刘邦,盾山,14,阵营2 胜利,"老夫子,杨玉环,蚩奼,橘右京,刘邦","哪吒,西施,鲁班七号,镜,盾山"
刘邦,盾山,15,阵营1 胜利,"曹操,小乔,元流之子(射手),马超,盾山","夏洛特,米莱狄,蚩奼,曜,刘邦"
刘邦,盾山,16,阵营2 胜利,"哪吒,小乔,鲁班七号,赵云,盾山","钟无艳,嫦娥,后羿,镜,刘邦"
刘邦,盾山,17,阵营1 胜利,"影,沈梦溪,戈娅,宫本武藏,刘邦","曹操,王昭君,艾琳,阿古朵,盾山"
刘邦,盾山,18,阵营2 胜利,"司空震,海诺,元流之子(射手),澜,盾山","狂铁,海月,蚩奼,盘古,刘邦"
刘邦,盾山,19,阵营1 胜利,"白起,沈梦溪,虞姬,镜,盾山","狂铁,张良,蚩奼,阿古朵,刘邦"
刘邦,西施,1,阵营1 胜利,"曹操,诸葛亮,戈娅,云缨,刘邦","影,沈梦溪,莱西奥,暃,西施"
刘邦,西施,2,阵营1 胜利,"元歌,不知火舞,元流之子(射手),暃,刘邦","兰陵王,沈梦溪,百里守约,铠,西施"
刘邦,西施,3,阵营2 胜利,"吕布,小乔,孙尚香,镜,西施","曹操,安琪拉,戈娅,孙悟空,刘邦"
刘邦,西施,4,阵营2 胜利,"亚瑟,小乔,孙权,铠,刘邦","司空震,沈梦溪,蚩奼,元流之子(坦克),西施"
刘邦,西施,5,阵营1 胜利,"蚩奼,沈梦溪,苍,云缨,西施","达摩,女娲,元流之子(射手),曜,刘邦"
刘邦,西施,6,阵营1 胜利,"蒙恬,嫦娥,孙权,大司命,刘邦","狂铁,沈梦溪,公孙离,李白,西施"
刘邦,西施,7,阵营1 胜利,"曹操,沈梦溪,蚩奼,百里玄策,刘邦","司空震,嫦娥,后羿,曜,西施"
刘邦,西施,8,阵营1 胜利,"哪吒,杨玉环,苍,铠,西施","海诺,小乔,李信,曜,刘邦"
刘邦,西施,9,阵营1 胜利,"影,女娲,李信,孙悟空,西施","狂铁,小乔,元流之子(射手),曜,刘邦"
刘邦,西施,10,阵营1 胜利,"司空震,周瑜,后羿,裴擒虎,刘邦","哪吒,小乔,元流之子(射手),橘右京,西施"
刘邦,西施,11,阵营2 胜利,"达摩,嫦娥,艾琳,百里玄策,刘邦","关羽,大乔,公孙离,铠,西施"
刘邦,西施,12,阵营1 胜利,"曹操,不知火舞,孙权,曜,刘邦","嫦娥,姜子牙,元流之子(射手),李白,西施"
刘邦,西施,13,阵营1 胜利,"白起,诸葛亮,敖隐,杨戬,刘邦","吕布,女娲,元流之子(射手),雅典娜,西施"
刘邦,西施,14,阵营1 胜利,"花木兰,女娲,敖隐,铠,西施","蒙恬,周瑜,孙尚香,韩信,刘邦"
刘邦,西施,15,阵营1 胜利,"司空震,甄姬,元流之子(射手),韩信,西施","马超,海诺,后羿,澜,刘邦"
刘邦,西施,16,阵营2 胜利,"花木兰,元流之子(射手),马超,大乔,西施","猪八戒,高渐离,孙权,铠,刘邦"
刘邦,西施,17,阵营2 胜利,"姬小满,沈梦溪,公孙离,阿古朵,西施","吕布,女娲,元流之子(射手),司马懿,刘邦"
刘邦,西施,18,阵营2 胜利,"白起,不知火舞,元流之子(射手),裴擒虎,西施","芈月,沈梦溪,蚩奼,百里玄策,刘邦"
刘邦,西施,19,阵营2 胜利,"姬小满,元流之子(法师),孙权,赵云,刘邦","马超,女娲,戈娅,盘古,西施"
刘邦,鲁班大师,1,阵营1 胜利,"赵怀真,沈梦溪,黄忠,暃,鲁班大师","司空震,女娲,戈娅,云缨,刘邦"
刘邦,鲁班大师,2,阵营1 胜利,"马超,高渐离,戈娅,裴擒虎,鲁班大师","花木兰,杨玉环,黄忠,元流之子(坦克),刘邦"
刘邦,鲁班大师,3,阵营1 胜利,"花木兰,不知火舞,艾琳,韩信,鲁班大师","影,西施,蚩奼,裴擒虎,刘邦"
刘邦,鲁班大师,4,阵营1 胜利,"关羽,嫦娥,司空震,元流之子(刺客),刘邦","老夫子,杨玉环,李信,影,鲁班大师"
刘邦,鲁班大师,5,阵营1 胜利,"关羽,海诺,蚩奼,镜,鲁班大师","影,金蝉,孙权,梦奇,刘邦"
刘邦,鲁班大师,6,阵营2 胜利,"关羽,海月,百里守约,孙悟空,刘邦","狂铁,嫦娥,戈娅,百里玄策,鲁班大师"
刘邦,鲁班大师,7,阵营2 胜利,"马超,沈梦溪,元流之子(射手),典韦,刘邦","关羽,嫦娥,公孙离,裴擒虎,鲁班大师"
刘邦,鲁班大师,8,阵营1 胜利,"影,高渐离,元流之子(射手),孙悟空,鲁班大师","芈月,上官婉儿,虞姬,阿古朵,刘邦"
刘邦,鲁班大师,9,阵营2 胜利,"哪吒,女娲,蚩奼,暃,鲁班大师","元歌,沈梦溪,公孙离,阿古朵,刘邦"
刘邦,鲁班大师,10,阵营2 胜利,"关羽,海诺,元流之子(射手),橘右京,鲁班大师","马超,甄姬,孙权,大司命,刘邦"
刘邦,鲁班大师,11,阵营2 胜利,"夏洛特,甄姬,蚩奼,马超,鲁班大师","司空震,姜子牙,虞姬,哪吒,刘邦"
刘邦,鲁班大师,12,阵营1 胜利,"哪吒,武则天,蚩奼,赵云,鲁班大师","老夫子,不知火舞,孙权,孙悟空,刘邦"
刘邦,鲁班大师,13,阵营1 胜利,"蚩奼,杨玉环,元流之子(射手),裴擒虎,鲁班大师","关羽,武则天,虞姬,韩信,刘邦"
刘邦,鲁班大师,14,阵营2 胜利,"白起,弈星,元流之子(射手),曜,刘邦","姬小满,貂蝉,蚩奼,韩信,鲁班大师"
刘邦,鲁班大师,15,阵营2 胜利,"夏洛特,小乔,鲁班七号,镜,鲁班大师","马超,弈星,艾琳,澜,刘邦"
刘邦,鲁班大师,16,阵营1 胜利,"马超,大乔,虞姬,孙悟空,刘邦","项羽,嫦娥,孙权,裴擒虎,鲁班大师"
刘邦,鲁班大师,17,阵营1 胜利,"影,小乔,李信,露娜,鲁班大师","杨戬,貂蝉,戈娅,阿古朵,刘邦"
刘邦,鲁班大师,18,阵营1 胜利,"狂铁,诸葛亮,元流之子(射手),橘右京,鲁班大师","元歌,高渐离,公孙离,裴擒虎,刘邦"
刘邦,鲁班大师,19,阵营1 胜利,"马超,不知火舞,孙权,韩信,鲁班大师","白起,沈梦溪,元流之子(射手),阿古朵,刘邦"
刘邦,桑启,1,阵营2 胜利,"白起,杨玉环,蚩奼,铠,桑启","哪吒,武则天,孙权,猪八戒,刘邦"
刘邦,桑启,2,阵营2 胜利,"老夫子,嫦娥,鲁班七号,孙悟空,刘邦","蚩奼,甄姬,元流之子(射手),杨戬,桑启"
刘邦,桑启,3,阵营1 胜利,"夏洛特,武则天,元流之子(射手),百里玄策,桑启","狂铁,高渐离,鲁班七号,赵云,刘邦"
刘邦,桑启,4,阵营1 胜利,"蒙恬,高渐离,后羿,马超,桑启","影,不知火舞,孙尚香,云缨,刘邦"
刘邦,桑启,5,阵营1 胜利,"项羽,不知火舞,海诺,雅典娜,刘邦","狂铁,安琪拉,公孙离,马超,桑启"
刘邦,桑启,6,阵营1 胜利,"曹操,沈梦溪,元流之子(射手),暃,刘邦","哪吒,海诺,戈娅,诸葛亮,桑启"
刘邦,桑启,7,阵营1 胜利,"关羽,诸葛亮,敖隐,元流之子(刺客),刘邦","老夫子,沈梦溪,戈娅,李元芳,桑启"
刘邦,桑启,8,阵营2 胜利,"老夫子,甄姬,蚩奼,韩信,刘邦","哪吒,不知火舞,李信,孙悟空,桑启"
刘邦,桑启,9,阵营1 胜利,"元歌,嫦娥,元流之子(射手),阿古朵,桑启","影,小乔,敖隐,大司命,刘邦"
刘邦,桑启,10,阵营2 胜利,"狂铁,大乔,蚩奼,裴擒虎,桑启","影,沈梦溪,后羿,镜,刘邦"
刘邦,桑启,11,阵营2 胜利,"元歌,诸葛亮,孙权,杨戬,刘邦","司空震,甄姬,百里守约,暃,桑启"
刘邦,桑启,12,阵营2 胜利,"孙策,诸葛亮,李信,阿古朵,刘邦","关羽,弈星,戈娅,铠,桑启"
刘邦,桑启,13,阵营1 胜利,"司空震,大乔,蚩奼,镜,刘邦","影,沈梦溪,艾琳,暃,桑启"
刘邦,桑启,14,阵营2 胜利,"狂铁,沈梦溪,马可波罗,孙悟空,刘邦","曹操,女娲,虞姬,裴擒虎,桑启"
刘邦,桑启,15,阵营2 胜利,"曹操,貂蝉,戈娅,司马懿,刘邦","孙策,沈梦溪,百里守约,阿古朵,桑启"
刘邦,桑启,16,阵营1 胜利,"司空震,沈梦溪,孙权,铠,桑启","夏洛特,嫦娥,元流之子(射手),露娜,刘邦"
刘邦,桑启,17,阵营2 胜利,"花木兰,海诺,元流之子(射手),韩信,桑启","影,不知火舞,李信,元流之子(刺客),刘邦"
刘邦,桑启,18,阵营1 胜利,"亚连,沈梦溪,戈娅,典韦,桑启","司空震,女娲,元流之子(射手),盘古,刘邦"
刘邦,桑启,19,阵营1 胜利,"狂铁,小乔,百里守约,孙悟空,刘邦","老夫子,沈梦溪,虞姬,阿古朵,桑启"
刘邦,赵怀真,1,阵营2 胜利,"老夫子,嬴政,孙权,橘右京,刘邦","哪吒,不知火舞,蚩奼,阿古朵,赵怀真"
刘邦,赵怀真,2,阵营2 胜利,"项羽,海月,元流之子(射手),韩信,赵怀真","杨戬,上官婉儿,蚩奼,镜,刘邦"
刘邦,赵怀真,3,阵营1 胜利,"关羽,武则天,元歌,镜,赵怀真","哪吒,小乔,蚩奼,杨戬,刘邦"
刘邦,赵怀真,4,阵营2 胜利,"老夫子,大乔,孙权,马超,刘邦","狂铁,诸葛亮,李信,阿古朵,赵怀真"
刘邦,赵怀真,5,阵营1 胜利,"司空震,嫦娥,百里守约,铠,刘邦","哪吒,海诺,公孙离,阿轲,赵怀真"
刘邦,赵怀真,6,阵营1 胜利,"哪吒,诸葛亮,孙权,典韦,刘邦","马超,嫦娥,狄仁杰,韩信,赵怀真"
刘邦,赵怀真,7,阵营1 胜利,"孙策,女娲,蚩奼,铠,赵怀真","曹操,诸葛亮,百里守约,韩信,刘邦"
刘邦,赵怀真,8,阵营1 胜利,"老夫子,貂蝉,虞姬,孙悟空,赵怀真","亚瑟,诸葛亮,公孙离,裴擒虎,刘邦"
刘邦,赵怀真,9,阵营1 胜利,"哪吒,小乔,元流之子(射手),百里玄策,赵怀真","蒙恬,姜子牙,公孙离,裴擒虎,刘邦"
刘邦,赵怀真,10,阵营1 胜利,"芈月,米莱狄,莱西奥,元流之子(刺客),赵怀真","马超,沈梦溪,鲁班七号,镜,刘邦"
刘邦,赵怀真,11,阵营1 胜利,"影,貂蝉,虞姬,阿古朵,赵怀真","达摩,海诺,蚩奼,韩信,刘邦"
刘邦,赵怀真,12,阵营2 胜利,"哪吒,海诺,狄仁杰,阿古朵,刘邦","芈月,貂蝉,虞姬,韩信,赵怀真"
刘邦,赵怀真,13,阵营2 胜利,"哪吒,张良,李信,暃,刘邦","马超,貂蝉,戈娅,赵云,赵怀真"
刘邦,赵怀真,14,阵营1 胜利,"哪吒,沈梦溪,元流之子(射手),梦奇,赵怀真","司空震,海月,孙尚香,雅典娜,刘邦"
刘邦,赵怀真,15,阵营1 胜利,"马超,甄姬,百里守约,阿轲,赵怀真","老夫子,武则天,蚩奼,暃,刘邦"
刘邦,赵怀真,16,阵营2 胜利,"曹操,妲己,苍,李白,刘邦","关羽,沈梦溪,蚩奼,韩信,赵怀真"
刘邦,赵怀真,17,阵营2 胜利,"影,小乔,虞姬,蚩奼,刘邦","哪吒,妲己,元流之子(射手),赵云,赵怀真"
刘邦,赵怀真,18,阵营2 胜利,"猪八戒,甄姬,后羿,云缨,刘邦","夏洛特,干将莫邪,百里守约,大司命,赵怀真"
刘邦,赵怀真,19,阵营2 胜利,"白起,诸葛亮,戈娅,云缨,赵怀真","司空震,甄姬,孙权,杨戬,刘邦"
刘邦,空空儿,1,阵营1 胜利,"影,海月,敖隐,韩信,刘邦","夏洛特,女娲,虞姬,云中君,空空儿"
刘邦,空空儿,2,阵营1 胜利,"司空震,女娲,孙权,裴擒虎,空空儿","杨戬,貂蝉,元流之子(射手),司马懿,刘邦"
刘邦,空空儿,3,阵营1 胜利,"曹操,貂蝉,蒙犽,裴擒虎,刘邦","钟无艳,弈星,公孙离,阿轲,空空儿"
刘邦,空空儿,4,阵营1 胜利,"元歌,周瑜,李元芳,梦奇,刘邦","杨戬,沈梦溪,马可波罗,韩信,空空儿"
刘邦,空空儿,5,阵营2 胜利,"狂铁,干将莫邪,元流之子(射手),哪吒,刘邦","花木兰,海月,狄仁杰,雅典娜,空空儿"
刘邦,空空儿,6,阵营1 胜利,"孙策,沈梦溪,李信,裴擒虎,刘邦","司空震,女娲,元流之子(射手),孙悟空,空空儿"
刘邦,空空儿,7,阵营1 胜利,"司空震,武则天,戈娅,娜可露露,刘邦","孙策,嫦娥,元流之子(射手),梦奇,空空儿"
刘邦,空空儿,8,阵营1 胜利,"狂铁,安琪拉,戈娅,裴擒虎,空空儿","曹操,嫦娥,敖隐,暃,刘邦"
刘邦,空空儿,9,阵营2 胜利,"司空震,海诺,蚩奼,云缨,刘邦","白起,大乔,元流之子(射手),宫本武藏,空空儿"
刘邦,空空儿,10,阵营2 胜利,"元歌,上官婉儿,百里守约,盘古,刘邦","哪吒,海诺,蚩奼,韩信,空空儿"
刘邦,空空儿,11,阵营1 胜利,"姬小满,海月,孙权,哪吒,刘邦","狂铁,沈梦溪,李信,云缨,空空儿"
刘邦,空空儿,12,阵营1 胜利,"哪吒,干将莫邪,蚩奼,百里玄策,空空儿","蒙恬,小乔,虞姬,镜,刘邦"
刘邦,空空儿,13,阵营1 胜利,"曹操,西施,公孙离,暃,刘邦","哪吒,诸葛亮,元流之子(射手),孙悟空,空空儿"
刘邦,空空儿,14,阵营1 胜利,"孙策,沈梦溪,戈娅,元流之子(刺客),空空儿","曹操,貂蝉,蚩奼,大司命,刘邦"
刘邦,空空儿,15,阵营1 胜利,"马超,沈梦溪,百里守约,暃,空空儿","孙策,嫦娥,狄仁杰,橘右京,刘邦"
刘邦,空空儿,16,阵营1 胜利,"曹操,西施,狄仁杰,孙悟空,空空儿","哪吒,海月,公孙离,韩信,刘邦"
刘邦,空空儿,17,阵营1 胜利,"狂铁,海诺,公孙离,铠,刘邦","夏洛特,弈星,蚩奼,典韦,空空儿"
刘邦,空空儿,18,阵营2 胜利,"哪吒,小乔,蚩奼,元流之子(坦克),刘邦","铠,海月,貂蝉,阿古朵,空空儿"
刘邦,空空儿,19,阵营2 胜利,"曹操,小乔,戈娅,阿古朵,刘邦","司空震,大乔,李信,裴擒虎,空空儿"
刘邦,少司缘,1,阵营2 胜利,"曹操,武则天,敖隐,阿古朵,少司缘","程咬金,上官婉儿,苍,典韦,刘邦"
刘邦,少司缘,2,阵营2 胜利,"哪吒,武则天,戈娅,镜,少司缘","达摩,女娲,后羿,裴擒虎,刘邦"
刘邦,少司缘,3,阵营1 胜利,"蚩奼,嫦娥,敖隐,阿古朵,少司缘","影,小乔,后羿,盘古,刘邦"
刘邦,少司缘,4,阵营2 胜利,"哪吒,诸葛亮,戈娅,澜,刘邦","姬小满,嫦娥,蚩奼,云缨,少司缘"
刘邦,少司缘,5,阵营1 胜利,"达摩,不知火舞,蚩奼,露娜,刘邦","老夫子,甄姬,元流之子(射手),百里玄策,少司缘"
刘邦,少司缘,6,阵营1 胜利,"哪吒,周瑜,苍,云缨,刘邦","曹操,高渐离,元流之子(射手),暃,少司缘"
刘邦,少司缘,7,阵营1 胜利,"达摩,甄姬,元流之子(射手),百里玄策,刘邦","曹操,貂蝉,戈娅,李元芳,少司缘"
刘邦,少司缘,8,阵营2 胜利,"马超,小乔,公孙离,镜,刘邦","曹操,沈梦溪,元流之子(射手),宫本武藏,少司缘"
刘邦,少司缘,9,阵营1 胜利,"亚连,西施,公孙离,暃,少司缘","司空震,嫦娥,元流之子(射手),马超,刘邦"
刘邦,少司缘,10,阵营2 胜利,"曹操,弈星,虞姬,铠,刘邦","亚连,嫦娥,元流之子(射手),韩信,少司缘"
刘邦,少司缘,11,阵营2 胜利,"影,女娲,公孙离,澜,少司缘","芈月,安琪拉,孙尚香,裴擒虎,刘邦"
刘邦,少司缘,12,阵营2 胜利,"白起,甄姬,李元芳,云缨,少司缘","老夫子,嫦娥,狄仁杰,百里玄策,刘邦"
刘邦,少司缘,13,阵营2 胜利,"夏洛特,海月,元流之子(射手),娜可露露,少司缘","亚连,嫦娥,李信,赵云,刘邦"
刘邦,少司缘,14,阵营2 胜利,"影,沈梦溪,李信,阿古朵,刘邦","花木兰,貂蝉,元歌,铠,少司缘"
刘邦,少司缘,15,阵营2 胜利,"夏洛特,上官婉儿,元流之子(射手),韩信,刘邦","元歌,小乔,后羿,橘右京,少司缘"
刘邦,少司缘,16,阵营2 胜利,"元歌,姜子牙,李信,孙悟空,刘邦","夏洛特,杨玉环,元流之子(射手),阿古朵,少司缘"
刘邦,少司缘,17,阵营2 胜利,"关羽,小乔,虞姬,云中君,刘邦","哪吒,安琪拉,戈娅,马超,少司缘"
刘邦,少司缘,18,阵营1 胜利,"项羽,米莱狄,戈娅,暃,少司缘","狂铁,沈梦溪,苍,韩信,刘邦"
刘邦,少司缘,19,阵营2 胜利,"影,西施,狄仁杰,阿古朵,少司缘","达摩,海月,孙尚香,镜,刘邦"
刘邦,元流之子(坦克),1,阵营1 胜利,"花木兰,妲己,艾琳,孙悟空,元流之子(坦克)","狂铁,貂蝉,蚩奼,韩信,刘邦"
刘邦,元流之子(坦克),2,阵营1 胜利,"司空震,甄姬,虞姬,裴擒虎,元流之子(坦克)","吕布,王昭君,戈娅,宫本武藏,刘邦"
刘邦,元流之子(坦克),3,阵营2 胜利,"哪吒,嫦娥,虞姬,露娜,元流之子(坦克)","司空震,金蝉,元流之子(射手),百里玄策,刘邦"
刘邦,元流之子(坦克),4,阵营2 胜利,"亚瑟,安琪拉,戈娅,马超,刘邦","元歌,海月,公孙离,韩信,元流之子(坦克)"
刘邦,元流之子(坦克),5,阵营1 胜利,"兰陵王,弈星,艾琳,宫本武藏,刘邦","司空震,嫦娥,公孙离,暃,元流之子(坦克)"
刘邦,元流之子(坦克),6,阵营1 胜利,"哪吒,杨玉环,元流之子(射手),典韦,刘邦","老夫子,嫦娥,虞姬,暃,元流之子(坦克)"
刘邦,元流之子(坦克),7,阵营2 胜利,"狂铁,沈梦溪,李信,裴擒虎,元流之子(坦克)","司空震,司马懿,蚩奼,镜,刘邦"
刘邦,元流之子(坦克),8,阵营2 胜利,"狂铁,米莱狄,虞姬,宫本武藏,刘邦","哪吒,周瑜,公孙离,阿古朵,元流之子(坦克)"
刘邦,元流之子(坦克),9,阵营1 胜利,"元歌,大乔,伽罗,韩信,元流之子(坦克)","夏洛特,小乔,元流之子(射手),雅典娜,刘邦"
刘邦,元流之子(坦克),10,阵营1 胜利,"司空震,大乔,公孙离,兰陵王,元流之子(坦克)","狂铁,沈梦溪,戈娅,云缨,刘邦"
刘邦,元流之子(坦克),11,阵营1 胜利,"哪吒,干将莫邪,戈娅,宫本武藏,元流之子(坦克)","蒙恬,西施,百里守约,镜,刘邦"
刘邦,元流之子(坦克),12,阵营1 胜利,"马超,大乔,敖隐,露娜,刘邦","哪吒,杨玉环,李信,大司命,元流之子(坦克)"
刘邦,元流之子(坦克),13,阵营2 胜利,"亚瑟,墨子,百里守约,阿古朵,刘邦","吕布,杨玉环,苍,百里玄策,元流之子(坦克)"
刘邦,元流之子(坦克),14,阵营1 胜利,"司空震,诸葛亮,公孙离,盘古,刘邦","马超,女娲,戈娅,阿轲,元流之子(坦克)"
刘邦,元流之子(坦克),15,阵营1 胜利,"花木兰,杨玉环,戈娅,赵云,元流之子(坦克)","姬小满,沈梦溪,元流之子(射手),暃,刘邦"
刘邦,元流之子(坦克),16,阵营2 胜利,"孙策,高渐离,敖隐,孙悟空,元流之子(坦克)","狂铁,金蝉,元流之子(射手),雅典娜,刘邦"
刘邦,元流之子(坦克),17,阵营2 胜利,"曹操,高渐离,鲁班七号,韩信,元流之子(坦克)","元歌,不知火舞,公孙离,裴擒虎,刘邦"
刘邦,元流之子(坦克),18,阵营1 胜利,"关羽,沈梦溪,虞姬,云缨,刘邦","狂铁,甄姬,李信,镜,元流之子(坦克)"
刘邦,元流之子(坦克),19,阵营1 胜利,"哪吒,嫦娥,蚩奼,韩信,元流之子(坦克)","夏洛特,沈梦溪,李信,赵云,刘邦"
刘邦,元流之子(辅助),1,阵营2 胜利,"元歌,海月,蚩奼,梦奇,刘邦","马超,小乔,狄仁杰,百里玄策,元流之子(辅助)"
刘邦,元流之子(辅助),2,阵营2 胜利,"蚩奼,弈星,百里守约,百里玄策,刘邦","亚瑟,甄姬,虞姬,诸葛亮,元流之子(辅助)"
刘邦,元流之子(辅助),3,阵营2 胜利,"司空震,大乔,狄仁杰,橘右京,元流之子(辅助)","狂铁,小乔,元流之子(射手),韩信,刘邦"
刘邦,元流之子(辅助),4,阵营1 胜利,"夏侯惇,海诺,虞姬,兰陵王,元流之子(辅助)","元歌,王昭君,蚩奼,诸葛亮,刘邦"
刘邦,元流之子(辅助),5,阵营1 胜利,"哪吒,海诺,后羿,阿古朵,元流之子(辅助)","杨戬,沈梦溪,孙权,云缨,刘邦"
刘邦,元流之子(辅助),6,阵营1 胜利,"芈月,海月,戈娅,裴擒虎,刘邦","元歌,甄姬,艾琳,韩信,元流之子(辅助)"
刘邦,元流之子(辅助),7,阵营1 胜利,"哪吒,沈梦溪,戈娅,铠,刘邦","司空震,弈星,艾琳,诸葛亮,元流之子(辅助)"
刘邦,元流之子(辅助),8,阵营2 胜利,"白起,嫦娥,艾琳,杨戬,元流之子(辅助)","元歌,女娲,李信,雅典娜,刘邦"
刘邦,元流之子(辅助),9,阵营1 胜利,"元歌,嫦娥,虞姬,裴擒虎,元流之子(辅助)","哪吒,海诺,艾琳,镜,刘邦"
刘邦,元流之子(辅助),10,阵营1 胜利,"元歌,女娲,孙权,韩信,刘邦","花木兰,小乔,戈娅,露娜,元流之子(辅助)"
刘邦,元流之子(辅助),11,阵营1 胜利,"蚩奼,上官婉儿,蒙犽,云中君,刘邦","老夫子,大乔,狄仁杰,曜,元流之子(辅助)"
刘邦,元流之子(辅助),12,阵营1 胜利,"狂铁,女娲,阿古朵,裴擒虎,元流之子(辅助)","蚩奼,大乔,元流之子(射手),宫本武藏,刘邦"
刘邦,元流之子(辅助),13,阵营2 胜利,"哪吒,上官婉儿,敖隐,暃,刘邦","元歌,沈梦溪,虞姬,马超,元流之子(辅助)"
刘邦,元流之子(辅助),14,阵营1 胜利,"海诺,海月,戈娅,云缨,刘邦","蚩奼,甄姬,李信,暃,元流之子(辅助)"
刘邦,元流之子(辅助),15,阵营2 胜利,"蒙恬,上官婉儿,艾琳,盘古,刘邦","猪八戒,海诺,狄仁杰,韩信,元流之子(辅助)"
刘邦,元流之子(辅助),16,阵营2 胜利,"老夫子,甄姬,公孙离,杨戬,元流之子(辅助)","夏洛特,嫦娥,艾琳,宫本武藏,刘邦"
刘邦,元流之子(辅助),17,阵营1 胜利,"曹操,不知火舞,艾琳,云中君,元流之子(辅助)","元歌,诸葛亮,戈娅,云缨,刘邦"
刘邦,元流之子(辅助),18,阵营1 胜利,"影,不知火舞,虞姬,元流之子(刺客),刘邦","蒙恬,诸葛亮,艾琳,铠,元流之子(辅助)"
刘邦,元流之子(辅助),19,阵营2 胜利,"哪吒,甄姬,公孙离,裴擒虎,元流之子(辅助)","曹操,不知火舞,虞姬,刘备,刘邦"
张良,朵莉亚,1,阵营2 胜利,"蒙恬,高渐离,蚩奼,阿古朵,朵莉亚","花木兰,甄姬,元流之子(射手),司马懿,张良"
张良,朵莉亚,2,阵营2 胜利,"哪吒,海月,敖隐,韩信,朵莉亚","影,姜子牙,戈娅,典韦,张良"
张良,朵莉亚,3,阵营1 胜利,"蚩奼,海诺,孙尚香,元流之子(刺客),朵莉亚","达摩,女娲,戈娅,阿轲,张良"
张良,朵莉亚,4,阵营1 胜利,"蒙恬,上官婉儿,敖隐,阿轲,朵莉亚","狂铁,诸葛亮,元流之子(射手),镜,张良"
张良,朵莉亚,5,阵营2 胜利,"芈月,貂蝉,敖隐,韩信,张良","达摩,嫦娥,李信,杨戬,朵莉亚"
张良,朵莉亚,6,阵营1 胜利,"花木兰,小乔,元流之子(射手),宫本武藏,朵莉亚","曹操,沈梦溪,百里守约,赵云,张良"
张良,朵莉亚,7,阵营1 胜利,"元歌,嫦娥,百里守约,露娜,张良","马超,不知火舞,元流之子(射手),大司命,朵莉亚"
张良,朵莉亚,8,阵营2 胜利,"老夫子,不知火舞,敖隐,阿轲,张良","蒙恬,嫦娥,百里守约,韩信,朵莉亚"
张良,朵莉亚,9,阵营1 胜利,"马超,周瑜,莱西奥,韩信,朵莉亚","哪吒,女娲,元流之子(射手),李元芳,张良"
张良,朵莉亚,10,阵营1 胜利,"芈月,甄姬,元流之子(射手),裴擒虎,张良","司空震,小乔,敖隐,韩信,朵莉亚"
张良,朵莉亚,11,阵营1 胜利,"白起,嫦娥,元流之子(射手),橘右京,张良","吕布,诸葛亮,孙权,裴擒虎,朵莉亚"
张良,朵莉亚,12,阵营1 胜利,"花木兰,姜子牙,敖隐,韩信,张良","白起,貂蝉,后羿,镜,朵莉亚"
张良,朵莉亚,13,阵营1 胜利,"白起,小乔,蚩奼,镜,张良","狂铁,诸葛亮,虞姬,暃,朵莉亚"
张良,朵莉亚,14,阵营2 胜利,"元歌,海月,后羿,铠,朵莉亚","狂铁,嫦娥,元流之子(射手),李白,张良"
张良,朵莉亚,15,阵营1 胜利,"狂铁,嫦娥,元流之子(射手),大司命,张良","老夫子,海月,公孙离,宫本武藏,朵莉亚"
张良,朵莉亚,16,阵营2 胜利,"司空震,嫦娥,敖隐,元流之子(刺客),朵莉亚","马超,不知火舞,公孙离,司马懿,张良"
张良,朵莉亚,17,阵营1 胜利,"马超,小乔,虞姬,镜,张良","司空震,西施,元流之子(射手),裴擒虎,朵莉亚"
张良,朵莉亚,18,阵营2 胜利,"哪吒,貂蝉,元流之子(射手),暃,张良","司空震,甄姬,敖隐,云缨,朵莉亚"
张良,朵莉亚,19,阵营1 胜利,"蚩奼,嫦娥,李信,孙悟空,张良","哪吒,元流之子(法师),后羿,宫本武藏,朵莉亚"
张良,牛魔,1,阵营2 胜利,"关羽,杨玉环,敖隐,大司命,牛魔","猪八戒,女娲,公孙离,橘右京,张良"
张良,牛魔,2,阵营1 胜利,"夏洛特,元流之子(法师),戈娅,露娜,张良","狂铁,不知火舞,孙权,大司命,牛魔"
张良,牛魔,3,阵营1 胜利,"元歌,弈星,百里守约,百里玄策,张良","司空震,大乔,元流之子(射手),裴擒虎,牛魔"
张良,牛魔,4,阵营2 胜利,"哪吒,沈梦溪,敖隐,宫本武藏,牛魔","狂铁,不知火舞,元流之子(射手),橘右京,张良"
张良,牛魔,5,阵营2 胜利,"夏洛特,诸葛亮,百里守约,元流之子(刺客),牛魔","亚瑟,小乔,元流之子(射手),孙悟空,张良"
张良,牛魔,6,阵营2 胜利,"哪吒,沈梦溪,虞姬,百里玄策,张良","影,海月,元流之子(射手),韩信,牛魔"
张良,牛魔,7,阵营1 胜利,"夏洛特,大乔,戈娅,暃,张良","兰陵王,不知火舞,蚩奼,孙悟空,牛魔"
张良,牛魔,8,阵营2 胜利,"蚩奼,海诺,戈娅,孙悟空,张良","芈月,甄姬,元流之子(射手),韩信,牛魔"
张良,牛魔,9,阵营1 胜利,"亚连,沈梦溪,元流之子(射手),镜,牛魔","哪吒,嫦娥,孙尚香,暃,张良"
张良,牛魔,10,阵营1 胜利,"哪吒,安琪拉,戈娅,百里玄策,牛魔","曹操,诸葛亮,百里守约,裴擒虎,张良"
张良,牛魔,11,阵营1 胜利,"钟无艳,女娲,戈娅,孙悟空,张良","哪吒,杨玉环,李信,李元芳,牛魔"
张良,牛魔,12,阵营2 胜利,"夏洛特,小乔,狄仁杰,暃,张良","刘邦,女娲,孙权,马超,牛魔"
张良,牛魔,13,阵营2 胜利,"芈月,貂蝉,敖隐,杨戬,牛魔","哪吒,王昭君,元流之子(射手),暃,张良"
张良,牛魔,14,阵营1 胜利,"姬小满,高渐离,元流之子(射手),司马懿,牛魔","司空震,西施,戈娅,娜可露露,张良"
张良,牛魔,15,阵营1 胜利,"元歌,干将莫邪,苍,孙悟空,张良","姬小满,大乔,元流之子(射手),露娜,牛魔"
张良,牛魔,16,阵营1 胜利,"杨戬,貂蝉,戈娅,澜,牛魔","海诺,嫦娥,苍,云缨,张良"
张良,牛魔,17,阵营2 胜利,"哪吒,小乔,戈娅,铠,张良","蚩奼,女娲,元流之子(射手),百里玄策,牛魔"
张良,牛魔,18,阵营1 胜利,"关羽,诸葛亮,李信,宫本武藏,牛魔","孙策,杨玉环,孙尚香,裴擒虎,张良"
张良,牛魔,19,阵营2 胜利,"司空震,金蝉,苍,裴擒虎,牛魔","狂铁,不知火舞,敖隐,孙悟空,张良"
张良,张飞,1,阵营2 胜利,"杨戬,沈梦溪,艾琳,云缨,张良","蚩奼,嫦娥,虞姬,典韦,张飞"
张良,张飞,2,阵营1 胜利,"蚩奼,大乔,敖隐,铠,张飞","司空震,海诺,元流之子(射手),韩信,张良"
张良,张飞,3,阵营1 胜利,"老夫子,海诺,元流之子(射手),影,张飞","亚瑟,甄姬,蚩奼,百里玄策,张良"
张良,张飞,4,阵营2 胜利,"老夫子,周瑜,苍,元流之子(刺客),张飞","蚩奼,甄姬,公孙离,马超,张良"
张良,张飞,5,阵营2 胜利,"白起,干将莫邪,敖隐,阿轲,张良","老夫子,小乔,虞姬,镜,张飞"
张良,张飞,6,阵营1 胜利,"蚩奼,沈梦溪,戈娅,典韦,张良","达摩,高渐离,李信,韩信,张飞"
张良,张飞,7,阵营2 胜利,"猪八戒,诸葛亮,元流之子(射手),镜,张良","影,西施,蒙犽,韩信,张飞"
张良,张飞,8,阵营2 胜利,"司空震,小乔,敖隐,裴擒虎,张飞","关羽,沈梦溪,马可波罗,镜,张良"
张良,张飞,9,阵营2 胜利,"曹操,海月,苍,阿古朵,张良","蚩奼,嫦娥,元流之子(射手),马超,张飞"
张良,张飞,10,阵营1 胜利,"夏洛特,杨玉环,戈娅,铠,张飞","花木兰,海月,蚩奼,阿古朵,张良"
张良,张飞,11,阵营1 胜利,"哪吒,元流之子(法师),公孙离,韩信,张飞","白起,干将莫邪,戈娅,宫本武藏,张良"
张良,张飞,12,阵营1 胜利,"夏洛特,女娲,元流之子(射手),铠,张良","关羽,沈梦溪,蚩奼,百里玄策,张飞"
张良,张飞,13,阵营2 胜利,"项羽,王昭君,敖隐,元流之子(刺客),张良","元歌,小乔,戈娅,诸葛亮,张飞"
张良,张飞,14,阵营2 胜利,"老夫子,诸葛亮,敖隐,暃,张良","哪吒,嫦娥,戈娅,云中君,张飞"
张良,张飞,15,阵营2 胜利,"蚩奼,诸葛亮,百里守约,哪吒,张飞","亚瑟,沈梦溪,戈娅,露娜,张良"
张良,张飞,16,阵营2 胜利,"马超,元流之子(法师),虞姬,大司命,张飞","哪吒,不知火舞,元流之子(射手),裴擒虎,张良"
张良,张飞,17,阵营2 胜利,"元歌,沈梦溪,元流之子(射手),暃,张良","亚瑟,海月,李元芳,阿轲,张飞"
张良,张飞,18,阵营2 胜利,"老夫子,沈梦溪,戈娅,李白,张良","姬小满,弈星,蚩奼,司马懿,张飞"
张良,张飞,19,阵营1 胜利,"元歌,杨玉环,艾琳,镜,张良","蚩奼,甄姬,元流之子(射手),李白,张飞"
张良,钟馗,1,阵营2 胜利,"达摩,沈梦溪,公孙离,杨戬,张良","亚瑟,杨玉环,元流之子(射手),孙悟空,钟馗"
张良,钟馗,2,阵营1 胜利,"狂铁,女娲,敖隐,诸葛亮,张良","关羽,沈梦溪,李信,橘右京,钟馗"
张良,钟馗,3,阵营1 胜利,"关羽,嫦娥,狄仁杰,百里玄策,钟馗","曹操,不知火舞,公孙离,雅典娜,张良"
张良,钟馗,4,阵营1 胜利,"关羽,女娲,虞姬,韩信,张良","元歌,妲己,戈娅,裴擒虎,钟馗"
张良,钟馗,5,阵营2 胜利,"哪吒,诸葛亮,蚩奼,露娜,钟馗","元歌,嫦娥,戈娅,宫本武藏,张良"
张良,钟馗,6,阵营2 胜利,"元歌,西施,蚩奼,云缨,张良","芈月,不知火舞,元流之子(射手),露娜,钟馗"
张良,钟馗,7,阵营1 胜利,"司空震,杨玉环,李信,韩信,钟馗","哪吒,大乔,敖隐,诸葛亮,张良"
张良,钟馗,8,阵营1 胜利,"廉颇,高渐离,元流之子(射手),暃,钟馗","老夫子,安琪拉,蚩奼,橘右京,张良"
张良,钟馗,9,阵营2 胜利,"司空震,杨玉环,元流之子(射手),赵云,张良","曹操,高渐离,虞姬,镜,钟馗"
张良,钟馗,10,阵营1 胜利,"曹操,干将莫邪,敖隐,典韦,张良","杨戬,女娲,元流之子(射手),宫本武藏,钟馗"
张良,钟馗,11,阵营1 胜利,"哪吒,大乔,孙权,大司命,张良","花木兰,甄姬,蚩奼,马超,钟馗"
张良,钟馗,12,阵营1 胜利,"梦奇,干将莫邪,后羿,裴擒虎,张良","元歌,不知火舞,孙权,云中君,钟馗"
张良,钟馗,13,阵营1 胜利,"马超,王昭君,蚩奼,李元芳,张良","哪吒,女娲,公孙离,裴擒虎,钟馗"
张良,钟馗,14,阵营1 胜利,"影,小乔,黄忠,裴擒虎,张良","曹操,沈梦溪,虞姬,橘右京,钟馗"
张良,钟馗,15,阵营1 胜利,"夏洛特,女娲,元流之子(射手),镜,钟馗","哪吒,嫦娥,苍,马超,张良"
张良,钟馗,16,阵营2 胜利,"狂铁,姜子牙,敖隐,诸葛亮,张良","达摩,元流之子(法师),后羿,马超,钟馗"
张良,钟馗,17,阵营2 胜利,"曹操,元流之子(法师),戈娅,裴擒虎,张良","影,弈星,艾琳,李元芳,钟馗"
张良,钟馗,18,阵营2 胜利,"夏洛特,女娲,元流之子(射手),赵云,张良","关羽,不知火舞,后羿,云中君,钟馗"
张良,钟馗,19,阵营2 胜利,"狂铁,弈星,李信,阿古朵,张良","花木兰,女娲,公孙离,梦奇,钟馗"
张良,杨玉环,1,阵营1 胜利,"狂铁,貂蝉,蚩奼,典韦,杨玉环","司空震,海月,孙权,影,张良"
张良,杨玉环,2,阵营2 胜利,"元歌,甄姬,戈娅,马超,杨玉环","哪吒,武则天,元流之子(射手),露娜,张良"
张良,杨玉环,3,阵营2 胜利,"关羽,嫦娥,敖隐,镜,张良","马超,妲己,元流之子(射手),曜,杨玉环"
张良,杨玉环,4,阵营2 胜利,"蚩奼,女娲,苍,百里玄策,杨玉环","狂铁,高渐离,公孙离,阿古朵,张良"
张良,杨玉环,5,阵营1 胜利,"元歌,不知火舞,李信,暃,杨玉环","蚩奼,女娲,敖隐,铠,张良"
张良,杨玉环,6,阵营2 胜利,"司空震,沈梦溪,敖隐,司马懿,张良","杨戬,不知火舞,百里守约,孙悟空,杨玉环"
张良,杨玉环,7,阵营2 胜利,"曹操,海月,元流之子(射手),宫本武藏,杨玉环","司空震,弈星,公孙离,马超,张良"
张良,杨玉环,8,阵营1 胜利,"蚩奼,姜子牙,孙权,元流之子(刺客),杨玉环","项羽,甄姬,百里守约,宫本武藏,张良"
张良,杨玉环,9,阵营1 胜利,"盘古,沈梦溪,公孙离,云缨,张良","花木兰,小乔,马可波罗,阿轲,杨玉环"
张良,杨玉环,10,阵营1 胜利,"哪吒,甄姬,公孙离,马超,张良","关羽,沈梦溪,艾琳,镜,杨玉环"
张良,杨玉环,11,阵营1 胜利,"蒙恬,沈梦溪,元流之子(射手),铠,杨玉环","白起,诸葛亮,公孙离,典韦,张良"
张良,杨玉环,12,阵营1 胜利,"白起,安琪拉,元流之子(射手),裴擒虎,张良","曹操,沈梦溪,艾琳,猪八戒,杨玉环"
张良,杨玉环,13,阵营1 胜利,"狂铁,安琪拉,马可波罗,镜,杨玉环","元歌,武则天,元流之子(射手),铠,张良"
张良,杨玉环,14,阵营2 胜利,"项羽,海月,狄仁杰,典韦,杨玉环","哪吒,小乔,公孙离,杨戬,张良"
张良,杨玉环,15,阵营1 胜利,"司空震,沈梦溪,虞姬,马超,杨玉环","哪吒,武则天,蚩奼,裴擒虎,张良"
张良,杨玉环,16,阵营1 胜利,"元歌,女娲,李信,诸葛亮,张良","影,海月,元流之子(射手),赵云,杨玉环"
张良,杨玉环,17,阵营1 胜利,"关羽,沈梦溪,戈娅,澜,张良","花木兰,貂蝉,鲁班七号,杨戬,杨玉环"
张良,杨玉环,18,阵营2 胜利,"哪吒,海诺,蒙犽,镜,杨玉环","芈月,安琪拉,元流之子(射手),马超,张良"
张良,杨玉环,19,阵营2 胜利,"夏洛特,女娲,敖隐,宫本武藏,杨玉环","梦奇,沈梦溪,公孙离,铠,张良"
张良,蔡文姬,1,阵营2 胜利,"影,诸葛亮,蚩奼,镜,蔡文姬","吕布,沈梦溪,狄仁杰,韩信,张良"
张良,蔡文姬,2,阵营1 胜利,"影,女娲,敖隐,盘古,张良","哪吒,沈梦溪,狄仁杰,司空震,蔡文姬"
张良,蔡文姬,3,阵营1 胜利,"白起,大乔,虞姬,马超,张良","哪吒,不知火舞,苍,赵云,蔡文姬"
张良,蔡文姬,4,阵营1 胜利,"影,嫦娥,艾琳,马超,蔡文姬","老夫子,沈梦溪,蚩奼,镜,张良"
张良,蔡文姬,5,阵营2 胜利,"司空震,诸葛亮,李信,司马懿,蔡文姬","曹操,沈梦溪,伽罗,孙悟空,张良"
张良,蔡文姬,6,阵营1 胜利,"马超,干将莫邪,蚩奼,云缨,张良","元流之子(坦克),海月,戈娅,韩信,蔡文姬"
张良,蔡文姬,7,阵营1 胜利,"夏洛特,王昭君,元流之子(射手),百里玄策,张良","白起,不知火舞,孙权,宫本武藏,蔡文姬"
张良,蔡文姬,8,阵营1 胜利,"花木兰,武则天,孙权,典韦,蔡文姬","哪吒,高渐离,元流之子(射手),宫本武藏,张良"
张良,蔡文姬,9,阵营2 胜利,"蒙恬,武则天,敖隐,影,蔡文姬","司空震,沈梦溪,元流之子(射手),大司命,张良"
张良,蔡文姬,10,阵营1 胜利,"哪吒,沈梦溪,元流之子(射手),李白,蔡文姬","司空震,诸葛亮,百里守约,百里玄策,张良"
张良,蔡文姬,11,阵营2 胜利,"狂铁,姜子牙,元流之子(射手),露娜,蔡文姬","项羽,小乔,孙权,刘备,张良"
张良,蔡文姬,12,阵营2 胜利,"赵怀真,嫦娥,公孙离,马超,张良","蒙恬,沈梦溪,蚩奼,裴擒虎,蔡文姬"
张良,蔡文姬,13,阵营1 胜利,"芈月,弈星,孙权,镜,蔡文姬","元歌,海诺,公孙离,阿轲,张良"
张良,蔡文姬,14,阵营1 胜利,"影,小乔,元流之子(射手),镜,张良","哪吒,不知火舞,虞姬,铠,蔡文姬"
张良,蔡文姬,15,阵营1 胜利,"蚩奼,沈梦溪,元流之子(射手),阿古朵,张良","曹操,高渐离,公孙离,云缨,蔡文姬"
张良,蔡文姬,16,阵营2 胜利,"蒙恬,不知火舞,虞姬,孙悟空,蔡文姬","关羽,沈梦溪,元流之子(射手),裴擒虎,张良"
张良,蔡文姬,17,阵营2 胜利,"哪吒,海诺,戈娅,露娜,蔡文姬","老夫子,大乔,后羿,橘右京,张良"
张良,蔡文姬,18,阵营2 胜利,"夏洛特,沈梦溪,后羿,元流之子(刺客),蔡文姬","哪吒,安琪拉,元流之子(射手),镜,张良"
张良,蔡文姬,19,阵营1 胜利,"蚩奼,不知火舞,孙尚香,典韦,蔡文姬","孙策,沈梦溪,戈娅,镜,张良"
张良,太乙真人,1,阵营1 胜利,"姬小满,沈梦溪,元流之子(射手),赵云,张良","曹操,海诺,蚩奼,裴擒虎,太乙真人"
张良,太乙真人,2,阵营1 胜利,"司空震,甄姬,元流之子(射手),裴擒虎,太乙真人","夏洛特,女娲,马可波罗,哪吒,张良"
张良,太乙真人,3,阵营2 胜利,"蒙恬,诸葛亮,虞姬,马超,太乙真人","哪吒,安琪拉,蚩奼,赵云,张良"
张良,太乙真人,4,阵营2 胜利,"达摩,海诺,敖隐,阿古朵,张良","亚瑟,妲己,孙尚香,李白,太乙真人"
张良,太乙真人,5,阵营1 胜利,"蒙恬,弈星,狄仁杰,孙悟空,太乙真人","芈月,甄姬,蚩奼,大司命,张良"
张良,太乙真人,6,阵营2 胜利,"孙策,海月,敖隐,暃,张良","吕布,高渐离,戈娅,裴擒虎,太乙真人"
张良,太乙真人,7,阵营1 胜利,"马超,武则天,元流之子(射手),兰陵王,张良","元歌,甄姬,李信,裴擒虎,太乙真人"
张良,太乙真人,8,阵营2 胜利,"姬小满,上官婉儿,戈娅,镜,张良","关羽,不知火舞,元流之子(射手),裴擒虎,太乙真人"
张良,太乙真人,9,阵营1 胜利,"哪吒,甄姬,敖隐,韩信,太乙真人","达摩,武则天,苍,裴擒虎,张良"
张良,太乙真人,10,阵营1 胜利,"芈月,沈梦溪,狄仁杰,元流之子(刺客),太乙真人","影,大乔,司空震,阿轲,张良"
张良,太乙真人,11,阵营2 胜利,"关羽,诸葛亮,孙尚香,孙悟空,张良","司空震,沈梦溪,李元芳,裴擒虎,太乙真人"
张良,太乙真人,12,阵营1 胜利,"大司命,沈梦溪,孙权,韩信,太乙真人","哪吒,干将莫邪,戈娅,暃,张良"
张良,太乙真人,13,阵营2 胜利,"关羽,杨玉环,艾琳,宫本武藏,太乙真人","蚩奼,安琪拉,苍,云缨,张良"
张良,太乙真人,14,阵营1 胜利,"司空震,王昭君,苍,马超,张良","狂铁,海月,戈娅,裴擒虎,太乙真人"
张良,太乙真人,15,阵营1 胜利,"哪吒,女娲,虞姬,镜,张良","狂铁,貂蝉,元流之子(射手),孙悟空,太乙真人"
张良,太乙真人,16,阵营2 胜利,"老夫子,高渐离,元流之子(射手),赵云,张良","狂铁,小乔,马可波罗,大司命,太乙真人"
张良,太乙真人,17,阵营2 胜利,"曹操,小乔,敖隐,韩信,太乙真人","夏侯惇,女娲,元流之子(射手),孙悟空,张良"
张良,太乙真人,18,阵营1 胜利,"白起,嫦娥,公孙离,诸葛亮,太乙真人","猪八戒,甄姬,元流之子(射手),曹操,张良"
张良,太乙真人,19,阵营2 胜利,"杨戬,武则天,敖隐,诸葛亮,张良","孙策,嬴政,元流之子(射手),韩信,太乙真人"
张良,东皇太一,1,阵营1 胜利,"姬小满,小乔,敖隐,百里玄策,东皇太一","孙策,武则天,公孙离,镜,张良"
张良,东皇太一,2,阵营1 胜利,"蒙恬,周瑜,虞姬,阿古朵,张良","狂铁,海诺,艾琳,李白,东皇太一"
张良,东皇太一,3,阵营2 胜利,"哪吒,沈梦溪,公孙离,马超,东皇太一","曹操,小乔,李信,镜,张良"
张良,东皇太一,4,阵营2 胜利,"司空震,嫦娥,戈娅,大司命,东皇太一","影,王昭君,敖隐,露娜,张良"
张良,东皇太一,5,阵营2 胜利,"橘右京,女娲,蚩奼,暃,张良","曹操,海月,公孙离,韩信,东皇太一"
张良,东皇太一,6,阵营1 胜利,"哪吒,安琪拉,鲁班七号,兰陵王,张良","狂铁,小乔,李信,铠,东皇太一"
张良,东皇太一,7,阵营2 胜利,"影,王昭君,戈娅,曜,张良","貂蝉,海月,蚩奼,元流之子(刺客),东皇太一"
张良,东皇太一,8,阵营1 胜利,"元歌,不知火舞,元流之子(射手),宫本武藏,张良","哪吒,诸葛亮,戈娅,镜,东皇太一"
张良,东皇太一,9,阵营2 胜利,"关羽,不知火舞,元流之子(射手),裴擒虎,东皇太一","蚩奼,安琪拉,蒙恬,娜可露露,张良"
张良,东皇太一,10,阵营2 胜利,"老夫子,海月,狄仁杰,赵云,东皇太一","狂铁,不知火舞,元流之子(射手),裴擒虎,张良"
张良,东皇太一,11,阵营1 胜利,"狂铁,米莱狄,虞姬,马超,东皇太一","芈月,嫦娥,公孙离,百里玄策,张良"
张良,东皇太一,12,阵营2 胜利,"狂铁,武则天,李信,元流之子(刺客),张良","达摩,女娲,公孙离,韩信,东皇太一"
张良,东皇太一,13,阵营2 胜利,"老夫子,嫦娥,元流之子(射手),阿古朵,东皇太一","白起,安琪拉,蚩奼,镜,张良"
张良,东皇太一,14,阵营2 胜利,"孙策,貂蝉,鲁班七号,暃,张良","吕布,干将莫邪,公孙离,镜,东皇太一"
张良,东皇太一,15,阵营1 胜利,"夏洛特,干将莫邪,孙权,橘右京,东皇太一","狂铁,小乔,戈娅,马超,张良"
张良,东皇太一,16,阵营1 胜利,"元歌,海月,敖隐,镜,东皇太一","司空震,诸葛亮,虞姬,马超,张良"
张良,东皇太一,17,阵营1 胜利,"关羽,女娲,苍,元流之子(刺客),东皇太一","姬小满,诸葛亮,后羿,宫本武藏,张良"
张良,东皇太一,18,阵营1 胜利,"狂铁,武则天,鲁班七号,司马懿,张良","曹操,海诺,蚩奼,裴擒虎,东皇太一"
张良,东皇太一,19,阵营1 胜利,"马超,武则天,虞姬,元流之子(刺客),东皇太一","狂铁,元流之子(法师),敖隐,宫本武藏,张良"
张良,大禹,1,阵营1 胜利,"狂铁,不知火舞,元流之子(射手),铠,大禹","司空震,杨玉环,戈娅,镜,张良"
张良,大禹,2,阵营1 胜利,"关羽,沈梦溪,艾琳,橘右京,张良","司空震,西施,孙权,裴擒虎,大禹"
张良,大禹,3,阵营2 胜利,"元歌,女娲,戈娅,裴擒虎,张良","哪吒,沈梦溪,苍,娜可露露,大禹"
张良,大禹,4,阵营2 胜利,"曹操,女娲,敖隐,杨戬,大禹,元歌,戈娅,宫本武藏,张良",未集齐10人
张良,大禹,5,阵营1 胜利,"蚩奼,小乔,公孙离,裴擒虎,大禹","哪吒,女娲,戈娅,镜,张良"
张良,大禹,6,阵营2 胜利,"曹操,高渐离,元流之子(射手),典韦,大禹","花木兰,不知火舞,苍,暃,张良"
张良,大禹,7,阵营1 胜利,"影,王昭君,蒙犽,阿古朵,张良","关羽,嫦娥,元流之子(射手),镜,大禹"
张良,大禹,8,阵营1 胜利,"司空震,沈梦溪,后羿,阿古朵,张良","狂铁,女娲,马可波罗,盘古,大禹"
张良,大禹,9,阵营1 胜利,"哪吒,嫦娥,孙权,大司命,大禹","白起,诸葛亮,元流之子(射手),镜,张良"
张良,大禹,10,阵营1 胜利,"马超,小乔,李元芳,裴擒虎,张良","狂铁,西施,黄忠,镜,大禹"
张良,大禹,11,阵营1 胜利,"杨戬,上官婉儿,虞姬,赵云,大禹","狂铁,甄姬,艾琳,裴擒虎,张良"
张良,大禹,12,阵营2 胜利,"哪吒,太乙真人,戈娅,裴擒虎,大禹","芈月,小乔,后羿,雅典娜,张良"
张良,大禹,13,阵营1 胜利,"芈月,嫦娥,苍,孙悟空,大禹","老夫子,王昭君,敖隐,诸葛亮,张良"
张良,大禹,14,阵营2 胜利,"司空震,女娲,公孙离,马超,张良","老夫子,小乔,蚩奼,百里玄策,大禹"
张良,大禹,15,阵营1 胜利,"哪吒,嫦娥,李信,铠,张良","兰陵王,海诺,孙尚香,杨戬,大禹"
张良,大禹,16,阵营1 胜利,"貂蝉,武则天,敖隐,铠,张良","达摩,不知火舞,虞姬,钟无艳,大禹"
张良,大禹,17,阵营1 胜利,"曹操,女娲,后羿,铠,张良","达摩,杨玉环,苍,诸葛亮,大禹"
张良,大禹,18,阵营1 胜利,"元歌,武则天,虞姬,李白,张良","狂铁,上官婉儿,公孙离,孙悟空,大禹"
张良,大禹,19,阵营2 胜利,"白起,扁鹊,元流之子(射手),百里玄策,张良","项羽,元流之子(法师),戈娅,阿古朵,大禹"
张良,鬼谷子,1,阵营2 胜利,"达摩,女娲,元流之子(射手),裴擒虎,鬼谷子","孙策,弈星,苍,镜,张良"
张良,鬼谷子,2,阵营1 胜利,"司空震,姜子牙,戈娅,盘古,张良","花木兰,小乔,蚩奼,宫本武藏,鬼谷子"
张良,鬼谷子,3,阵营1 胜利,"孙策,大乔,戈娅,暃,鬼谷子","哪吒,西施,蒙犽,孙悟空,张良"
张良,鬼谷子,4,阵营1 胜利,"司空震,小乔,虞姬,韩信,张良","夏洛特,姜子牙,戈娅,马超,鬼谷子"
张良,鬼谷子,5,阵营2 胜利,"元歌,沈梦溪,元流之子(射手),诸葛亮,张良","哪吒,不知火舞,蚩奼,韩信,鬼谷子"
张良,鬼谷子,6,阵营1 胜利,"老夫子,沈梦溪,元流之子(射手),镜,张良","曹操,海月,蚩奼,裴擒虎,鬼谷子"
张良,鬼谷子,7,阵营2 胜利,"曹操,沈梦溪,元流之子(射手),暃,张良","花木兰,王昭君,戈娅,铠,鬼谷子"
张良,鬼谷子,8,阵营1 胜利,"钟无艳,小乔,苍,杨戬,鬼谷子","花木兰,上官婉儿,元流之子(射手),马超,张良"
张良,鬼谷子,9,阵营2 胜利,"司空震,高渐离,蚩奼,铠,张良","马超,武则天,戈娅,裴擒虎,鬼谷子"
张良,鬼谷子,10,阵营2 胜利,"马超,沈梦溪,戈娅,曜,鬼谷子","关羽,貂蝉,公孙离,赵云,张良"
张良,鬼谷子,11,阵营2 胜利,"廉颇,小乔,敖隐,裴擒虎,鬼谷子","老夫子,诸葛亮,苍,梦奇,张良"
张良,鬼谷子,12,阵营1 胜利,"影,武则天,敖隐,裴擒虎,鬼谷子","钟无艳,安琪拉,鲁班七号,孙悟空,张良"
张良,鬼谷子,13,阵营1 胜利,"狂铁,沈梦溪,戈娅,典韦,张良","花木兰,女娲,苍,司马懿,鬼谷子"
张良,鬼谷子,14,阵营1 胜利,"司空震,诸葛亮,元流之子(射手),镜,鬼谷子","花木兰,女娲,蚩奼,曜,张良"
张良,鬼谷子,15,阵营2 胜利,"花木兰,诸葛亮,元流之子(射手),哪吒,鬼谷子","老夫子,杨玉环,戈娅,阿古朵,张良"
张良,鬼谷子,16,阵营2 胜利,"蒙恬,高渐离,敖隐,赵云,鬼谷子","芈月,海诺,元流之子(射手),韩信,张良"
张良,鬼谷子,17,阵营1 胜利,"哪吒,不知火舞,李信,司马懿,鬼谷子","元歌,金蝉,蚩奼,曜,张良"
张良,鬼谷子,18,阵营1 胜利,"猪八戒,高渐离,戈娅,盘古,鬼谷子","花木兰,王昭君,百里守约,韩信,张良"
张良,鬼谷子,19,阵营2 胜利,"孙策,不知火舞,公孙离,裴擒虎,鬼谷子","元歌,小乔,蚩奼,宫本武藏,张良"
张良,大乔,1,阵营1 胜利,"吕布,甄姬,敖隐,镜,大乔","曹操,杨玉环,苍,哪吒,张良"
张良,大乔,2,阵营1 胜利,"姬小满,嬴政,蚩奼,裴擒虎,大乔","司空震,沈梦溪,公孙离,云缨,张良"
张良,大乔,3,阵营1 胜利,"夏洛特,女娲,蒙犽,阿古朵,张良","孙策,武则天,戈娅,云中君,大乔"
张良,大乔,4,阵营1 胜利,"亚瑟,女娲,敖隐,娜可露露,大乔","司空震,嫦娥,元流之子(射手),露娜,张良"
张良,大乔,5,阵营2 胜利,"夏洛特,小乔,元流之子(射手),孙悟空,大乔","赵怀真,杨玉环,蚩奼,裴擒虎,张良"
张良,大乔,6,阵营2 胜利,"元流之子(坦克),嫦娥,后羿,马超,大乔","司空震,女娲,元流之子(射手),大司命,张良"
张良,大乔,7,阵营2 胜利,"哪吒,不知火舞,蚩奼,镜,大乔","元歌,小乔,元流之子(射手),大司命,张良"
张良,大乔,8,阵营2 胜利,"元歌,米莱狄,孙权,赵云,大乔","哪吒,小乔,戈娅,云缨,张良"
张良,大乔,9,阵营1 胜利,"影,女娲,苍,韩信,张良","花木兰,小乔,公孙离,露娜,大乔"
张良,大乔,10,阵营1 胜利,"蚩奼,高渐离,李信,阿轲,张良","曹操,沈梦溪,花木兰,马超,大乔"
张良,大乔,11,阵营1 胜利,"钟无艳,女娲,阿古朵,兰陵王,大乔","夏洛特,沈梦溪,公孙离,杨戬,张良"
张良,大乔,12,阵营1 胜利,"司空震,安琪拉,李信,大司命,大乔","哪吒,杨玉环,元流之子(射手),娜可露露,张良"
张良,大乔,13,阵营1 胜利,"蒙恬,女娲,敖隐,元流之子(刺客),张良","芈月,沈梦溪,后羿,赵云,大乔"
张良,大乔,14,阵营1 胜利,"狂铁,王昭君,敖隐,韩信,大乔","司空震,小乔,蚩奼,铠,张良"
张良,大乔,15,阵营1 胜利,"哪吒,小乔,黄忠,裴擒虎,张良","关羽,貂蝉,戈娅,影,大乔"
张良,大乔,16,阵营2 胜利,"司空震,女娲,马可波罗,司马懿,张良","杨戬,不知火舞,公孙离,镜,大乔"
张良,大乔,17,阵营2 胜利,"狂铁,杨玉环,蒙犽,镜,张良","元歌,嫦娥,苍,马超,大乔"
张良,大乔,18,阵营2 胜利,"老夫子,杨玉环,虞姬,诸葛亮,大乔","孙策,沈梦溪,蚩奼,云中君,张良"
张良,大乔,19,阵营2 胜利,"蒙恬,女娲,蚩奼,赵云,张良","达摩,沈梦溪,戈娅,兰陵王,大乔"
张良,苏烈,1,阵营1 胜利,"老夫子,不知火舞,公孙离,猪八戒,苏烈","达摩,弈星,蚩奼,马超,张良"
张良,苏烈,2,阵营1 胜利,"影,武则天,敖隐,兰陵王,苏烈","廉颇,干将莫邪,后羿,元流之子(刺客),张良"
张良,苏烈,3,阵营1 胜利,"项羽,弈星,孙尚香,盘古,张良","狂铁,武则天,公孙离,孙悟空,苏烈"
张良,苏烈,4,阵营2 胜利,"花木兰,嫦娥,公孙离,大司命,苏烈","杨戬,甄姬,艾琳,橘右京,张良"
张良,苏烈,5,阵营1 胜利,"马超,小乔,元流之子(射手),铠,张良","司空震,女娲,蚩奼,镜,苏烈"
张良,苏烈,6,阵营2 胜利,"老夫子,杨玉环,戈娅,裴擒虎,苏烈","蒙恬,女娲,元流之子(射手),暃,张良"
张良,苏烈,7,阵营1 胜利,"马超,杨玉环,孙尚香,猪八戒,张良","哪吒,女娲,蚩奼,百里玄策,苏烈"
张良,苏烈,8,阵营1 胜利,"哪吒,高渐离,元流之子(射手),刘备,张良","蚩奼,嫦娥,李信,大司命,苏烈"
张良,苏烈,9,阵营2 胜利,"元歌,沈梦溪,马可波罗,云缨,张良","影,干将莫邪,敖隐,阿古朵,苏烈"
张良,苏烈,10,阵营1 胜利,"哪吒,甄姬,狄仁杰,云缨,张良","司空震,大乔,蚩奼,盘古,苏烈"
张良,苏烈,11,阵营1 胜利,"马超,西施,虞姬,镜,苏烈","达摩,海月,公孙离,雅典娜,张良"
张良,苏烈,12,阵营2 胜利,"曹操,西施,后羿,宫本武藏,张良","影,小乔,元流之子(射手),典韦,苏烈"
张良,苏烈,13,阵营1 胜利,"影,武则天,孙尚香,橘右京,苏烈","曹操,杨玉环,蚩奼,云缨,张良"
张良,苏烈,14,阵营1 胜利,"曹操,诸葛亮,蚩奼,孙悟空,张良","花木兰,嫦娥,孙权,杨戬,苏烈"
张良,苏烈,15,阵营1 胜利,"芈月,不知火舞,蚩奼,马超,张良","影,上官婉儿,戈娅,镜,苏烈"
张良,苏烈,16,阵营2 胜利,"司空震,女娲,元歌,阿古朵,张良","夏洛特,杨玉环,元流之子(射手),裴擒虎,苏烈"
张良,苏烈,17,阵营1 胜利,"马超,诸葛亮,元流之子(射手),猪八戒,苏烈","关羽,大乔,敖隐,孙悟空,张良"
张良,苏烈,18,阵营1 胜利,"曹操,沈梦溪,戈娅,杨戬,苏烈","蒙恬,弈星,元流之子(射手),裴擒虎,张良"
张良,苏烈,19,阵营1 胜利,"项羽,不知火舞,司空震,司马懿,张良","姬小满,小乔,蚩奼,韩信,苏烈"
张良,明世隐,1,阵营2 胜利,"狂铁,甄姬,元流之子(射手),裴擒虎,张良","关羽,杨玉环,狄仁杰,李白,明世隐"
张良,明世隐,2,阵营1 胜利,"马超,海诺,李信,云中君,张良","司空震,诸葛亮,狄仁杰,宫本武藏,明世隐"
张良,明世隐,3,阵营2 胜利,"马超,诸葛亮,戈娅,盘古,张良","老夫子,女娲,元流之子(射手),孙悟空,明世隐"
张良,明世隐,4,阵营2 胜利,"狂铁,元流之子(法师),敖隐,马超,张良","司空震,沈梦溪,元流之子(射手),铠,明世隐"
张良,明世隐,5,阵营1 胜利,"兰陵王,沈梦溪,李信,大司命,张良","影,貂蝉,元流之子(射手),诸葛亮,明世隐"
张良,明世隐,6,阵营2 胜利,"刘邦,诸葛亮,元流之子(射手),云缨,明世隐","曹操,杨玉环,戈娅,铠,张良"
张良,明世隐,7,阵营1 胜利,"狂铁,安琪拉,戈娅,典韦,张良","吕布,嫦娥,狄仁杰,云中君,明世隐"
张良,明世隐,8,阵营2 胜利,"曹操,诸葛亮,李信,铠,明世隐","司空震,小乔,孙权,曜,张良"
张良,明世隐,9,阵营1 胜利,"杨戬,小乔,元流之子(射手),典韦,明世隐","司空震,大乔,李信,云缨,张良"
张良,明世隐,10,阵营1 胜利,"元歌,周瑜,蒙犽,铠,张良","亚瑟,安琪拉,戈娅,哪吒,明世隐"
张良,明世隐,11,阵营1 胜利,"曹操,嫦娥,敖隐,橘右京,明世隐","司空震,沈梦溪,苍,杨戬,张良"
张良,明世隐,12,阵营1 胜利,"刘邦,不知火舞,敖隐,暃,明世隐","程咬金,貂蝉,孙权,百里玄策,张良"
张良,明世隐,13,阵营1 胜利,"芈月,女娲,敖隐,盘古,张良","苏烈,高渐离,元流之子(射手),孙悟空,明世隐"
张良,明世隐,14,阵营2 胜利,"蒙恬,诸葛亮,蚩奼,李信,明世隐","狂铁,小乔,苍,韩信,张良"
张良,明世隐,15,阵营1 胜利,"曹操,大乔,敖隐,杨戬,张良","白起,嫦娥,蒙犽,赵云,明世隐"
张良,明世隐,16,阵营2 胜利,"元歌,女娲,虞姬,裴擒虎,明世隐","梦奇,墨子,蚩奼,百里玄策,张良"
张良,明世隐,17,阵营1 胜利,"马超,甄姬,孙尚香,赵云,明世隐","狂铁,不知火舞,孙权,韩信,张良"
张良,明世隐,18,阵营1 胜利,"亚连,不知火舞,敖隐,镜,张良","老夫子,杨玉环,元流之子(射手),典韦,明世隐"
张良,明世隐,19,阵营2 胜利,"蚩奼,貂蝉,伽罗,云缨,明世隐","狂铁,海月,鲁班七号,诸葛亮,张良"
张良,瑶,1,阵营2 胜利,"蚩奼,杨玉环,虞姬,韩信,张良","影,女娲,元流之子(射手),镜,瑶"
张良,瑶,2,阵营1 胜利,"关羽,不知火舞,元流之子(射手),曹操,张良","狂铁,嫦娥,敖隐,橘右京,瑶"
张良,瑶,3,阵营1 胜利,"狂铁,沈梦溪,蚩奼,孙悟空,瑶","司空震,貂蝉,戈娅,镜,张良"
张良,瑶,4,阵营2 胜利,"程咬金,沈梦溪,敖隐,马超,瑶","亚瑟,高渐离,虞姬,李白,张良"
张良,瑶,5,阵营1 胜利,"马超,大乔,元流之子(射手),盘古,张良","元歌,沈梦溪,公孙离,孙悟空,瑶"
张良,瑶,6,阵营2 胜利,"元歌,安琪拉,百里守约,曹操,张良","姬小满,上官婉儿,公孙离,百里玄策,瑶"
张良,瑶,7,阵营2 胜利,"曹操,大乔,敖隐,赵云,张良","哪吒,沈梦溪,元流之子(射手),孙悟空,瑶"
张良,瑶,8,阵营2 胜利,"东皇太一,沈梦溪,敖隐,镜,张良","曹操,海月,苍,宫本武藏,瑶"
张良,瑶,9,阵营2 胜利,"司空震,小乔,元流之子(射手),孙悟空,张良","蒙恬,嫦娥,孙权,李白,瑶"
张良,瑶,10,阵营2 胜利,"哪吒,沈梦溪,戈娅,司马懿,张良","白起,诸葛亮,蚩奼,赵云,瑶"
张良,瑶,11,阵营1 胜利,"司空震,甄姬,元流之子(射手),杨戬,瑶","达摩,海诺,蚩奼,铠,张良"
张良,瑶,12,阵营2 胜利,"影,米莱狄,苍,百里玄策,瑶","廉颇,女娲,狄仁杰,暃,张良"
张良,瑶,13,阵营1 胜利,"芈月,安琪拉,敖隐,典韦,张良","蚩奼,不知火舞,戈娅,暃,瑶"
张良,瑶,14,阵营1 胜利,"元歌,海月,虞姬,云缨,张良","蚩奼,杨玉环,元流之子(射手),孙悟空,瑶"
张良,瑶,15,阵营1 胜利,"曹操,杨玉环,公孙离,马超,瑶","关羽,沈梦溪,元流之子(射手),镜,张良"
张良,瑶,16,阵营1 胜利,"花木兰,诸葛亮,李信,橘右京,张良","曹操,武则天,蚩奼,韩信,瑶"
张良,瑶,17,阵营2 胜利,"孙策,海诺,虞姬,马超,瑶","哪吒,嬴政,蚩奼,元流之子(刺客),张良"
张良,瑶,18,阵营1 胜利,"蚩奼,嫦娥,敖隐,韩信,张良","狂铁,海诺,戈娅,马超,瑶"
张良,瑶,19,阵营2 胜利,"影,高渐离,蚩奼,孙悟空,张良","曹操,沈梦溪,李信,马超,瑶"
张良,盾山,1,阵营1 胜利,"元歌,西施,李信,兰陵王,盾山","花木兰,杨玉环,伽罗,裴擒虎,张良"
张良,盾山,2,阵营1 胜利,"亚瑟,武则天,敖隐,阿古朵,盾山","雅典娜,诸葛亮,蚩奼,暃,张良"
张良,盾山,3,阵营1 胜利,"曹操,女娲,戈娅,典韦,张良","狂铁,嫦娥,狄仁杰,哪吒,盾山"
张良,盾山,4,阵营2 胜利,"狂铁,干将莫邪,艾琳,元流之子(刺客),张良","夏洛特,妲己,后羿,诸葛亮,盾山"
张良,盾山,5,阵营2 胜利,"哪吒,嫦娥,元流之子(射手),澜,张良","芈月,沈梦溪,虞姬,阿古朵,盾山"
张良,盾山,6,阵营1 胜利,"大司命,沈梦溪,元流之子(射手),韩信,张良","白起,不知火舞,蚩奼,哪吒,盾山"
张良,盾山,7,阵营1 胜利,"司空震,沈梦溪,蚩奼,阿轲,盾山","关羽,甄姬,戈娅,裴擒虎,张良"
张良,盾山,8,阵营1 胜利,"影,西施,艾琳,大司命,盾山","狂铁,武则天,公孙离,镜,张良"
张良,盾山,9,阵营2 胜利,"影,嫦娥,鲁班七号,铠,张良","关羽,武则天,元流之子(射手),镜,盾山"
张良,盾山,10,阵营1 胜利,"曹操,海月,孙尚香,镜,盾山","老夫子,高渐离,蚩奼,韩信,张良"
张良,盾山,11,阵营2 胜利,"哪吒,不知火舞,元流之子(射手),马超,张良","影,小乔,艾琳,裴擒虎,盾山"
张良,盾山,12,阵营1 胜利,"哪吒,不知火舞,敖隐,典韦,张良","姬小满,诸葛亮,狄仁杰,镜,盾山"
张良,盾山,13,阵营1 胜利,"嫦娥,周瑜,蚩奼,兰陵王,盾山","白起,武则天,虞姬,橘右京,张良"
张良,盾山,14,阵营2 胜利,"夏洛特,小乔,蚩奼,司马懿,盾山","老夫子,嫦娥,戈娅,杨戬,张良"
张良,盾山,15,阵营2 胜利,"马超,王昭君,李信,橘右京,张良","司空震,西施,艾琳,哪吒,盾山"
张良,盾山,16,阵营2 胜利,"猪八戒,沈梦溪,虞姬,百里玄策,盾山","狂铁,嫦娥,狄仁杰,盘古,张良"
张良,盾山,17,阵营1 胜利,"狂铁,大乔,元流之子(射手),马超,张良","达摩,高渐离,艾琳,裴擒虎,盾山"
张良,盾山,18,阵营2 胜利,"廉颇,女娲,元流之子(射手),雅典娜,盾山","元流之子(坦克),海月,戈娅,盘古,张良"
张良,盾山,19,阵营1 胜利,"老夫子,上官婉儿,元流之子(射手),大司命,盾山","哪吒,大乔,蚩奼,镜,张良"
张良,西施,1,阵营2 胜利,"亚瑟,海月,敖隐,兰陵王,西施","老夫子,不知火舞,虞姬,司马懿,张良"
张良,西施,2,阵营1 胜利,"狂铁,大乔,李信,哪吒,张良","蚩奼,不知火舞,敖隐,赵云,西施"
张良,西施,3,阵营1 胜利,"杨戬,女娲,元流之子(射手),裴擒虎,张良","刘邦,嫦娥,狄仁杰,孙悟空,西施"
张良,西施,4,阵营1 胜利,"影,干将莫邪,戈娅,刘备,张良","司空震,诸葛亮,蚩奼,孙悟空,西施"
张良,西施,5,阵营2 胜利,"影,金蝉,蚩奼,裴擒虎,西施","元歌,海月,虞姬,镜,张良"
张良,西施,6,阵营2 胜利,"亚瑟,不知火舞,戈娅,司马懿,西施","老夫子,安琪拉,公孙离,裴擒虎,张良"
张良,西施,7,阵营2 胜利,"曹操,武则天,蚩奼,诸葛亮,张良","芈月,弈星,戈娅,赵怀真,西施"
张良,西施,8,阵营1 胜利,"芈月,貂蝉,元流之子(射手),阿古朵,张良","司空震,高渐离,百里守约,云中君,西施"
张良,西施,9,阵营2 胜利,"花木兰,女娲,元流之子(射手),赵云,张良","夏洛特,海月,苍,娜可露露,西施"
张良,西施,10,阵营1 胜利,"关羽,女娲,狄仁杰,马超,张良","蚩奼,海月,孙权,镜,西施"
张良,西施,11,阵营1 胜利,"夏洛特,貂蝉,孙权,猪八戒,张良","刘邦,海月,元流之子(射手),娜可露露,西施"
张良,西施,12,阵营1 胜利,"花木兰,嫦娥,元流之子(射手),裴擒虎,张良","吕布,沈梦溪,李元芳,云缨,西施"
张良,西施,13,阵营2 胜利,"影,海月,狄仁杰,韩信,张良","哪吒,元流之子(法师),阿古朵,镜,西施"
张良,西施,14,阵营2 胜利,"嫦娥,小乔,后羿,铠,张良","马超,杨玉环,公孙离,赵云,西施"
张良,西施,15,阵营1 胜利,"蚩奼,小乔,戈娅,暃,西施","司空震,女娲,元流之子(射手),阿古朵,张良"
张良,西施,16,阵营1 胜利,"元歌,大乔,戈娅,马超,张良","芈月,女娲,狄仁杰,百里玄策,西施"
张良,西施,17,阵营1 胜利,"蒙恬,不知火舞,元流之子(射手),裴擒虎,张良","老夫子,沈梦溪,狄仁杰,典韦,西施"
张良,西施,18,阵营1 胜利,"哪吒,元流之子(法师),黄忠,铠,张良","司空震,女娲,孙权,百里玄策,西施"
张良,鲁班大师,1,阵营2 胜利,"杨戬,貂蝉,元流之子(射手),裴擒虎,鲁班大师","元歌,沈梦溪,狄仁杰,赵云,张良"
张良,鲁班大师,2,阵营1 胜利,"蚩奼,小乔,元流之子(射手),孙悟空,张良","哪吒,不知火舞,莱西奥,韩信,鲁班大师"
张良,鲁班大师,3,阵营2 胜利,"狂铁,海诺,蚩奼,暃,鲁班大师","关羽,诸葛亮,戈娅,李白,张良"
张良,鲁班大师,4,阵营2 胜利,"关羽,甄姬,虞姬,露娜,张良","达摩,沈梦溪,元流之子(射手),宫本武藏,鲁班大师"
张良,鲁班大师,5,阵营2 胜利,"哪吒,沈梦溪,敖隐,大司命,张良","影,海诺,元流之子(射手),云缨,鲁班大师"
张良,鲁班大师,6,阵营2 胜利,"项羽,沈梦溪,孙权,露娜,鲁班大师","姬小满,不知火舞,阿古朵,暃,张良"
张良,鲁班大师,7,阵营2 胜利,"老夫子,不知火舞,后羿,元流之子(刺客),鲁班大师","白起,上官婉儿,艾琳,诸葛亮,张良"
张良,鲁班大师,8,阵营2 胜利,"马超,甄姬,戈娅,阿古朵,鲁班大师","司空震,安琪拉,孙尚香,镜,张良"
张良,鲁班大师,9,阵营2 胜利,"蚩奼,甄姬,戈娅,马超,鲁班大师","老夫子,沈梦溪,虞姬,阿古朵,张良"
张良,鲁班大师,10,阵营1 胜利,"花木兰,嫦娥,李信,宫本武藏,鲁班大师","蒙恬,杨玉环,蒙犽,阿古朵,张良"
张良,鲁班大师,11,阵营1 胜利,"狂铁,不知火舞,苍,司马懿,张良","元歌,海诺,元流之子(射手),裴擒虎,鲁班大师"
张良,鲁班大师,12,阵营2 胜利,"元歌,诸葛亮,黄忠,裴擒虎,鲁班大师","狂铁,小乔,敖隐,镜,张良"
张良,鲁班大师,13,阵营1 胜利,"哪吒,貂蝉,敖隐,韩信,鲁班大师","曹操,墨子,元流之子(射手),百里玄策,张良"
张良,鲁班大师,14,阵营2 胜利,"元歌,嫦娥,孙权,百里玄策,张良","曹操,海月,元流之子(射手),暃,鲁班大师"
张良,鲁班大师,15,阵营2 胜利,"哪吒,嫦娥,公孙离,司马懿,鲁班大师","关羽,安琪拉,李信,镜,张良"
张良,鲁班大师,16,阵营2 胜利,"司空震,大乔,蚩奼,铠,张良","哪吒,貂蝉,鲁班七号,橘右京,鲁班大师"
张良,鲁班大师,17,阵营1 胜利,"花木兰,大乔,苍,暃,张良","梦奇,沈梦溪,蚩奼,诸葛亮,鲁班大师"
张良,鲁班大师,18,阵营1 胜利,"元歌,嫦娥,元流之子(射手),诸葛亮,鲁班大师","狂铁,不知火舞,戈娅,百里玄策,张良"
张良,鲁班大师,19,阵营2 胜利,"哪吒,高渐离,李信,赵云,张良","曹操,貂蝉,元流之子(射手),阿古朵,鲁班大师"
张良,桑启,1,阵营1 胜利,"影,甄姬,鲁班七号,百里玄策,桑启","孙策,小乔,元流之子(射手),赵云,张良"
张良,桑启,2,阵营2 胜利,"夏洛特,沈梦溪,虞姬,阿轲,张良","哪吒,海月,后羿,露娜,桑启"
张良,桑启,3,阵营2 胜利,"哪吒,海诺,戈娅,猪八戒,张良","姬小满,嫦娥,公孙离,大司命,桑启"
张良,桑启,4,阵营1 胜利,"影,女娲,虞姬,司马懿,桑启","蚩奼,武则天,黄忠,百里玄策,张良"
张良,桑启,5,阵营1 胜利,"司空震,小乔,孙权,裴擒虎,张良","狂铁,沈梦溪,元流之子(射手),铠,桑启"
张良,桑启,6,阵营2 胜利,,未集齐10人
张良,桑启,7,阵营2 胜利,,未集齐10人
张良,桑启,8,阵营2 胜利,"元歌,影,诸葛亮,司空震,哪吒","影,张良,狂铁,王昭君,公孙离"
张良,桑启,9,阵营2 胜利,"狂铁,沈梦溪,戈娅,露娜,张良","老夫子,不知火舞,后羿,橘右京,桑启"
张良,桑启,10,阵营1 胜利,"老夫子,海月,虞姬,露娜,张良","马超,诸葛亮,艾琳,韩信,桑启"
张良,桑启,11,阵营2 胜利,"狂铁,杨玉环,蒙犽,韩信,张良","花木兰,上官婉儿,元流之子(射手),娜可露露,桑启"
张良,桑启,12,阵营2 胜利,"哪吒,海诺,戈娅,大司命,桑启","影,甄姬,元流之子(射手),镜,张良"
张良,桑启,13,阵营1 胜利,"哪吒,女娲,公孙离,赵云,桑启","元歌,不知火舞,李信,露娜,张良"
张良,桑启,14,阵营2 胜利,"蒙恬,嫦娥,后羿,孙悟空,桑启","曹操,沈梦溪,戈娅,裴擒虎,张良"
张良,桑启,15,阵营1 胜利,"哪吒,蚩奼,暃,桑启,亚瑟,干将莫邪,虞姬,司马懿,张良",未集齐10人
张良,桑启,16,阵营1 胜利,"芈月,女娲,敖隐,阿古朵,桑启","花木兰,沈梦溪,元流之子(射手),镜,张良"
张良,桑启,17,阵营2 胜利,"杨戬,安琪拉,蚩奼,百里玄策,张良","孙策,嫦娥,戈娅,典韦,桑启"
张良,桑启,18,阵营2 胜利,"蒙恬,诸葛亮,蚩奼,兰陵王,桑启","元歌,安琪拉,孙权,元流之子(刺客),张良"
张良,桑启,19,阵营1 胜利,"曹操,王昭君,元流之子(射手),铠,张良","花木兰,嫦娥,虞姬,夏侯惇,桑启"
张良,赵怀真,1,阵营1 胜利,"关羽,嫦娥,孙权,孙悟空,张良","兰陵王,沈梦溪,戈娅,大司命,赵怀真"
张良,赵怀真,2,阵营1 胜利,"马超,诸葛亮,公孙离,橘右京,张良","哪吒,西施,蚩奼,裴擒虎,赵怀真"
张良,赵怀真,3,阵营2 胜利,"关羽,不知火舞,敖隐,雅典娜,张良","貂蝉,嫦娥,苍,孙悟空,赵怀真"
张良,赵怀真,4,阵营1 胜利,"司空震,貂蝉,敖隐,裴擒虎,赵怀真","马超,姜子牙,元流之子(射手),镜,张良"
张良,赵怀真,5,阵营2 胜利,"孙策,弈星,孙权,裴擒虎,赵怀真","哪吒,小乔,戈娅,孙悟空,张良"
张良,赵怀真,6,阵营1 胜利,"影,沈梦溪,公孙离,镜,张良","关羽,诸葛亮,元流之子(射手),雅典娜,赵怀真"
张良,赵怀真,7,阵营1 胜利,"影,女娲,李信,宫本武藏,赵怀真","孙策,诸葛亮,元流之子(射手),百里玄策,张良"
张良,赵怀真,8,阵营1 胜利,"曹操,安琪拉,蚩奼,猪八戒,赵怀真","哪吒,上官婉儿,公孙离,暃,张良"
张良,赵怀真,9,阵营1 胜利,"曹操,海月,公孙离,暃,张良","白起,诸葛亮,狄仁杰,韩信,赵怀真"
张良,赵怀真,10,阵营2 胜利,"马超,沈梦溪,元流之子(射手),暃,赵怀真","白起,嬴政,戈娅,孙悟空,张良"
张良,赵怀真,11,阵营2 胜利,"姬小满,沈梦溪,敖隐,镜,张良","老夫子,杨玉环,苍,云缨,赵怀真"
张良,赵怀真,12,阵营2 胜利,"关羽,小乔,百里守约,马超,张良","老夫子,上官婉儿,元流之子(射手),云缨,赵怀真"
张良,赵怀真,13,阵营2 胜利,"狂铁,武则天,戈娅,橘右京,张良","司空震,沈梦溪,百里守约,裴擒虎,赵怀真"
张良,赵怀真,14,阵营2 胜利,"孙策,诸葛亮,元流之子(射手),孙悟空,张良","曹操,杨玉环,蚩奼,哪吒,赵怀真"
张良,赵怀真,15,阵营2 胜利,"哪吒,沈梦溪,后羿,马超,张良","元歌,不知火舞,狄仁杰,杨戬,赵怀真"
张良,赵怀真,16,阵营1 胜利,"狂铁,沈梦溪,公孙离,橘右京,赵怀真","孙策,女娲,后羿,曹操,张良"
张良,赵怀真,17,阵营1 胜利,"影,王昭君,敖隐,镜,张良","蒙恬,女娲,李信,裴擒虎,赵怀真"
张良,赵怀真,18,阵营2 胜利,"狂铁,沈梦溪,虞姬,暃,张良","元歌,甄姬,艾琳,阿古朵,赵怀真"
张良,赵怀真,19,阵营1 胜利,"马超,不知火舞,蚩奼,橘右京,赵怀真","狂铁,貂蝉,元流之子(射手),裴擒虎,张良"
张良,空空儿,1,阵营1 胜利,"司空震,沈梦溪,阿古朵,典韦,张良","元歌,貂蝉,戈娅,嫦娥,空空儿"
张良,空空儿,2,阵营1 胜利,"程咬金,沈梦溪,元流之子(射手),镜,张良","芈月,不知火舞,公孙离,马超,空空儿"
张良,空空儿,3,阵营1 胜利,"狂铁,西施,司空震,镜,张良","马超,武则天,孙权,暃,空空儿"
张良,空空儿,4,阵营2 胜利,"马超,海诺,莱西奥,孙悟空,空空儿","哪吒,杨玉环,孙尚香,澜,张良"
张良,空空儿,5,阵营2 胜利,"夏洛特,高渐离,元流之子(射手),云缨,空空儿","达摩,沈梦溪,敖隐,暃,张良"
张良,空空儿,6,阵营2 胜利,"狂铁,大乔,公孙离,暃,空空儿","元歌,沈梦溪,蚩奼,娜可露露,张良"
张良,空空儿,7,阵营2 胜利,"影,不知火舞,戈娅,大司命,空空儿","狂铁,诸葛亮,元流之子(射手),云缨,张良"
张良,空空儿,8,阵营2 胜利,"孙策,西施,鲁班七号,镜,张良","关羽,海诺,孙尚香,云缨,空空儿"
张良,空空儿,9,阵营2 胜利,"影,沈梦溪,元流之子(射手),镜,张良","蚩奼,不知火舞,后羿,裴擒虎,空空儿"
张良,空空儿,10,阵营1 胜利,"程咬金,嫦娥,蚩奼,云中君,空空儿","姬小满,沈梦溪,元流之子(射手),露娜,张良"
张良,空空儿,11,阵营1 胜利,"哪吒,安琪拉,孙权,镜,张良","老夫子,高渐离,莱西奥,露娜,空空儿"
张良,空空儿,12,阵营2 胜利,"亚瑟,不知火舞,敖隐,司马懿,空空儿","老夫子,小乔,戈娅,韩信,张良"
张良,空空儿,13,阵营2 胜利,"狂铁,女娲,公孙离,大司命,空空儿","影,王昭君,虞姬,盘古,张良"
张良,空空儿,14,阵营1 胜利,"曹操,上官婉儿,元流之子(射手),司马懿,空空儿","狂铁,沈梦溪,公孙离,镜,张良"
张良,空空儿,15,阵营1 胜利,"元歌,貂蝉,公孙离,典韦,张良","吕布,不知火舞,蚩奼,暃,空空儿"
张良,空空儿,16,阵营1 胜利,"影,海诺,元流之子(射手),刘备,空空儿","程咬金,嬴政,公孙离,镜,张良"
张良,空空儿,17,阵营2 胜利,"蒙恬,杨玉环,敖隐,云缨,张良","狂铁,小乔,虞姬,哪吒,空空儿"
张良,空空儿,18,阵营2 胜利,"哪吒,米莱狄,元流之子(射手),百里玄策,空空儿","亚瑟,王昭君,虞姬,阿古朵,张良"
张良,空空儿,19,阵营2 胜利,"曹操,干将莫邪,蚩奼,铠,张良","猪八戒,海诺,李信,百里玄策,空空儿"
张良,少司缘,1,阵营1 胜利,"哪吒,西施,伽罗,宫本武藏,张良","影,海月,虞姬,铠,少司缘"
张良,少司缘,2,阵营1 胜利,"影,大乔,李信,猪八戒,少司缘","马超,米莱狄,孙权,裴擒虎,张良"
张良,少司缘,3,阵营1 胜利,"花木兰,上官婉儿,公孙离,韩信,张良","老夫子,嫦娥,孙权,孙悟空,少司缘"
张良,少司缘,4,阵营2 胜利,"影,嫦娥,戈娅,宫本武藏,少司缘","哪吒,干将莫邪,阿古朵,橘右京,张良"
张良,少司缘,5,阵营1 胜利,"马超,嫦娥,蚩奼,百里玄策,张良","狂铁,貂蝉,孙权,裴擒虎,少司缘"
张良,少司缘,6,阵营1 胜利,"司空震,安琪拉,蚩奼,宫本武藏,少司缘","狂铁,西施,苍,裴擒虎,张良"
张良,少司缘,7,阵营1 胜利,"夏洛特,小乔,蚩奼,哪吒,少司缘","狂铁,沈梦溪,元流之子(射手),百里玄策,张良"
张良,少司缘,8,阵营1 胜利,"姬小满,诸葛亮,苍,韩信,张良","元歌,不知火舞,元流之子(射手),兰陵王,少司缘"
张良,少司缘,9,阵营1 胜利,"蒙恬,不知火舞,狄仁杰,镜,张良","芈月,弈星,虞姬,云缨,少司缘"
张良,少司缘,10,阵营2 胜利,"司空震,沈梦溪,元流之子(射手),露娜,少司缘","马超,女娲,孙权,阿古朵,张良"
张良,少司缘,11,阵营1 胜利,"曹操,高渐离,艾琳,云缨,张良","杨戬,沈梦溪,百里守约,裴擒虎,少司缘"
张良,少司缘,12,阵营2 胜利,"雅典娜,甄姬,敖隐,裴擒虎,少司缘","狂铁,周瑜,虞姬,橘右京,张良"
张良,少司缘,13,阵营1 胜利,"关羽,刘邦,蚩奼,马超,张良","夏洛特,武则天,孙权,暃,少司缘"
张良,少司缘,14,阵营2 胜利,"哪吒,大乔,李信,马超,少司缘","元歌,沈梦溪,苍,娜可露露,张良"
张良,少司缘,15,阵营1 胜利,"哪吒,女娲,元流之子(射手),宫本武藏,张良","老夫子,沈梦溪,戈娅,司马懿,少司缘"
张良,少司缘,16,阵营1 胜利,"孙策,武则天,蚩奼,暃,张良","杨戬,安琪拉,元流之子(射手),阿古朵,少司缘"
张良,少司缘,17,阵营2 胜利,"孙策,安琪拉,后羿,韩信,少司缘","大司命,女娲,敖隐,阿古朵,张良"
张良,少司缘,18,阵营2 胜利,"曹操,诸葛亮,戈娅,韩信,少司缘","司空震,貂蝉,元流之子(射手),雅典娜,张良"
张良,少司缘,19,阵营2 胜利,"狂铁,甄姬,孙权,孙悟空,张良","老夫子,嫦娥,敖隐,大司命,少司缘"
张良,元流之子(坦克),1,阵营2 胜利,"曹操,干将莫邪,戈娅,云缨,张良","司空震,安琪拉,百里守约,裴擒虎,元流之子(坦克)"
张良,元流之子(坦克),2,阵营2 胜利,"亚瑟,西施,百里守约,宫本武藏,元流之子(坦克)","曹操,干将莫邪,虞姬,赵云,张良"
张良,元流之子(坦克),3,阵营2 胜利,"马超,不知火舞,艾琳,诸葛亮,元流之子(坦克)","蚩奼,小乔,苍,裴擒虎,张良"
张良,元流之子(坦克),4,阵营1 胜利,"曜,女娲,元流之子(射手),铠,张良","貂蝉,不知火舞,后羿,马超,元流之子(坦克)"
张良,元流之子(坦克),5,阵营1 胜利,"元歌,女娲,公孙离,司马懿,张良","哪吒,不知火舞,苍,阿古朵,元流之子(坦克)"
张良,元流之子(坦克),6,阵营2 胜利,"芈月,不知火舞,狄仁杰,暃,张良","司空震,沈梦溪,后羿,橘右京,元流之子(坦克)"
张良,元流之子(坦克),7,阵营1 胜利,"蒙恬,嫦娥,戈娅,典韦,元流之子(坦克)","司空震,沈梦溪,孙权,裴擒虎,张良"
张良,元流之子(坦克),8,阵营2 胜利,"曹操,甄姬,戈娅,镜,张良","关羽,小乔,百里守约,裴擒虎,元流之子(坦克)"
张良,元流之子(坦克),9,阵营1 胜利,"关羽,高渐离,蚩奼,澜,张良","哪吒,海月,公孙离,韩信,元流之子(坦克)"
张良,元流之子(坦克),10,阵营2 胜利,"马超,诸葛亮,孙权,宫本武藏,张良","司空震,弈星,后羿,橘右京,元流之子(坦克)"
张良,元流之子(坦克),11,阵营2 胜利,"杨戬,沈梦溪,蚩奼,暃,张良","影,海月,莱西奥,马超,元流之子(坦克)"
张良,元流之子(坦克),12,阵营2 胜利,"狂铁,嫦娥,元流之子(射手),裴擒虎,张良","关羽,小乔,李信,典韦,元流之子(坦克)"
张良,元流之子(坦克),13,阵营2 胜利,"元歌,大乔,虞姬,宫本武藏,元流之子(坦克)","亚连,干将莫邪,元流之子(射手),孙悟空,张良"
张良,元流之子(坦克),14,阵营1 胜利,"白起,沈梦溪,公孙离,马超,元流之子(坦克)","吕布,大乔,孙权,孙悟空,张良"
张良,元流之子(坦克),15,阵营2 胜利,"蚩奼,杨玉环,孙权,露娜,元流之子(坦克)","老夫子,王昭君,苍,典韦,张良"
张良,元流之子(坦克),16,阵营2 胜利,"曹操,貂蝉,戈娅,韩信,张良","马超,西施,蚩奼,宫本武藏,元流之子(坦克)"
张良,元流之子(坦克),17,阵营2 胜利,"狂铁,诸葛亮,公孙离,赵云,张良","蚩奼,海月,戈娅,镜,元流之子(坦克)"
张良,元流之子(坦克),18,阵营1 胜利,"马超,姜子牙,伽罗,娜可露露,元流之子(坦克)","老夫子,嬴政,戈娅,阿古朵,张良"
张良,元流之子(坦克),19,阵营2 胜利,"关羽,小乔,戈娅,露娜,张良","夏洛特,嫦娥,蚩奼,镜,元流之子(坦克)"
张良,元流之子(辅助),1,阵营2 胜利,"白起,嫦娥,艾琳,赵云,元流之子(辅助)","关羽,不知火舞,元流之子(射手),盘古,张良"
张良,元流之子(辅助),2,阵营1 胜利,"橘右京,上官婉儿,艾琳,铠,元流之子(辅助)","哪吒,女娲,元流之子(射手),阿古朵,张良"
张良,元流之子(辅助),3,阵营2 胜利,"吕布,嫦娥,虞姬,云缨,元流之子(辅助)","狂铁,王昭君,莱西奥,橘右京,张良"
张良,元流之子(辅助),4,阵营1 胜利,"狂铁,海诺,元流之子(射手),铠,张良","关羽,上官婉儿,百里守约,盘古,元流之子(辅助)"
张良,元流之子(辅助),5,阵营1 胜利,"梦奇,海诺,狄仁杰,韩信,元流之子(辅助)","哪吒,海月,戈娅,裴擒虎,张良"
张良,元流之子(辅助),6,阵营1 胜利,"关羽,甄姬,蒙犽,哪吒,张良","马超,米莱狄,艾琳,橘右京,元流之子(辅助)"
张良,元流之子(辅助),7,阵营1 胜利,"曹操,高渐离,戈娅,裴擒虎,张良","关羽,大乔,孙尚香,韩信,元流之子(辅助)"
张良,元流之子(辅助),8,阵营1 胜利,"关羽,海诺,艾琳,韩信,元流之子(辅助)","狂铁,女娲,蚩奼,大司命,张良"
张良,元流之子(辅助),9,阵营1 胜利,"蚩奼,沈梦溪,虞姬,杨戬,元流之子(辅助)","影,女娲,孙权,马超,张良"
张良,元流之子(辅助),10,阵营1 胜利,"蒙恬,沈梦溪,狄仁杰,铠,元流之子(辅助)","蚩奼,上官婉儿,元流之子(射手),孙悟空,张良"
张良,元流之子(辅助),11,阵营2 胜利,"芈月,女娲,敖隐,裴擒虎,元流之子(辅助)","元歌,安琪拉,元流之子(射手),铠,张良"
张良,元流之子(辅助),12,阵营1 胜利,"哪吒,海诺,李元芳,裴擒虎,张良","芈月,嫦娥,敖隐,猪八戒,元流之子(辅助)"
张良,元流之子(辅助),13,阵营2 胜利,"老夫子,诸葛亮,狄仁杰,铠,元流之子(辅助)","哪吒,姜子牙,戈娅,镜,张良"
张良,元流之子(辅助),14,阵营1 胜利,"兰陵王,嫦娥,元流之子(射手),马超,张良","蚩奼,弈星,苍,赵云,元流之子(辅助)"
张良,元流之子(辅助),15,阵营2 胜利,"关羽,女娲,虞姬,韩信,元流之子(辅助)","老夫子,诸葛亮,苍,马超,张良"
张良,元流之子(辅助),16,阵营1 胜利,"哪吒,貂蝉,后羿,李元芳,元流之子(辅助)","关羽,沈梦溪,李信,裴擒虎,张良"
张良,元流之子(辅助),17,阵营1 胜利,"夏洛特,大乔,敖隐,镜,张良","赵怀真,武则天,李信,韩信,元流之子(辅助)"
张良,元流之子(辅助),18,阵营2 胜利,"吕布,沈梦溪,公孙离,露娜,元流之子(辅助)","曹操,小乔,虞姬,梦奇,张良"
张良,元流之子(辅助),19,阵营2 胜利,"花木兰,不知火舞,敖隐,露娜,元流之子(辅助)","蒙恬,女娲,元流之子(射手),云缨,张良"
朵莉亚,牛魔,1,阵营2 胜利,"狂铁,海月,元流之子(射手),司马懿,朵莉亚","杨戬,女娲,蚩奼,马超,牛魔"
朵莉亚,牛魔,2,阵营1 胜利,"司空震,诸葛亮,敖隐,橘右京,朵莉亚","姬小满,小乔,公孙离,裴擒虎,牛魔"
朵莉亚,牛魔,3,阵营1 胜利,,未集齐10人
朵莉亚,牛魔,4,阵营1 胜利,,未集齐10人
朵莉亚,牛魔,5,阵营2 胜利,"曹操,小乔,李信,孙悟空,朵莉亚","孙策,海诺,后羿,百里玄策,牛魔"
朵莉亚,牛魔,6,阵营1 胜利,"马超,甄姬,元流之子(射手),铠,牛魔","孙策,上官婉儿,蚩奼,镜,朵莉亚"
朵莉亚,牛魔,7,阵营1 胜利,"影,嫦娥,元流之子(射手),韩信,朵莉亚","老夫子,甄姬,后羿,曹操,牛魔"
朵莉亚,牛魔,8,阵营2 胜利,"狂铁,貂蝉,公孙离,橘右京,朵莉亚","曹操,不知火舞,孙权,马超,牛魔"
朵莉亚,牛魔,9,阵营1 胜利,"狂铁,女娲,蚩奼,韩信,牛魔","司空震,海月,元流之子(射手),马超,朵莉亚"
朵莉亚,牛魔,10,阵营2 胜利,"影,弈星,狄仁杰,铠,朵莉亚","花木兰,西施,虞姬,韩信,牛魔"
朵莉亚,牛魔,11,阵营1 胜利,"海诺,甄姬,公孙离,马超,牛魔","影,不知火舞,戈娅,杨戬,朵莉亚"
朵莉亚,牛魔,12,阵营2 胜利,"老夫子,女娲,元流之子(射手),孙悟空,朵莉亚","蚩奼,小乔,公孙离,娜可露露,牛魔"
朵莉亚,牛魔,13,阵营1 胜利,"马超,弈星,李信,镜,牛魔","影,沈梦溪,元流之子(射手),露娜,朵莉亚"
朵莉亚,牛魔,14,阵营2 胜利,"蒙恬,女娲,蚩奼,大司命,牛魔","哪吒,貂蝉,马可波罗,镜,朵莉亚"
朵莉亚,牛魔,15,阵营1 胜利,"吕布,女娲,公孙离,梦奇,牛魔","哪吒,嫦娥,戈娅,司马懿,朵莉亚"
朵莉亚,牛魔,16,阵营2 胜利,"元歌,小乔,戈娅,百里玄策,牛魔","蒙恬,甄姬,元流之子(射手),李元芳,朵莉亚"
朵莉亚,牛魔,17,阵营2 胜利,"狂铁,小乔,芈月,裴擒虎,朵莉亚","元歌,不知火舞,李信,阿古朵,牛魔"
朵莉亚,牛魔,18,阵营1 胜利,"元歌,女娲,元流之子(射手),铠,牛魔","司空震,上官婉儿,蚩奼,韩信,朵莉亚"
朵莉亚,牛魔,19,阵营2 胜利,"曹操,小乔,孙权,铠,朵莉亚","夏洛特,貂蝉,苍,赵云,牛魔"
朵莉亚,张飞,1,阵营2 胜利,"赵怀真,女娲,蚩奼,宫本武藏,朵莉亚","司空震,妲己,伽罗,娜可露露,张飞"
朵莉亚,张飞,2,阵营2 胜利,"狂铁,女娲,黄忠,哪吒,张飞","吕布,武则天,元流之子(射手),韩信,朵莉亚"
朵莉亚,张飞,3,阵营2 胜利,"狂铁,诸葛亮,戈娅,澜,张飞","蒙恬,嫦娥,百里守约,云缨,朵莉亚"
朵莉亚,张飞,4,阵营2 胜利,"关羽,诸葛亮,后羿,元流之子(刺客),朵莉亚","哪吒,嫦娥,元流之子(射手),阿古朵,张飞"
朵莉亚,张飞,5,阵营2 胜利,"老夫子,小乔,戈娅,诸葛亮,朵莉亚","芈月,安琪拉,公孙离,雅典娜,张飞"
朵莉亚,张飞,6,阵营1 胜利,"夏洛特,嬴政,元流之子(射手),赵云,张飞","影,王昭君,孙权,杨戬,朵莉亚"
朵莉亚,张飞,7,阵营1 胜利,"哪吒,甄姬,虞姬,马超,朵莉亚","白起,大乔,戈娅,诸葛亮,张飞"
朵莉亚,张飞,8,阵营2 胜利,"司空震,不知火舞,戈娅,阿轲,朵莉亚","花木兰,上官婉儿,元流之子(射手),铠,张飞"
朵莉亚,张飞,9,阵营1 胜利,"杨戬,小乔,戈娅,暃,朵莉亚","元歌,上官婉儿,公孙离,百里玄策,张飞"
朵莉亚,张飞,10,阵营2 胜利,"蒙恬,小乔,戈娅,李白,朵莉亚","姬小满,女娲,元流之子(射手),李元芳,张飞"
朵莉亚,张飞,11,阵营1 胜利,"老夫子,女娲,莱西奥,暃,朵莉亚","姬小满,诸葛亮,公孙离,露娜,张飞"
朵莉亚,张飞,12,阵营2 胜利,"哪吒,沈梦溪,元流之子(射手),阿轲,张飞","蚩奼,海诺,后羿,云缨,朵莉亚"
朵莉亚,张飞,13,阵营2 胜利,"狂铁,貂蝉,元流之子(射手),韩信,朵莉亚","亚连,嫦娥,孙权,刘备,张飞"
朵莉亚,张飞,14,阵营1 胜利,"司空震,海诺,后羿,百里玄策,朵莉亚","影,上官婉儿,蚩奼,暃,张飞"
朵莉亚,张飞,15,阵营1 胜利,"狂铁,高渐离,蚩奼,韩信,朵莉亚","海诺,元流之子(法师),戈娅,李元芳,张飞"
朵莉亚,张飞,16,阵营1 胜利,"曹操,杨玉环,虞姬,诸葛亮,朵莉亚","哪吒,高渐离,孙权,孙悟空,张飞"
朵莉亚,张飞,17,阵营2 胜利,"老夫子,沈梦溪,敖隐,云缨,朵莉亚","狂铁,大乔,孙尚香,镜,张飞"
朵莉亚,张飞,18,阵营1 胜利,"狂铁,不知火舞,敖隐,铠,张飞","马超,弈星,公孙离,阿古朵,朵莉亚"
朵莉亚,张飞,19,阵营1 胜利,"白起,大乔,元流之子(射手),云中君,朵莉亚","程咬金,甄姬,苍,李白,张飞"
朵莉亚,钟馗,1,阵营1 胜利,"司空震,上官婉儿,敖隐,韩信,朵莉亚","曹操,貂蝉,元流之子(射手),哪吒,钟馗"
朵莉亚,钟馗,2,阵营1 胜利,"影,不知火舞,戈娅,韩信,钟馗","花木兰,安琪拉,公孙离,云中君,朵莉亚"
朵莉亚,钟馗,3,阵营1 胜利,"关羽,沈梦溪,元流之子(射手),暃,钟馗","亚瑟,海月,戈娅,宫本武藏,朵莉亚"
朵莉亚,钟馗,4,阵营1 胜利,"老夫子,高渐离,莱西奥,暃,朵莉亚","哪吒,小乔,艾琳,孙悟空,钟馗"
朵莉亚,钟馗,5,阵营2 胜利,"狂铁,沈梦溪,元流之子(射手),云中君,朵莉亚","关羽,诸葛亮,虞姬,裴擒虎,钟馗"
朵莉亚,钟馗,6,阵营2 胜利,"白起,嫦娥,蚩奼,橘右京,朵莉亚","关羽,海诺,苍,裴擒虎,钟馗"
朵莉亚,钟馗,7,阵营2 胜利,"关羽,高渐离,元流之子(射手),刘备,朵莉亚","孙策,沈梦溪,公孙离,裴擒虎,钟馗"
朵莉亚,钟馗,8,阵营2 胜利,"马超,安琪拉,蚩奼,盘古,朵莉亚","司空震,嬴政,元流之子(射手),大司命,钟馗"
朵莉亚,钟馗,9,阵营2 胜利,"大司命,小乔,后羿,刘备,朵莉亚","花木兰,嫦娥,公孙离,曹操,钟馗"
朵莉亚,钟馗,10,阵营2 胜利,"哪吒,女娲,狄仁杰,镜,朵莉亚","司空震,甄姬,公孙离,韩信,钟馗"
朵莉亚,钟馗,11,阵营1 胜利,"蚩奼,小乔,艾琳,暃,钟馗","狂铁,海诺,公孙离,铠,朵莉亚"
朵莉亚,钟馗,12,阵营2 胜利,"影,墨子,孙权,镜,朵莉亚","狂铁,沈梦溪,戈娅,裴擒虎,钟馗"
朵莉亚,钟馗,13,阵营1 胜利,"关羽,小乔,敖隐,露娜,朵莉亚","花木兰,沈梦溪,后羿,阿轲,钟馗"
朵莉亚,钟馗,14,阵营2 胜利,"猪八戒,女娲,戈娅,司马懿,钟馗","关羽,海诺,艾琳,铠,朵莉亚"
朵莉亚,钟馗,15,阵营1 胜利,"曹操,甄姬,元流之子(射手),云中君,钟馗","哪吒,西施,公孙离,云缨,朵莉亚"
朵莉亚,钟馗,16,阵营2 胜利,"司空震,甄姬,蚩奼,铠,钟馗","项羽,沈梦溪,孙权,典韦,朵莉亚"
朵莉亚,钟馗,17,阵营1 胜利,"哪吒,沈梦溪,元流之子(射手),赵云,钟馗","亚瑟,貂蝉,后羿,百里玄策,朵莉亚"
朵莉亚,钟馗,18,阵营1 胜利,"吕布,女娲,虞姬,诸葛亮,朵莉亚","元歌,沈梦溪,李信,元流之子(刺客),钟馗"
朵莉亚,钟馗,19,阵营1 胜利,"夏洛特,高渐离,敖隐,澜,朵莉亚","司空震,小乔,虞姬,铠,钟馗"
朵莉亚,杨玉环,1,阵营2 胜利,"司空震,张良,蚩奼,马超,杨玉环","曹操,甄姬,公孙离,李白,朵莉亚"
朵莉亚,杨玉环,2,阵营2 胜利,"影,不知火舞,戈娅,镜,朵莉亚","司空震,小乔,元流之子(射手),暃,杨玉环"
朵莉亚,杨玉环,3,阵营2 胜利,"曹操,小乔,虞姬,韩信,杨玉环","夏侯惇,甄姬,公孙离,裴擒虎,朵莉亚"
朵莉亚,杨玉环,4,阵营2 胜利,"夏洛特,嫦娥,元流之子(射手),赵云,朵莉亚","狂铁,貂蝉,戈娅,百里玄策,杨玉环"
朵莉亚,杨玉环,5,阵营2 胜利,"马超,沈梦溪,蚩奼,云缨,杨玉环","元歌,武则天,戈娅,孙悟空,朵莉亚"
朵莉亚,杨玉环,6,阵营1 胜利,"元歌,武则天,苍,司马懿,朵莉亚","影,诸葛亮,元流之子(射手),暃,杨玉环"
朵莉亚,杨玉环,7,阵营1 胜利,"夏洛特,嫦娥,虞姬,裴擒虎,杨玉环","哪吒,武则天,蚩奼,镜,朵莉亚"
朵莉亚,杨玉环,8,阵营2 胜利,"司空震,上官婉儿,苍,澜,朵莉亚","花木兰,沈梦溪,元流之子(射手),镜,杨玉环"
朵莉亚,杨玉环,9,阵营1 胜利,"夏洛特,女娲,戈娅,哪吒,杨玉环","狂铁,大乔,元流之子(射手),暃,朵莉亚"
朵莉亚,杨玉环,10,阵营1 胜利,"蒙恬,大乔,苍,雅典娜,朵莉亚","蚩奼,嫦娥,元流之子(射手),大司命,杨玉环"
朵莉亚,杨玉环,11,阵营1 胜利,"元歌,不知火舞,孙权,韩信,杨玉环","哪吒,沈梦溪,蚩奼,云中君,朵莉亚"
朵莉亚,杨玉环,12,阵营1 胜利,"哪吒,上官婉儿,苍,雅典娜,朵莉亚","老夫子,沈梦溪,李信,元流之子(刺客),杨玉环"
朵莉亚,杨玉环,13,阵营1 胜利,"元歌,海月,元流之子(射手),云缨,朵莉亚","影,女娲,李信,裴擒虎,杨玉环"
朵莉亚,杨玉环,14,阵营2 胜利,,未集齐10人
朵莉亚,杨玉环,15,阵营2 胜利,,未集齐10人
朵莉亚,杨玉环,16,阵营1 胜利,,未集齐10人
朵莉亚,杨玉环,17,阵营1 胜利,,未集齐10人
朵莉亚,杨玉环,18,阵营2 胜利,"曹操,大乔,敖隐,梦奇,杨玉环","姬小满,女娲,元流之子(射手),镜,朵莉亚"
朵莉亚,杨玉环,19,阵营2 胜利,"姬小满,安琪拉,苍,娜可露露,杨玉环","曹操,嫦娥,元流之子(射手),雅典娜,朵莉亚"
朵莉亚,蔡文姬,1,阵营1 胜利,"哪吒,不知火舞,艾琳,裴擒虎,蔡文姬","马超,上官婉儿,蚩奼,橘右京,朵莉亚"
朵莉亚,蔡文姬,2,阵营2 胜利,"元歌,海诺,虞姬,镜,朵莉亚","夏洛特,小乔,公孙离,韩信,蔡文姬"
朵莉亚,蔡文姬,3,阵营1 胜利,"影,金蝉,莱西奥,云缨,蔡文姬","蒙恬,上官婉儿,戈娅,曜,朵莉亚"
朵莉亚,蔡文姬,4,阵营1 胜利,"孙悟空,甄姬,李信,阿古朵,蔡文姬","狂铁,高渐离,百里守约,宫本武藏,朵莉亚"
朵莉亚,蔡文姬,5,阵营1 胜利,"司空震,嫦娥,元流之子(射手),娜可露露,蔡文姬","蒙恬,小乔,戈娅,司马懿,朵莉亚"
朵莉亚,蔡文姬,6,阵营1 胜利,"狂铁,小乔,孙权,孙悟空,朵莉亚","老夫子,杨玉环,戈娅,露娜,蔡文姬"
朵莉亚,蔡文姬,7,阵营1 胜利,"蚩奼,大乔,孙权,李白,蔡文姬","哪吒,海诺,蒙犽,镜,朵莉亚"
朵莉亚,蔡文姬,8,阵营2 胜利,"元歌,杨玉环,莱西奥,云缨,蔡文姬","哪吒,高渐离,蚩奼,裴擒虎,朵莉亚"
朵莉亚,蔡文姬,9,阵营1 胜利,"哪吒,沈梦溪,虞姬,裴擒虎,朵莉亚","元歌,弈星,蚩奼,娜可露露,蔡文姬"
朵莉亚,蔡文姬,10,阵营1 胜利,"狂铁,诸葛亮,敖隐,杨戬,朵莉亚","亚瑟,杨玉环,李信,孙悟空,蔡文姬"
朵莉亚,蔡文姬,11,阵营1 胜利,"哪吒,甄姬,元流之子(射手),韩信,朵莉亚","曹操,杨玉环,蚩奼,橘右京,蔡文姬"
朵莉亚,蔡文姬,12,阵营1 胜利,"刘邦,嫦娥,蚩奼,曜,朵莉亚","影,小乔,元流之子(射手),哪吒,蔡文姬"
朵莉亚,蔡文姬,13,阵营1 胜利,"元歌,高渐离,蚩奼,韩信,朵莉亚","狂铁,貂蝉,元流之子(射手),镜,蔡文姬"
朵莉亚,蔡文姬,14,阵营2 胜利,"元歌,海月,蚩奼,橘右京,朵莉亚","白起,武则天,公孙离,镜,蔡文姬"
朵莉亚,蔡文姬,15,阵营2 胜利,"白起,沈梦溪,元流之子(射手),司马懿,蔡文姬","蚩奼,女娲,戈娅,曹操,朵莉亚"
朵莉亚,蔡文姬,16,阵营2 胜利,"芈月,嫦娥,戈娅,韩信,蔡文姬","影,上官婉儿,元流之子(射手),诸葛亮,朵莉亚"
朵莉亚,蔡文姬,17,阵营1 胜利,"司空震,海诺,后羿,裴擒虎,蔡文姬","哪吒,上官婉儿,公孙离,盘古,朵莉亚"
朵莉亚,蔡文姬,18,阵营1 胜利,"曹操,女娲,孙权,宫本武藏,朵莉亚","程咬金,西施,狄仁杰,马超,蔡文姬"
朵莉亚,蔡文姬,19,阵营2 胜利,"关羽,嫦娥,戈娅,梦奇,蔡文姬","影,高渐离,艾琳,赵怀真,朵莉亚"
朵莉亚,太乙真人,1,阵营1 胜利,"马超,西施,蒙犽,赵云,太乙真人","曹操,诸葛亮,蚩奼,露娜,朵莉亚"
朵莉亚,太乙真人,2,阵营1 胜利,"蚩奼,西施,百里守约,韩信,太乙真人","达摩,不知火舞,元流之子(射手),曜,朵莉亚"
朵莉亚,太乙真人,3,阵营1 胜利,"蒙恬,嫦娥,苍,阿古朵,太乙真人","狂铁,海诺,戈娅,宫本武藏,朵莉亚"
朵莉亚,太乙真人,4,阵营2 胜利,"元歌,弈星,元流之子(射手),宫本武藏,朵莉亚","司空震,武则天,虞姬,雅典娜,太乙真人"
朵莉亚,太乙真人,5,阵营2 胜利,"夏洛特,不知火舞,后羿,马超,太乙真人","关羽,海月,公孙离,杨戬,朵莉亚"
朵莉亚,太乙真人,6,阵营2 胜利,"芈月,嬴政,虞姬,裴擒虎,太乙真人","哪吒,武则天,蚩奼,橘右京,朵莉亚"
朵莉亚,太乙真人,7,阵营1 胜利,"老夫子,小乔,司空震,镜,太乙真人","蚩奼,上官婉儿,李信,暃,朵莉亚"
朵莉亚,太乙真人,8,阵营2 胜利,"夏洛特,西施,蚩奼,梦奇,朵莉亚","芈月,甄姬,元流之子(射手),韩信,太乙真人"
朵莉亚,太乙真人,9,阵营1 胜利,"狂铁,海月,敖隐,李白,太乙真人","钟无艳,沈梦溪,元流之子(射手),露娜,朵莉亚"
朵莉亚,太乙真人,10,阵营1 胜利,"花木兰,貂蝉,李信,阿古朵,太乙真人","蚩奼,不知火舞,后羿,镜,朵莉亚"
朵莉亚,太乙真人,11,阵营1 胜利,"杨戬,嫦娥,敖隐,裴擒虎,太乙真人","孙悟空,上官婉儿,公孙离,宫本武藏,朵莉亚"
朵莉亚,太乙真人,12,阵营1 胜利,"花木兰,沈梦溪,狄仁杰,暃,太乙真人","亚连,大乔,后羿,孙悟空,朵莉亚"
朵莉亚,太乙真人,13,阵营1 胜利,"关羽,安琪拉,戈娅,阿古朵,朵莉亚","曹操,沈梦溪,苍,马超,太乙真人"
朵莉亚,太乙真人,14,阵营2 胜利,"廉颇,不知火舞,艾琳,云缨,朵莉亚","白起,沈梦溪,苍,诸葛亮,太乙真人"
朵莉亚,太乙真人,15,阵营1 胜利,"达摩,沈梦溪,孙尚香,雅典娜,朵莉亚","关羽,海月,戈娅,阿古朵,太乙真人"
朵莉亚,太乙真人,16,阵营1 胜利,"孙策,西施,元歌,韩信,太乙真人","猪八戒,海月,戈娅,司马懿,朵莉亚"
朵莉亚,太乙真人,17,阵营1 胜利,"蚩奼,女娲,戈娅,暃,朵莉亚","哪吒,沈梦溪,虞姬,镜,太乙真人"
朵莉亚,太乙真人,18,阵营1 胜利,"元歌,大乔,百里守约,暃,太乙真人","司空震,不知火舞,戈娅,典韦,朵莉亚"
朵莉亚,太乙真人,19,阵营2 胜利,"哪吒,沈梦溪,蚩奼,梦奇,朵莉亚","杨戬,女娲,孙权,暃,太乙真人"
朵莉亚,东皇太一,1,阵营2 胜利,"曹操,上官婉儿,李信,阿古朵,东皇太一","哪吒,沈梦溪,戈娅,宫本武藏,朵莉亚"
朵莉亚,东皇太一,2,阵营2 胜利,"哪吒,杨玉环,孙权,诸葛亮,朵莉亚","芈月,沈梦溪,蚩奼,孙悟空,东皇太一"
朵莉亚,东皇太一,3,阵营1 胜利,"老夫子,上官婉儿,狄仁杰,宫本武藏,朵莉亚","马超,甄姬,孙权,阿轲,东皇太一"
朵莉亚,东皇太一,4,阵营1 胜利,"哪吒,小乔,后羿,镜,朵莉亚","影,女娲,元流之子(射手),韩信,东皇太一"
朵莉亚,东皇太一,5,阵营2 胜利,"廉颇,沈梦溪,元流之子(射手),裴擒虎,东皇太一","关羽,嫦娥,蚩奼,铠,朵莉亚"
朵莉亚,东皇太一,6,阵营1 胜利,"花木兰,海月,敖隐,阿轲,朵莉亚","兰陵王,沈梦溪,公孙离,孙悟空,东皇太一"
朵莉亚,东皇太一,7,阵营2 胜利,"曹操,女娲,公孙离,元流之子(刺客),东皇太一","夏洛特,武则天,莱西奥,韩信,朵莉亚"
朵莉亚,东皇太一,8,阵营2 胜利,"姬小满,女娲,公孙离,宫本武藏,朵莉亚","影,安琪拉,蚩奼,阿古朵,东皇太一"
朵莉亚,东皇太一,9,阵营2 胜利,"司空震,女娲,虞姬,马超,朵莉亚","蒙恬,海月,公孙离,李白,东皇太一"
朵莉亚,东皇太一,10,阵营2 胜利,"孙策,女娲,敖隐,诸葛亮,东皇太一","项羽,太乙真人,元流之子(射手),镜,朵莉亚"
朵莉亚,东皇太一,11,阵营2 胜利,,未集齐10人
朵莉亚,东皇太一,12,阵营2 胜利,"元歌,杨玉环,苍,孙悟空,东皇太一","关羽,高渐离,元流之子(射手),澜,朵莉亚"
朵莉亚,东皇太一,13,阵营2 胜利,"关羽,米莱狄,蚩奼,韩信,朵莉亚","曹操,沈梦溪,虞姬,裴擒虎,东皇太一"
朵莉亚,东皇太一,14,阵营1 胜利,"影,武则天,敖隐,兰陵王,东皇太一","老夫子,杨玉环,元流之子(射手),铠,朵莉亚"
朵莉亚,东皇太一,15,阵营2 胜利,"司空震,高渐离,元流之子(射手),杨戬,朵莉亚","关羽,沈梦溪,戈娅,影,东皇太一"
朵莉亚,东皇太一,16,阵营2 胜利,"孙悟空,武则天,元流之子(射手),赵云,朵莉亚","元歌,小乔,艾琳,暃,东皇太一"
朵莉亚,东皇太一,17,阵营2 胜利,"司空震,沈梦溪,孙尚香,孙悟空,东皇太一","海诺,不知火舞,马可波罗,元流之子(坦克),朵莉亚"
朵莉亚,东皇太一,18,阵营2 胜利,"关羽,海月,公孙离,暃,朵莉亚","司空震,甄姬,元流之子(射手),百里玄策,东皇太一"
朵莉亚,东皇太一,19,阵营2 胜利,"哪吒,西施,敖隐,赵云,朵莉亚","曹操,诸葛亮,虞姬,暃,东皇太一"
朵莉亚,大禹,1,阵营1 胜利,"哪吒,杨玉环,马可波罗,露娜,大禹","司空震,女娲,戈娅,典韦,朵莉亚"
朵莉亚,大禹,2,阵营2 胜利,"兰陵王,嫦娥,戈娅,诸葛亮,大禹","曹操,王昭君,后羿,元流之子(刺客),朵莉亚"
朵莉亚,大禹,3,阵营1 胜利,"蚩奼,海月,元流之子(射手),盘古,朵莉亚","影,貂蝉,戈娅,元流之子(坦克),大禹"
朵莉亚,大禹,4,阵营1 胜利,"赵怀真,女娲,戈娅,马超,朵莉亚","司空震,海月,元流之子(射手),百里玄策,大禹"
朵莉亚,大禹,5,阵营2 胜利,"蚩奼,西施,元流之子(射手),露娜,朵莉亚","孙策,上官婉儿,虞姬,橘右京,大禹"
朵莉亚,大禹,6,阵营2 胜利,"兰陵王,女娲,敖隐,曜,大禹","狂铁,海月,元流之子(射手),赵云,朵莉亚"
朵莉亚,大禹,7,阵营2 胜利,"花木兰,西施,蚩奼,诸葛亮,朵莉亚","司空震,高渐离,戈娅,百里玄策,大禹"
朵莉亚,大禹,8,阵营2 胜利,"元歌,弈星,李元芳,阿古朵,朵莉亚","影,海诺,公孙离,韩信,大禹"
朵莉亚,大禹,9,阵营2 胜利,"孙策,大乔,元流之子(射手),李白,大禹","关羽,不知火舞,蚩奼,孙悟空,朵莉亚"
朵莉亚,大禹,10,阵营1 胜利,"曹操,海月,艾琳,镜,朵莉亚","马超,高渐离,戈娅,司马懿,大禹"
朵莉亚,大禹,11,阵营1 胜利,"关羽,杨玉环,敖隐,阿古朵,朵莉亚","老夫子,不知火舞,元流之子(射手),孙悟空,大禹"
朵莉亚,大禹,12,阵营1 胜利,"关羽,海月,元流之子(射手),典韦,朵莉亚","元歌,小乔,虞姬,澜,大禹"
朵莉亚,大禹,13,阵营1 胜利,"孙悟空,嫦娥,后羿,赵云,朵莉亚","吕布,沈梦溪,孙权,镜,大禹"
朵莉亚,大禹,14,阵营2 胜利,"海诺,嫦娥,敖隐,杨戬,大禹","孙策,杨玉环,戈娅,阿古朵,朵莉亚"
朵莉亚,大禹,15,阵营1 胜利,"曹操,嫦娥,公孙离,李白,大禹","老夫子,女娲,蚩奼,镜,朵莉亚"
朵莉亚,大禹,16,阵营2 胜利,"夏洛特,杨玉环,敖隐,暃,朵莉亚","曹操,嫦娥,公孙离,赵云,大禹"
朵莉亚,大禹,17,阵营1 胜利,"杨戬,海月,公孙离,橘右京,朵莉亚","曹操,沈梦溪,蚩奼,阿古朵,大禹"
朵莉亚,大禹,18,阵营2 胜利,"梦奇,沈梦溪,敖隐,露娜,朵莉亚","杨戬,女娲,李信,大司命,大禹"
朵莉亚,大禹,19,阵营1 胜利,"狂铁,女娲,元流之子(射手),韩信,大禹","夏侯惇,上官婉儿,百里守约,铠,朵莉亚"
朵莉亚,鬼谷子,1,阵营1 胜利,"老夫子,甄姬,莱西奥,露娜,朵莉亚","司空震,弈星,蚩奼,铠,鬼谷子"
朵莉亚,鬼谷子,2,阵营1 胜利,"兰陵王,杨玉环,元流之子(射手),马超,鬼谷子","关羽,女娲,后羿,露娜,朵莉亚"
朵莉亚,鬼谷子,3,阵营2 胜利,"影,海月,后羿,镜,朵莉亚","狂铁,武则天,鲁班七号,暃,鬼谷子"
朵莉亚,鬼谷子,4,阵营1 胜利,"花木兰,高渐离,敖隐,铠,朵莉亚","关羽,大乔,艾琳,大司命,鬼谷子"
朵莉亚,鬼谷子,5,阵营1 胜利,"夏洛特,沈梦溪,元流之子(射手),宫本武藏,朵莉亚","狂铁,嫦娥,戈娅,韩信,鬼谷子"
朵莉亚,鬼谷子,6,阵营2 胜利,"狂铁,甄姬,敖隐,铠,朵莉亚","老夫子,弈星,虞姬,云缨,鬼谷子"
朵莉亚,鬼谷子,7,阵营2 胜利,"曹操,高渐离,孙权,铠,朵莉亚","影,不知火舞,元流之子(射手),杨戬,鬼谷子"
朵莉亚,鬼谷子,8,阵营2 胜利,"曹操,海月,后羿,裴擒虎,朵莉亚","影,嫦娥,元流之子(射手),雅典娜,鬼谷子"
朵莉亚,鬼谷子,9,阵营2 胜利,"狂铁,沈梦溪,戈娅,李白,朵莉亚","夏洛特,海诺,元流之子(射手),阿轲,鬼谷子"
朵莉亚,鬼谷子,10,阵营2 胜利,"司空震,甄姬,敖隐,宫本武藏,朵莉亚","老夫子,大乔,戈娅,阿古朵,鬼谷子"
朵莉亚,鬼谷子,11,阵营2 胜利,"司空震,上官婉儿,敖隐,赵云,朵莉亚","达摩,女娲,公孙离,橘右京,鬼谷子"
朵莉亚,鬼谷子,12,阵营2 胜利,"狂铁,甄姬,公孙离,裴擒虎,朵莉亚","老夫子,沈梦溪,戈娅,杨戬,鬼谷子"
朵莉亚,鬼谷子,13,阵营1 胜利,"花木兰,武则天,狄仁杰,韩信,朵莉亚","关羽,不知火舞,元流之子(射手),铠,鬼谷子"
朵莉亚,鬼谷子,14,阵营2 胜利,"老夫子,诸葛亮,李元芳,赵云,鬼谷子","狂铁,沈梦溪,敖隐,司马懿,朵莉亚"
朵莉亚,鬼谷子,15,阵营2 胜利,"大司命,嫦娥,戈娅,澜,鬼谷子","杨戬,弈星,公孙离,宫本武藏,朵莉亚"
朵莉亚,鬼谷子,16,阵营2 胜利,"哪吒,武则天,元流之子(射手),阿轲,朵莉亚","孙策,海月,后羿,雅典娜,鬼谷子"
朵莉亚,鬼谷子,17,阵营1 胜利,"关羽,弈星,元流之子(射手),裴擒虎,鬼谷子","哪吒,女娲,马可波罗,马超,朵莉亚"
朵莉亚,鬼谷子,18,阵营2 胜利,"马超,女娲,司空震,裴擒虎,鬼谷子","蚩奼,上官婉儿,戈娅,孙悟空,朵莉亚"
朵莉亚,鬼谷子,19,阵营2 胜利,"狂铁,杨玉环,元流之子(射手),典韦,鬼谷子","孙策,海月,虞姬,元流之子(刺客),朵莉亚"
朵莉亚,大乔,1,阵营2 胜利,"程咬金,米莱狄,戈娅,娜可露露,朵莉亚","影,弈星,元流之子(射手),梦奇,大乔"
朵莉亚,大乔,2,阵营1 胜利,"老夫子,弈星,敖隐,盘古,大乔","达摩,嫦娥,百里守约,铠,朵莉亚"
朵莉亚,大乔,3,阵营2 胜利,"蚩奼,嫦娥,元流之子(射手),露娜,朵莉亚","蒙恬,诸葛亮,戈娅,云缨,大乔"
朵莉亚,大乔,4,阵营1 胜利,"夏洛特,杨玉环,公孙离,曜,大乔","元歌,西施,元流之子(射手),杨戬,朵莉亚"
朵莉亚,大乔,5,阵营1 胜利,"曹操,嫦娥,虞姬,韩信,大乔","芈月,沈梦溪,戈娅,杨戬,朵莉亚"
朵莉亚,大乔,6,阵营1 胜利,"司空震,女娲,李信,裴擒虎,大乔","狂铁,西施,元流之子(射手),大司命,朵莉亚"
朵莉亚,大乔,7,阵营2 胜利,"影,女娲,孙权,刘备,朵莉亚","哪吒,妲己,李信,赵云,大乔"
朵莉亚,大乔,8,阵营1 胜利,"蒙恬,西施,后羿,暃,大乔","关羽,诸葛亮,元流之子(射手),大司命,朵莉亚"
朵莉亚,大乔,9,阵营1 胜利,"狂铁,沈梦溪,司空震,孙悟空,大乔","老夫子,周瑜,蚩奼,百里玄策,朵莉亚"
朵莉亚,大乔,10,阵营1 胜利,"蒙恬,嫦娥,后羿,李白,大乔","杨戬,甄姬,元流之子(射手),裴擒虎,朵莉亚"
朵莉亚,大乔,11,阵营2 胜利,"夏洛特,高渐离,元流之子(射手),铠,朵莉亚","老夫子,安琪拉,后羿,暃,大乔"
朵莉亚,大乔,12,阵营2 胜利,,未集齐10人
朵莉亚,大乔,13,阵营1 胜利,,未集齐10人
朵莉亚,大乔,14,阵营1 胜利,"花木兰,嫦娥,蚩奼,云中君,大乔","关羽,周瑜,戈娅,杨戬,朵莉亚"
朵莉亚,大乔,15,阵营2 胜利,"蒙恬,小乔,戈娅,李白,大乔","曹操,不知火舞,敖隐,裴擒虎,朵莉亚"
朵莉亚,大乔,16,阵营1 胜利,"曹操,貂蝉,孙尚香,裴擒虎,大乔","蒙恬,小乔,孙权,暃,朵莉亚"
朵莉亚,大乔,17,阵营1 胜利,"貂蝉,沈梦溪,蚩奼,暃,朵莉亚","达摩,小乔,公孙离,阿古朵,大乔"
朵莉亚,大乔,18,阵营2 胜利,"关羽,诸葛亮,司空震,露娜,大乔","元流之子(坦克),甄姬,蚩奼,镜,朵莉亚"
朵莉亚,大乔,19,阵营1 胜利,"蒙恬,甄姬,元流之子(射手),裴擒虎,大乔","孙策,小乔,蚩奼,曜,朵莉亚"
朵莉亚,苏烈,1,阵营2 胜利,"白起,弈星,戈娅,暃,朵莉亚","影,诸葛亮,虞姬,韩信,苏烈"
朵莉亚,苏烈,2,阵营1 胜利,"老夫子,沈梦溪,戈娅,云缨,朵莉亚","马超,米莱狄,元流之子(射手),露娜,苏烈"
朵莉亚,苏烈,3,阵营1 胜利,"司空震,大乔,艾琳,哪吒,苏烈","关羽,嫦娥,苍,云缨,朵莉亚"
朵莉亚,苏烈,4,阵营2 胜利,"马超,小乔,蚩奼,孙悟空,苏烈","司空震,武则天,白起,暃,朵莉亚"
朵莉亚,苏烈,5,阵营2 胜利,"蚩奼,不知火舞,戈娅,元流之子(刺客),苏烈","孙策,沈梦溪,虞姬,韩信,朵莉亚"
朵莉亚,苏烈,6,阵营2 胜利,"杨戬,海月,戈娅,韩信,朵莉亚","孙策,女娲,元流之子(射手),百里玄策,苏烈"
朵莉亚,苏烈,7,阵营2 胜利,"司空震,海诺,元流之子(射手),铠,苏烈","花木兰,海月,戈娅,孙悟空,朵莉亚"
朵莉亚,苏烈,8,阵营1 胜利,"关羽,大乔,敖隐,杨戬,朵莉亚","司空震,女娲,戈娅,韩信,苏烈"
朵莉亚,苏烈,9,阵营2 胜利,"曹操,甄姬,戈娅,裴擒虎,朵莉亚","老夫子,金蝉,蚩奼,云中君,苏烈"
朵莉亚,苏烈,10,阵营2 胜利,"曹操,嫦娥,虞姬,镜,苏烈","关羽,海月,黄忠,李信,朵莉亚"
朵莉亚,苏烈,11,阵营1 胜利,"司空震,小乔,敖隐,阿古朵,朵莉亚","花木兰,武则天,李信,镜,苏烈"
朵莉亚,苏烈,12,阵营2 胜利,"夏洛特,嫦娥,元流之子(射手),杨戬,朵莉亚","影,女娲,公孙离,露娜,苏烈"
朵莉亚,苏烈,13,阵营1 胜利,"影,嫦娥,苍,百里玄策,苏烈","哪吒,妲己,戈娅,马超,朵莉亚"
朵莉亚,苏烈,14,阵营2 胜利,"元歌,不知火舞,戈娅,孙悟空,苏烈","夏洛特,嫦娥,孙尚香,露娜,朵莉亚"
朵莉亚,苏烈,15,阵营2 胜利,"蒙恬,女娲,蚩奼,云缨,朵莉亚","司空震,大乔,李信,百里玄策,苏烈"
朵莉亚,苏烈,16,阵营2 胜利,"白起,西施,敖隐,橘右京,朵莉亚","花木兰,女娲,后羿,裴擒虎,苏烈"
朵莉亚,苏烈,17,阵营1 胜利,"吕布,高渐离,蚩奼,露娜,苏烈","钟无艳,女娲,戈娅,铠,朵莉亚"
朵莉亚,苏烈,18,阵营2 胜利,"梦奇,嫦娥,元流之子(射手),暃,苏烈","蒙恬,上官婉儿,百里守约,橘右京,朵莉亚"
朵莉亚,苏烈,19,阵营2 胜利,"狂铁,诸葛亮,司空震,阿古朵,苏烈","夏侯惇,海月,蚩奼,李白,朵莉亚"
朵莉亚,明世隐,1,阵营1 胜利,"赵怀真,西施,敖隐,赵云,朵莉亚","亚瑟,女娲,元流之子(射手),韩信,明世隐"
朵莉亚,明世隐,2,阵营2 胜利,"元歌,甄姬,公孙离,杨戬,朵莉亚","关羽,妲己,戈娅,宫本武藏,明世隐"
朵莉亚,明世隐,3,阵营1 胜利,"老夫子,嬴政,敖隐,元流之子(刺客),朵莉亚","狂铁,大乔,元流之子(射手),哪吒,明世隐"
朵莉亚,明世隐,4,阵营2 胜利,"澜,甄姬,敖隐,曜,朵莉亚","马超,小乔,虞姬,镜,明世隐"
朵莉亚,明世隐,5,阵营2 胜利,"元歌,小乔,虞姬,诸葛亮,朵莉亚","马超,嬴政,戈娅,镜,明世隐"
朵莉亚,明世隐,6,阵营2 胜利,"孙策,嫦娥,蚩奼,橘右京,朵莉亚","司空震,杨玉环,戈娅,孙悟空,明世隐"
朵莉亚,明世隐,7,阵营2 胜利,"狂铁,不知火舞,敖隐,大司命,朵莉亚","花木兰,杨玉环,苍,哪吒,明世隐"
朵莉亚,明世隐,8,阵营1 胜利,"司空震,大乔,公孙离,宫本武藏,朵莉亚","廉颇,沈梦溪,狄仁杰,橘右京,明世隐"
朵莉亚,明世隐,9,阵营2 胜利,"花木兰,嫦娥,戈娅,孙悟空,朵莉亚","马超,安琪拉,虞姬,暃,明世隐"
朵莉亚,瑶,1,阵营1 胜利,"哪吒,沈梦溪,戈娅,裴擒虎,朵莉亚","关羽,不知火舞,蚩奼,苍,瑶"
朵莉亚,瑶,2,阵营1 胜利,"关羽,海月,鲁班七号,雅典娜,朵莉亚","狂铁,嫦娥,苍,阿古朵,瑶"
朵莉亚,瑶,3,阵营1 胜利,"影,沈梦溪,虞姬,阿古朵,朵莉亚","元歌,西施,元流之子(射手),韩信,瑶"
朵莉亚,瑶,4,阵营2 胜利,"程咬金,大乔,孙权,宫本武藏,朵莉亚","孙策,嫦娥,艾琳,铠,瑶"
朵莉亚,瑶,5,阵营1 胜利,"老夫子,甄姬,孙权,裴擒虎,瑶","亚连,海月,蚩奼,云缨,朵莉亚"
朵莉亚,瑶,6,阵营2 胜利,"马超,不知火舞,蚩奼,孙悟空,瑶","蒙恬,上官婉儿,戈娅,赵云,朵莉亚"
朵莉亚,瑶,7,阵营2 胜利,"关羽,杨玉环,戈娅,镜,瑶","花木兰,大乔,元流之子(射手),云缨,朵莉亚"
朵莉亚,瑶,8,阵营2 胜利,"司空震,杨玉环,后羿,百里玄策,瑶","花木兰,高渐离,狄仁杰,镜,朵莉亚"
朵莉亚,瑶,9,阵营2 胜利,"花木兰,不知火舞,戈娅,裴擒虎,瑶","关羽,杨玉环,蚩奼,大司命,朵莉亚"
朵莉亚,瑶,10,阵营2 胜利,"白起,海诺,元流之子(射手),哪吒,瑶","影,沈梦溪,公孙离,李白,朵莉亚"
朵莉亚,瑶,11,阵营1 胜利,"芈月,姜子牙,元流之子(射手),雅典娜,瑶","蒙恬,嫦娥,狄仁杰,宫本武藏,朵莉亚"
朵莉亚,瑶,12,阵营2 胜利,"关羽,女娲,蚩奼,镜,朵莉亚","曹操,沈梦溪,公孙离,云缨,瑶"
朵莉亚,瑶,13,阵营1 胜利,"杨戬,沈梦溪,蚩奼,云缨,瑶","影,大乔,孙权,裴擒虎,朵莉亚"
朵莉亚,瑶,14,阵营1 胜利,"达摩,女娲,戈娅,李信,朵莉亚","钟无艳,上官婉儿,后羿,哪吒,瑶"
朵莉亚,瑶,15,阵营2 胜利,"项羽,沈梦溪,敖隐,赵云,朵莉亚","狂铁,武则天,公孙离,兰陵王,瑶"
朵莉亚,瑶,16,阵营1 胜利,"老夫子,安琪拉,敖隐,典韦,朵莉亚","芈月,诸葛亮,海诺,云缨,瑶"
朵莉亚,瑶,17,阵营2 胜利,"曹操,海月,公孙离,裴擒虎,瑶","孙策,不知火舞,元流之子(射手),典韦,朵莉亚"
朵莉亚,瑶,18,阵营1 胜利,"哪吒,上官婉儿,苍,橘右京,朵莉亚","狂铁,不知火舞,元流之子(射手),韩信,瑶"
朵莉亚,瑶,19,阵营2 胜利,"哪吒,不知火舞,李信,暃,瑶","狂铁,上官婉儿,公孙离,大司命,朵莉亚"
朵莉亚,盾山,1,阵营2 胜利,"哪吒,嫦娥,元流之子(射手),宫本武藏,盾山","蚩奼,沈梦溪,艾琳,露娜,朵莉亚"
朵莉亚,盾山,2,阵营2 胜利,"曹操,安琪拉,孙尚香,司马懿,盾山","元歌,不知火舞,百里守约,镜,朵莉亚"
朵莉亚,盾山,3,阵营1 胜利,"老夫子,上官婉儿,敖隐,云缨,朵莉亚","蒙恬,小乔,元流之子(射手),典韦,盾山"
朵莉亚,盾山,4,阵营2 胜利,"曹操,大乔,元流之子(射手),阿古朵,朵莉亚","司空震,沈梦溪,蚩奼,镜,盾山"
朵莉亚,盾山,5,阵营2 胜利,"花木兰,杨玉环,蚩奼,裴擒虎,朵莉亚","蒙恬,貂蝉,狄仁杰,暃,盾山"
朵莉亚,盾山,6,阵营2 胜利,"司空震,嫦娥,敖隐,韩信,盾山","貂蝉,诸葛亮,苍,阿古朵,朵莉亚"
朵莉亚,盾山,7,阵营2 胜利,"蒙恬,嫦娥,元流之子(射手),司马懿,朵莉亚","曹操,女娲,孙尚香,裴擒虎,盾山"
朵莉亚,盾山,8,阵营2 胜利,"白起,不知火舞,蚩奼,大司命,盾山","杨戬,海月,艾琳,赵云,朵莉亚"
朵莉亚,盾山,9,阵营2 胜利,"老夫子,安琪拉,元流之子(射手),杨戬,朵莉亚","哪吒,嬴政,艾琳,马超,盾山"
朵莉亚,盾山,10,阵营2 胜利,"曹操,小乔,蚩奼,韩信,盾山","猪八戒,女娲,戈娅,孙悟空,朵莉亚"
朵莉亚,盾山,11,阵营2 胜利,"元歌,海月,元流之子(射手),哪吒,盾山","关羽,安琪拉,狄仁杰,暃,朵莉亚"
朵莉亚,盾山,12,阵营2 胜利,"哪吒,杨玉环,元流之子(射手),云中君,朵莉亚","马超,嫦娥,孙尚香,铠,盾山"
朵莉亚,盾山,13,阵营1 胜利,"孙策,不知火舞,艾琳,大司命,盾山","亚连,沈梦溪,戈娅,元流之子(刺客),朵莉亚"
朵莉亚,盾山,14,阵营2 胜利,"蒙恬,沈梦溪,鲁班七号,杨戬,朵莉亚","程咬金,大乔,艾琳,百里玄策,盾山"
朵莉亚,盾山,15,阵营2 胜利,"老夫子,杨玉环,蚩奼,露娜,盾山","姬小满,弈星,戈娅,兰陵王,朵莉亚"
朵莉亚,盾山,16,阵营1 胜利,"影,嫦娥,狄仁杰,百里玄策,盾山","老夫子,上官婉儿,元流之子(射手),铠,朵莉亚"
朵莉亚,盾山,17,阵营2 胜利,"关羽,甄姬,狄仁杰,露娜,盾山","哪吒,西施,鲁班七号,云缨,朵莉亚"
朵莉亚,盾山,18,阵营2 胜利,"关羽,嬴政,蚩奼,镜,盾山","夏洛特,上官婉儿,元流之子(射手),李白,朵莉亚"
朵莉亚,盾山,19,阵营1 胜利,"姬小满,杨玉环,敖隐,铠,朵莉亚","亚瑟,嫦娥,孙权,韩信,盾山"
朵莉亚,西施,1,阵营1 胜利,"司空震,海诺,元流之子(射手),百里玄策,朵莉亚","马超,沈梦溪,蚩奼,孙悟空,西施"
朵莉亚,西施,2,阵营2 胜利,"芈月,海月,孙权,裴擒虎,朵莉亚","狂铁,沈梦溪,蚩奼,赵云,西施"
朵莉亚,西施,3,阵营1 胜利,"老夫子,女娲,艾琳,镜,西施","狂铁,不知火舞,元流之子(射手),杨戬,朵莉亚"
朵莉亚,西施,4,阵营2 胜利,"曜,沈梦溪,蚩奼,元流之子(刺客),西施","曹操,干将莫邪,元流之子(射手),马超,朵莉亚"
朵莉亚,西施,5,阵营2 胜利,"蚩奼,不知火舞,元流之子(射手),韩信,西施","曹操,小乔,戈娅,杨戬,朵莉亚"
朵莉亚,西施,6,阵营1 胜利,"程咬金,上官婉儿,敖隐,元流之子(刺客),朵莉亚","夏洛特,诸葛亮,虞姬,宫本武藏,西施"
朵莉亚,西施,7,阵营1 胜利,"关羽,海月,虞姬,赵云,朵莉亚","白起,沈梦溪,公孙离,宫本武藏,西施"
朵莉亚,西施,8,阵营1 胜利,"曹操,干将莫邪,元流之子(射手),杨戬,西施","影,妲己,公孙离,镜,朵莉亚"
朵莉亚,西施,9,阵营2 胜利,"蒙恬,高渐离,后羿,杨戬,朵莉亚","花木兰,嫦娥,敖隐,裴擒虎,西施"
朵莉亚,西施,10,阵营2 胜利,"狂铁,海月,虞姬,铠,朵莉亚","蚩奼,嫦娥,元流之子(射手),云缨,西施"
朵莉亚,西施,11,阵营2 胜利,"花木兰,海月,苍,韩信,朵莉亚","曹操,沈梦溪,公孙离,云缨,西施"
朵莉亚,西施,12,阵营2 胜利,"哪吒,杨玉环,苍,镜,朵莉亚","孙策,沈梦溪,戈娅,典韦,西施"
朵莉亚,西施,13,阵营2 胜利,"芈月,海诺,孙尚香,百里玄策,西施","哪吒,弈星,孙权,雅典娜,朵莉亚"
朵莉亚,西施,14,阵营1 胜利,"姬小满,嫦娥,元流之子(射手),宫本武藏,朵莉亚","元歌,女娲,孙尚香,元流之子(刺客),西施"
朵莉亚,西施,15,阵营2 胜利,"司空震,沈梦溪,孙权,宫本武藏,朵莉亚","蚩奼,杨玉环,元流之子(射手),裴擒虎,西施"
朵莉亚,西施,16,阵营1 胜利,"姬小满,大乔,狄仁杰,孙悟空,朵莉亚","蒙恬,女娲,蚩奼,暃,西施"
朵莉亚,西施,17,阵营2 胜利,"蒙恬,女娲,后羿,铠,朵莉亚","狂铁,不知火舞,敖隐,宫本武藏,西施"
朵莉亚,西施,18,阵营1 胜利,"马超,大乔,公孙离,赵云,西施","司空震,诸葛亮,元流之子(射手),宫本武藏,朵莉亚"
朵莉亚,西施,19,阵营1 胜利,"马超,安琪拉,鲁班七号,阿古朵,西施","项羽,女娲,狄仁杰,元流之子(刺客),朵莉亚"
朵莉亚,鲁班大师,1,阵营1 胜利,"曹操,沈梦溪,鲁班七号,暃,鲁班大师","孙策,海月,元流之子(射手),露娜,朵莉亚"
朵莉亚,鲁班大师,2,阵营1 胜利,"花木兰,小乔,元流之子(射手),典韦,鲁班大师","哪吒,嫦娥,苍,韩信,朵莉亚"
朵莉亚,鲁班大师,3,阵营2 胜利,"蒙恬,甄姬,蚩奼,镜,朵莉亚","哪吒,小乔,鲁班七号,诸葛亮,鲁班大师"
朵莉亚,鲁班大师,4,阵营1 胜利,"影,女娲,艾琳,赵云,鲁班大师","哪吒,诸葛亮,狄仁杰,铠,朵莉亚"
朵莉亚,鲁班大师,5,阵营2 胜利,"孙策,沈梦溪,孙权,暃,朵莉亚","白起,杨玉环,虞姬,李元芳,鲁班大师"
朵莉亚,鲁班大师,6,阵营1 胜利,"影,大乔,元流之子(射手),孙悟空,朵莉亚","哪吒,上官婉儿,孙权,裴擒虎,鲁班大师"
朵莉亚,鲁班大师,7,阵营2 胜利,"狂铁,安琪拉,孙尚香,百里玄策,鲁班大师","哪吒,嫦娥,李信,铠,朵莉亚"
朵莉亚,鲁班大师,8,阵营2 胜利,"关羽,武则天,元流之子(射手),马超,鲁班大师","孙策,上官婉儿,后羿,典韦,朵莉亚"
朵莉亚,鲁班大师,9,阵营2 胜利,"兰陵王,上官婉儿,李信,韩信,朵莉亚","杨戬,杨玉环,元流之子(射手),赵云,鲁班大师"
朵莉亚,鲁班大师,10,阵营1 胜利,"亚瑟,嫦娥,元流之子(射手),大司命,鲁班大师","影,艾琳,白起,马超,朵莉亚"
朵莉亚,鲁班大师,11,阵营2 胜利,"马超,嫦娥,戈娅,韩信,鲁班大师","元歌,大乔,孙权,裴擒虎,朵莉亚"
朵莉亚,鲁班大师,12,阵营1 胜利,"曹操,沈梦溪,蚩奼,孙悟空,鲁班大师","关羽,大乔,孙尚香,镜,朵莉亚"
朵莉亚,鲁班大师,13,阵营1 胜利,"司空震,妲己,元流之子(射手),马超,朵莉亚","元歌,高渐离,苍,暃,鲁班大师"
朵莉亚,鲁班大师,14,阵营1 胜利,"老夫子,大乔,公孙离,橘右京,朵莉亚","狂铁,嫦娥,戈娅,暃,鲁班大师"
朵莉亚,鲁班大师,15,阵营2 胜利,"梦奇,海月,元流之子(射手),孙悟空,朵莉亚","元歌,女娲,戈娅,澜,鲁班大师"
朵莉亚,鲁班大师,16,阵营2 胜利,"曹操,沈梦溪,孙权,裴擒虎,鲁班大师","关羽,女娲,公孙离,铠,朵莉亚"
朵莉亚,鲁班大师,17,阵营2 胜利,"兰陵王,女娲,敖隐,铠,鲁班大师","狂铁,西施,后羿,镜,朵莉亚"
朵莉亚,鲁班大师,18,阵营1 胜利,"狂铁,小乔,公孙离,云中君,朵莉亚","关羽,沈梦溪,元流之子(射手),马超,鲁班大师"
朵莉亚,鲁班大师,19,阵营1 胜利,"项羽,沈梦溪,敖隐,大司命,朵莉亚","夏洛特,女娲,艾琳,杨戬,鲁班大师"
朵莉亚,桑启,1,阵营2 胜利,"杨戬,武则天,狄仁杰,韩信,朵莉亚","程咬金,高渐离,蚩奼,马超,桑启"
朵莉亚,桑启,2,阵营1 胜利,"花木兰,女娲,公孙离,赵云,桑启","关羽,小乔,戈娅,暃,朵莉亚"
朵莉亚,桑启,3,阵营2 胜利,"蒙恬,女娲,戈娅,暃,朵莉亚","曹操,不知火舞,公孙离,马超,桑启"
朵莉亚,桑启,4,阵营2 胜利,"司空震,西施,苍,李白,朵莉亚","吕布,上官婉儿,狄仁杰,露娜,桑启"
朵莉亚,桑启,5,阵营2 胜利,"夏洛特,海诺,蚩奼,裴擒虎,朵莉亚","元歌,大乔,孙权,韩信,桑启"
朵莉亚,桑启,6,阵营2 胜利,"杨戬,小乔,李元芳,诸葛亮,朵莉亚","哪吒,嫦娥,艾琳,曜,桑启"
朵莉亚,桑启,7,阵营2 胜利,"哪吒,诸葛亮,公孙离,韩信,桑启","司空震,大乔,百里守约,司马懿,朵莉亚"
朵莉亚,桑启,8,阵营1 胜利,"狂铁,武则天,公孙离,诸葛亮,桑启","影,小乔,戈娅,裴擒虎,朵莉亚"
朵莉亚,桑启,9,阵营2 胜利,"老夫子,女娲,蚩奼,兰陵王,桑启","白起,貂蝉,孙权,镜,朵莉亚"
朵莉亚,桑启,10,阵营1 胜利,"元歌,女娲,虞姬,赵云,朵莉亚","蒙恬,西施,戈娅,阿古朵,桑启"
朵莉亚,桑启,11,阵营2 胜利,"亚瑟,嬴政,孙权,孙悟空,桑启","姬小满,沈梦溪,元流之子(射手),云缨,朵莉亚"
朵莉亚,桑启,12,阵营2 胜利,"吕布,貂蝉,元流之子(射手),盘古,朵莉亚","老夫子,高渐离,戈娅,宫本武藏,桑启"
朵莉亚,桑启,13,阵营2 胜利,"兰陵王,海月,后羿,李白,朵莉亚","影,武则天,公孙离,典韦,桑启"
朵莉亚,桑启,14,阵营2 胜利,"吕布,武则天,李信,典韦,桑启","狂铁,女娲,元流之子(射手),铠,朵莉亚"
朵莉亚,桑启,15,阵营1 胜利,"司空震,沈梦溪,蚩奼,镜,朵莉亚","蒙恬,高渐离,影,司马懿,桑启"
朵莉亚,桑启,16,阵营1 胜利,"曹操,海诺,蚩奼,韩信,朵莉亚","老夫子,不知火舞,艾琳,澜,桑启"
朵莉亚,桑启,17,阵营1 胜利,"关羽,杨玉环,公孙离,澜,桑启","影,不知火舞,蚩奼,大司命,朵莉亚"
朵莉亚,桑启,18,阵营1 胜利,"司空震,海月,蚩奼,云缨,朵莉亚","芈月,女娲,公孙离,元流之子(刺客),桑启"
朵莉亚,桑启,19,阵营1 胜利,"司空震,嫦娥,孙权,大司命,桑启","曹操,上官婉儿,元流之子(射手),阿古朵,朵莉亚"
朵莉亚,赵怀真,1,阵营1 胜利,"蚩奼,大乔,元流之子(射手),大司命,赵怀真","花木兰,上官婉儿,公孙离,铠,朵莉亚"
朵莉亚,赵怀真,2,阵营2 胜利,"杨戬,西施,元流之子(射手),铠,朵莉亚","老夫子,小乔,公孙离,宫本武藏,赵怀真"
朵莉亚,赵怀真,3,阵营1 胜利,"狂铁,武则天,敖隐,元流之子(坦克),朵莉亚","姬小满,海月,艾琳,暃,赵怀真"
朵莉亚,赵怀真,4,阵营2 胜利,"马超,海诺,元流之子(射手),铠,赵怀真","影,小乔,戈娅,暃,朵莉亚"
朵莉亚,赵怀真,5,阵营2 胜利,"达摩,海月,公孙离,裴擒虎,朵莉亚","哪吒,安琪拉,孙权,杨戬,赵怀真"
朵莉亚,赵怀真,6,阵营2 胜利,"白起,海诺,元流之子(射手),诸葛亮,朵莉亚","哪吒,西施,蚩奼,杨戬,赵怀真"
朵莉亚,赵怀真,7,阵营1 胜利,"关羽,不知火舞,戈娅,马超,朵莉亚","老夫子,女娲,元流之子(射手),孙悟空,赵怀真"
朵莉亚,赵怀真,8,阵营2 胜利,"马超,诸葛亮,虞姬,韩信,朵莉亚","老夫子,上官婉儿,元流之子(射手),百里玄策,赵怀真"
朵莉亚,赵怀真,9,阵营1 胜利,"夏洛特,西施,元流之子(射手),马超,赵怀真","司空震,周瑜,蚩奼,镜,朵莉亚"
朵莉亚,赵怀真,10,阵营1 胜利,"姬小满,沈梦溪,元流之子(射手),盘古,赵怀真","曹操,杨玉环,蚩奼,典韦,朵莉亚"
朵莉亚,赵怀真,11,阵营1 胜利,"蒙恬,嫦娥,虞姬,暃,朵莉亚","元歌,元流之子(法师),戈娅,曹操,赵怀真"
朵莉亚,赵怀真,12,阵营2 胜利,"芈月,沈梦溪,戈娅,元流之子(刺客),朵莉亚","曹操,不知火舞,元流之子(射手),铠,赵怀真"
朵莉亚,赵怀真,13,阵营1 胜利,"蚩奼,弈星,元流之子(射手),马超,赵怀真","司空震,诸葛亮,公孙离,宫本武藏,朵莉亚"
朵莉亚,赵怀真,14,阵营2 胜利,"马超,小乔,后羿,诸葛亮,朵莉亚","影,干将莫邪,戈娅,露娜,赵怀真"
朵莉亚,赵怀真,15,阵营1 胜利,"芈月,嬴政,蚩奼,韩信,赵怀真","猪八戒,武则天,元流之子(射手),孙悟空,朵莉亚"
朵莉亚,赵怀真,16,阵营2 胜利,"姬小满,小乔,敖隐,镜,朵莉亚","杨戬,女娲,元流之子(射手),裴擒虎,赵怀真"
朵莉亚,赵怀真,17,阵营1 胜利,"蒙恬,嫦娥,虞姬,大司命,朵莉亚","影,武则天,敖隐,裴擒虎,赵怀真"
朵莉亚,赵怀真,18,阵营1 胜利,"曹操,大乔,元流之子(射手),司马懿,赵怀真","关羽,海月,戈娅,橘右京,朵莉亚"
朵莉亚,赵怀真,19,阵营1 胜利,"元歌,沈梦溪,元流之子(射手),镜,朵莉亚","影,海诺,李信,诸葛亮,赵怀真"
朵莉亚,空空儿,1,阵营1 胜利,"达摩,甄姬,敖隐,百里玄策,空空儿","狂铁,沈梦溪,苍,马超,朵莉亚"
朵莉亚,空空儿,2,阵营1 胜利,"钟无艳,沈梦溪,敖隐,韩信,空空儿","曹操,女娲,李信,雅典娜,朵莉亚"
朵莉亚,空空儿,3,阵营2 胜利,"猪八戒,小乔,苍,赵云,朵莉亚","蒙恬,沈梦溪,公孙离,曜,空空儿"
朵莉亚,空空儿,4,阵营2 胜利,"关羽,女娲,元流之子(射手),镜,空空儿","曹操,杨玉环,戈娅,马超,朵莉亚"
朵莉亚,空空儿,5,阵营2 胜利,"哪吒,沈梦溪,戈娅,韩信,空空儿","杨戬,海月,虞姬,裴擒虎,朵莉亚"
朵莉亚,空空儿,6,阵营1 胜利,"元歌,西施,戈娅,镜,空空儿","司空震,海月,孙权,铠,朵莉亚"
朵莉亚,空空儿,7,阵营2 胜利,"关羽,西施,元流之子(射手),娜可露露,空空儿","吕布,甄姬,艾琳,镜,朵莉亚"
朵莉亚,空空儿,8,阵营2 胜利,"元歌,姜子牙,虞姬,孙悟空,空空儿","关羽,甄姬,李信,暃,朵莉亚"
朵莉亚,空空儿,9,阵营2 胜利,"兰陵王,小乔,李信,露娜,朵莉亚","狂铁,诸葛亮,蚩奼,澜,空空儿"
朵莉亚,空空儿,10,阵营2 胜利,"司空震,高渐离,元流之子(射手),杨戬,空空儿","影,杨玉环,公孙离,元流之子(坦克),朵莉亚"
朵莉亚,空空儿,11,阵营1 胜利,"花木兰,不知火舞,敖隐,典韦,朵莉亚","影,高渐离,戈娅,阿古朵,空空儿"
朵莉亚,空空儿,12,阵营1 胜利,"狂铁,甄姬,蚩奼,韩信,空空儿","影,海月,戈娅,杨戬,朵莉亚"
朵莉亚,空空儿,13,阵营1 胜利,"姬小满,上官婉儿,老夫子,裴擒虎,朵莉亚","元歌,沈梦溪,元流之子(射手),露娜,空空儿"
朵莉亚,空空儿,14,阵营1 胜利,"猪八戒,小乔,元流之子(射手),暃,空空儿","姬小满,安琪拉,孙权,镜,朵莉亚"
朵莉亚,空空儿,15,阵营2 胜利,"狂铁,海月,后羿,马超,朵莉亚","夏洛特,甄姬,莱西奥,雅典娜,空空儿"
朵莉亚,空空儿,16,阵营2 胜利,"关羽,不知火舞,戈娅,橘右京,朵莉亚","哪吒,诸葛亮,苍,镜,空空儿"
朵莉亚,空空儿,17,阵营1 胜利,"孙策,上官婉儿,蚩奼,云缨,空空儿","哪吒,貂蝉,元流之子(射手),大司命,朵莉亚"
朵莉亚,空空儿,18,阵营1 胜利,"白起,女娲,百里守约,杨戬,朵莉亚","老夫子,武则天,蚩奼,阿古朵,空空儿"
朵莉亚,空空儿,19,阵营2 胜利,"关羽,沈梦溪,戈娅,镜,朵莉亚","司空震,弈星,李信,裴擒虎,空空儿"
朵莉亚,少司缘,1,阵营1 胜利,"元歌,女娲,公孙离,阿古朵,朵莉亚","孙策,干将莫邪,虞姬,杨戬,少司缘"
朵莉亚,少司缘,2,阵营2 胜利,"哪吒,武则天,元流之子(射手),杨戬,朵莉亚","蒙恬,沈梦溪,戈娅,大司命,少司缘"
朵莉亚,少司缘,3,阵营1 胜利,"司空震,海月,元流之子(射手),大司命,少司缘","蒙恬,嫦娥,后羿,韩信,朵莉亚"
朵莉亚,少司缘,4,阵营2 胜利,"芈月,大乔,戈娅,铠,少司缘","影,女娲,苍,露娜,朵莉亚"
朵莉亚,少司缘,5,阵营2 胜利,"曹操,海月,元流之子(射手),镜,朵莉亚","白起,沈梦溪,戈娅,百里玄策,少司缘"
朵莉亚,少司缘,6,阵营1 胜利,"关羽,小乔,李信,镜,朵莉亚","司空震,貂蝉,蚩奼,兰陵王,少司缘"
朵莉亚,少司缘,7,阵营1 胜利,"兰陵王,武则天,虞姬,大司命,少司缘","老夫子,海月,戈娅,百里玄策,朵莉亚"
朵莉亚,少司缘,8,阵营1 胜利,"杨戬,小乔,苍,诸葛亮,少司缘","花木兰,上官婉儿,元流之子(射手),宫本武藏,朵莉亚"
朵莉亚,少司缘,9,阵营1 胜利,"貂蝉,武则天,蚩奼,镜,朵莉亚","蒙恬,海诺,戈娅,赵云,少司缘"
朵莉亚,少司缘,10,阵营2 胜利,"影,小乔,蚩奼,露娜,朵莉亚","哪吒,西施,公孙离,司马懿,少司缘"
朵莉亚,少司缘,11,阵营2 胜利,"曹操,女娲,公孙离,元流之子(刺客),朵莉亚","芈月,西施,蚩奼,百里玄策,少司缘"
朵莉亚,少司缘,12,阵营1 胜利,"蚩奼,沈梦溪,元流之子(射手),百里玄策,少司缘","猪八戒,西施,李信,大司命,朵莉亚"
朵莉亚,少司缘,13,阵营2 胜利,"达摩,安琪拉,后羿,杨戬,朵莉亚","关羽,沈梦溪,元流之子(射手),诸葛亮,少司缘"
朵莉亚,少司缘,14,阵营1 胜利,"关羽,上官婉儿,元流之子(射手),百里玄策,朵莉亚","项羽,沈梦溪,狄仁杰,杨戬,少司缘"
朵莉亚,少司缘,15,阵营2 胜利,"蒙恬,元流之子(法师),李信,镜,朵莉亚","夏洛特,甄姬,公孙离,裴擒虎,少司缘"
朵莉亚,少司缘,16,阵营2 胜利,"姬小满,安琪拉,狄仁杰,铠,少司缘","达摩,扁鹊,蚩奼,曹操,朵莉亚"
朵莉亚,少司缘,17,阵营2 胜利,"亚瑟,沈梦溪,戈娅,赵云,少司缘","杨戬,安琪拉,公孙离,李元芳,朵莉亚"
朵莉亚,少司缘,18,阵营2 胜利,"元歌,嫦娥,敖隐,元流之子(刺客),朵莉亚","姬小满,杨玉环,百里守约,大司命,少司缘"
朵莉亚,少司缘,19,阵营1 胜利,"吕布,海月,元流之子(射手),裴擒虎,少司缘","司空震,女娲,后羿,宫本武藏,朵莉亚"
朵莉亚,元流之子(坦克),1,阵营2 胜利,"司空震,貂蝉,狄仁杰,韩信,元流之子(坦克)","影,海月,敖隐,大司命,朵莉亚"
朵莉亚,元流之子(坦克),2,阵营2 胜利,"狂铁,嫦娥,孙权,大司命,朵莉亚","曹操,上官婉儿,公孙离,铠,元流之子(坦克)"
朵莉亚,元流之子(坦克),3,阵营2 胜利,"白起,安琪拉,元流之子(射手),暃,朵莉亚","影,武则天,苍,马超,元流之子(坦克)"
朵莉亚,元流之子(坦克),4,阵营2 胜利,"影,甄姬,公孙离,裴擒虎,元流之子(坦克)","孙策,不知火舞,戈娅,暃,朵莉亚"
朵莉亚,元流之子(坦克),5,阵营1 胜利,"哪吒,诸葛亮,苍,橘右京,元流之子(坦克)","司空震,甄姬,虞姬,云中君,朵莉亚"
朵莉亚,元流之子(坦克),6,阵营1 胜利,"大司命,貂蝉,蚩奼,橘右京,元流之子(坦克)","关羽,高渐离,苍,盘古,朵莉亚"
朵莉亚,元流之子(坦克),7,阵营2 胜利,"蒙恬,女娲,公孙离,阿古朵,元流之子(坦克)","司空震,小乔,戈娅,典韦,朵莉亚"
朵莉亚,元流之子(坦克),8,阵营2 胜利,"花木兰,墨子,蚩奼,镜,朵莉亚","影,沈梦溪,戈娅,诸葛亮,元流之子(坦克)"
朵莉亚,元流之子(坦克),9,阵营2 胜利,"蚩奼,不知火舞,孙权,马超,元流之子(坦克)","达摩,上官婉儿,戈娅,元流之子(刺客),朵莉亚"
朵莉亚,元流之子(坦克),10,阵营2 胜利,"影,高渐离,蚩奼,裴擒虎,元流之子(坦克)","猪八戒,海诺,元流之子(射手),暃,朵莉亚"
朵莉亚,元流之子(坦克),11,阵营2 胜利,"马超,小乔,孙尚香,司马懿,元流之子(坦克)","程咬金,沈梦溪,元流之子(射手),橘右京,朵莉亚"
朵莉亚,元流之子(坦克),12,阵营1 胜利,"廉颇,不知火舞,孙权,百里玄策,朵莉亚","夏洛特,沈梦溪,艾琳,阿古朵,元流之子(坦克)"
朵莉亚,元流之子(坦克),13,阵营1 胜利,"司空震,上官婉儿,公孙离,宫本武藏,朵莉亚","影,女娲,戈娅,杨戬,元流之子(坦克)"
朵莉亚,元流之子(坦克),14,阵营1 胜利,"曹操,貂蝉,元流之子(射手),杨戬,朵莉亚","司空震,王昭君,戈娅,澜,元流之子(坦克)"
朵莉亚,元流之子(坦克),15,阵营1 胜利,"曹操,西施,敖隐,元流之子(刺客),朵莉亚","司空震,嫦娥,狄仁杰,铠,元流之子(坦克)"
朵莉亚,元流之子(坦克),16,阵营2 胜利,"蒙恬,女娲,艾琳,李元芳,元流之子(坦克)","花木兰,大乔,司空震,杨戬,朵莉亚"
朵莉亚,元流之子(坦克),17,阵营1 胜利,"哪吒,武则天,公孙离,阿古朵,朵莉亚","曹操,貂蝉,孙尚香,盘古,元流之子(坦克)"
朵莉亚,元流之子(坦克),18,阵营2 胜利,"司空震,大乔,蚩奼,曜,元流之子(坦克)","蒙恬,沈梦溪,戈娅,韩信,朵莉亚"
朵莉亚,元流之子(坦克),19,阵营2 胜利,"影,甄姬,孙权,宫本武藏,元流之子(坦克)","哪吒,弈星,戈娅,元流之子(刺客),朵莉亚"
朵莉亚,元流之子(辅助),1,阵营2 胜利,"曹操,海月,戈娅,杨戬,朵莉亚","孙策,武则天,虞姬,镜,元流之子(辅助)"
朵莉亚,元流之子(辅助),2,阵营2 胜利,"芈月,小乔,敖隐,赵云,元流之子(辅助)","狂铁,杨玉环,百里守约,梦奇,朵莉亚"
朵莉亚,元流之子(辅助),3,阵营2 胜利,,未集齐10人
朵莉亚,元流之子(辅助),4,阵营1 胜利,,未集齐10人
朵莉亚,元流之子(辅助),5,阵营2 胜利,"哪吒,女娲,艾琳,裴擒虎,元流之子(辅助)","吕布,诸葛亮,百里守约,司马懿,朵莉亚"
朵莉亚,元流之子(辅助),6,阵营2 胜利,"芈月,甄姬,狄仁杰,铠,元流之子(辅助)","杨戬,西施,公孙离,大司命,朵莉亚"
朵莉亚,元流之子(辅助),7,阵营2 胜利,"曹操,大乔,敖隐,暃,元流之子(辅助)","白起,弈星,后羿,诸葛亮,朵莉亚"
朵莉亚,元流之子(辅助),8,阵营1 胜利,"程咬金,不知火舞,狄仁杰,裴擒虎,元流之子(辅助)","老夫子,西施,蚩奼,宫本武藏,朵莉亚"
朵莉亚,元流之子(辅助),9,阵营2 胜利,"司空震,海月,虞姬,百里玄策,朵莉亚","曹操,沈梦溪,艾琳,镜,元流之子(辅助)"
朵莉亚,元流之子(辅助),10,阵营2 胜利,"关羽,不知火舞,狄仁杰,诸葛亮,元流之子(辅助)","元歌,嫦娥,元流之子(射手),铠,朵莉亚"
朵莉亚,元流之子(辅助),11,阵营2 胜利,"元歌,沈梦溪,蚩奼,宫本武藏,朵莉亚","哪吒,不知火舞,狄仁杰,云缨,元流之子(辅助)"
朵莉亚,元流之子(辅助),12,阵营1 胜利,"影,女娲,李信,宫本武藏,元流之子(辅助)","亚瑟,沈梦溪,扁鹊,赵云,朵莉亚"
朵莉亚,元流之子(辅助),13,阵营2 胜利,"哪吒,海诺,蚩奼,镜,朵莉亚","影,小乔,鲁班七号,云中君,元流之子(辅助)"
朵莉亚,元流之子(辅助),14,阵营2 胜利,"司空震,西施,虞姬,暃,元流之子(辅助)","元歌,嫦娥,后羿,马超,朵莉亚"
朵莉亚,元流之子(辅助),15,阵营2 胜利,"曹操,西施,戈娅,云中君,元流之子(辅助)","蒙恬,海诺,元流之子(射手),韩信,朵莉亚"
朵莉亚,元流之子(辅助),16,阵营1 胜利,"元流之子(坦克),女娲,戈娅,阿古朵,朵莉亚","狂铁,大乔,蚩奼,梦奇,元流之子(辅助)"
朵莉亚,元流之子(辅助),17,阵营2 胜利,"马超,海诺,李信,暃,朵莉亚","蒙恬,貂蝉,艾琳,阿古朵,元流之子(辅助)"
朵莉亚,元流之子(辅助),18,阵营2 胜利,"马超,上官婉儿,元流之子(射手),露娜,朵莉亚","司空震,不知火舞,狄仁杰,梦奇,元流之子(辅助)"
朵莉亚,元流之子(辅助),19,阵营2 胜利,"蚩奼,小乔,戈娅,裴擒虎,元流之子(辅助)","元歌,高渐离,百里守约,马超,朵莉亚"
牛魔,张飞,1,阵营1 胜利,"马超,大乔,蚩奼,铠,牛魔","司空震,嬴政,苍,暃,张飞"
牛魔,张飞,2,阵营1 胜利,"哪吒,沈梦溪,苍,露娜,张飞","狂铁,貂蝉,元流之子(射手),韩信,牛魔"
牛魔,张飞,3,阵营1 胜利,"老夫子,武则天,公孙离,李元芳,牛魔","关羽,甄姬,元流之子(射手),雅典娜,张飞"
牛魔,张飞,4,阵营1 胜利,"项羽,小乔,元流之子(射手),孙悟空,牛魔","元歌,高渐离,敖隐,橘右京,张飞"
牛魔,张飞,5,阵营2 胜利,"花木兰,嫦娥,莱西奥,暃,张飞","司空震,海诺,艾琳,韩信,牛魔"
牛魔,张飞,6,阵营1 胜利,"元歌,嬴政,虞姬,暃,张飞","哪吒,海诺,艾琳,裴擒虎,牛魔"
牛魔,张飞,7,阵营1 胜利,"马超,海月,蚩奼,韩信,牛魔","夏洛特,沈梦溪,李信,阿古朵,张飞"
牛魔,张飞,8,阵营2 胜利,"元歌,沈梦溪,公孙离,橘右京,牛魔","曹操,小乔,敖隐,铠,张飞"
牛魔,张飞,9,阵营1 胜利,"司空震,海月,戈娅,暃,张飞","哪吒,小乔,马可波罗,韩信,牛魔"
牛魔,张飞,10,阵营2 胜利,"元歌,不知火舞,孙权,暃,张飞","影,海诺,戈娅,韩信,牛魔"
牛魔,张飞,11,阵营1 胜利,"老夫子,沈梦溪,蚩奼,娜可露露,牛魔","达摩,甄姬,戈娅,李元芳,张飞"
牛魔,张飞,12,阵营1 胜利,"梦奇,诸葛亮,戈娅,百里玄策,牛魔","花木兰,嫦娥,苍,赵云,张飞"
牛魔,张飞,13,阵营1 胜利,"蚩奼,沈梦溪,戈娅,澜,牛魔","老夫子,不知火舞,艾琳,娜可露露,张飞"
牛魔,张飞,14,阵营1 胜利,"元歌,不知火舞,伽罗,杨戬,牛魔","关羽,沈梦溪,李信,梦奇,张飞"
牛魔,张飞,15,阵营2 胜利,"曹操,沈梦溪,戈娅,百里玄策,牛魔","花木兰,女娲,元流之子(射手),暃,张飞"
牛魔,张飞,16,阵营2 胜利,"程咬金,米莱狄,元流之子(射手),娜可露露,牛魔","哪吒,沈梦溪,公孙离,露娜,张飞"
牛魔,张飞,17,阵营2 胜利,"花木兰,元流之子(法师),公孙离,韩信,牛魔","蚩奼,沈梦溪,元流之子(射手),司马懿,张飞"
牛魔,张飞,18,阵营2 胜利,"芈月,小乔,戈娅,裴擒虎,牛魔","元歌,嫦娥,蚩奼,韩信,张飞"
牛魔,张飞,19,阵营1 胜利,"蒙恬,海月,戈娅,韩信,牛魔","司空震,沈梦溪,蚩奼,孙悟空,张飞"
牛魔,钟馗,1,阵营1 胜利,"老夫子,武则天,李信,百里玄策,牛魔","白起,安琪拉,元流之子(射手),橘右京,钟馗"
牛魔,钟馗,2,阵营1 胜利,"关羽,沈梦溪,艾琳,马超,钟馗","司空震,嫦娥,公孙离,百里玄策,牛魔"
牛魔,钟馗,3,阵营2 胜利,"影,元流之子(法师),戈娅,阿古朵,钟馗","哪吒,嫦娥,后羿,大司命,牛魔"
牛魔,钟馗,4,阵营2 胜利,"芈月,高渐离,戈娅,镜,牛魔","关羽,嫦娥,伽罗,裴擒虎,钟馗"
牛魔,钟馗,5,阵营2 胜利,"兰陵王,沈梦溪,公孙离,暃,钟馗","达摩,女娲,苍,元流之子(刺客),牛魔"
牛魔,钟馗,6,阵营2 胜利,"老夫子,武则天,孙权,镜,钟馗","哪吒,小乔,虞姬,曜,牛魔"
牛魔,钟馗,7,阵营1 胜利,"蒙恬,嫦娥,敖隐,李元芳,牛魔","曹操,沈梦溪,虞姬,典韦,钟馗"
牛魔,钟馗,8,阵营2 胜利,"影,海诺,公孙离,大司命,钟馗","元歌,嫦娥,孙权,镜,牛魔"
牛魔,钟馗,9,阵营1 胜利,"元歌,周瑜,敖隐,影,钟馗","曹操,甄姬,公孙离,赵云,牛魔"
牛魔,钟馗,10,阵营1 胜利,"杨戬,诸葛亮,李信,阿轲,牛魔","关羽,元流之子(法师),百里守约,镜,钟馗"
牛魔,钟馗,11,阵营1 胜利,"蒙恬,嫦娥,虞姬,雅典娜,牛魔","杨戬,貂蝉,蚩奼,典韦,钟馗"
牛魔,钟馗,12,阵营2 胜利,"哪吒,沈梦溪,公孙离,镜,牛魔","蒙恬,弈星,狄仁杰,裴擒虎,钟馗"
牛魔,钟馗,13,阵营2 胜利,"影,不知火舞,苍,马超,钟馗","司空震,小乔,敖隐,诸葛亮,牛魔"
牛魔,钟馗,14,阵营1 胜利,"夏洛特,杨玉环,戈娅,孙悟空,钟馗","老夫子,小乔,蚩奼,镜,牛魔"
牛魔,钟馗,15,阵营1 胜利,"影,妲己,马可波罗,裴擒虎,钟馗","兰陵王,沈梦溪,后羿,马超,牛魔"
牛魔,钟馗,16,阵营1 胜利,"狂铁,嫦娥,鲁班七号,裴擒虎,钟馗","白起,武则天,敖隐,马超,牛魔"
牛魔,钟馗,17,阵营1 胜利,"蒙恬,嫦娥,蚩奼,赵云,牛魔","司空震,女娲,公孙离,曹操,钟馗"
牛魔,钟馗,18,阵营2 胜利,"元歌,上官婉儿,戈娅,镜,钟馗","马超,武则天,元流之子(射手),阿古朵,牛魔"
牛魔,钟馗,19,阵营1 胜利,"曹操,女娲,蒙犽,诸葛亮,钟馗","蚩奼,武则天,孙权,铠,牛魔"
牛魔,杨玉环,1,阵营2 胜利,"影,海月,元流之子(射手),云缨,牛魔","老夫子,弈星,戈娅,阿古朵,杨玉环"
牛魔,杨玉环,2,阵营1 胜利,"孙策,嫦娥,苍,铠,杨玉环","哪吒,西施,莱西奥,马超,牛魔"
牛魔,杨玉环,3,阵营2 胜利,"关羽,弈星,元流之子(射手),诸葛亮,杨玉环","元歌,沈梦溪,苍,韩信,牛魔"
牛魔,杨玉环,4,阵营2 胜利,"关羽,沈梦溪,狄仁杰,孙悟空,牛魔","曹操,元流之子(法师),公孙离,宫本武藏,杨玉环"
牛魔,杨玉环,5,阵营2 胜利,"元歌,不知火舞,李信,元流之子(刺客),杨玉环","关羽,西施,戈娅,孙悟空,牛魔"
牛魔,杨玉环,6,阵营1 胜利,"蚩奼,海诺,虞姬,露娜,牛魔","白起,海月,孙权,阿古朵,杨玉环"
牛魔,杨玉环,7,阵营2 胜利,"项羽,不知火舞,蚩奼,韩信,杨玉环","关羽,沈梦溪,公孙离,裴擒虎,牛魔"
牛魔,杨玉环,8,阵营2 胜利,"哪吒,沈梦溪,元流之子(射手),镜,牛魔","蒙恬,武则天,虞姬,露娜,杨玉环"
牛魔,杨玉环,9,阵营2 胜利,"元流之子(坦克),貂蝉,虞姬,裴擒虎,杨玉环","蚩奼,沈梦溪,元流之子(射手),阿古朵,牛魔"
牛魔,杨玉环,10,阵营1 胜利,"白起,不知火舞,李信,马超,杨玉环","司空震,上官婉儿,敖隐,铠,牛魔"
牛魔,杨玉环,11,阵营1 胜利,"蚩奼,弈星,敖隐,裴擒虎,牛魔","夏洛特,女娲,元流之子(射手),阿古朵,杨玉环"
牛魔,杨玉环,12,阵营2 胜利,"关羽,海月,蚩奼,铠,牛魔","蒙恬,诸葛亮,元流之子(射手),韩信,杨玉环"
牛魔,杨玉环,13,阵营1 胜利,"老夫子,诸葛亮,伽罗,铠,杨玉环","元歌,嬴政,公孙离,云缨,牛魔"
牛魔,杨玉环,14,阵营2 胜利,"哪吒,小乔,公孙离,暃,杨玉环","蒙恬,不知火舞,狄仁杰,孙悟空,牛魔"
牛魔,杨玉环,15,阵营1 胜利,"司空震,安琪拉,敖隐,雅典娜,牛魔","老夫子,诸葛亮,元流之子(射手),大司命,杨玉环"
牛魔,杨玉环,16,阵营1 胜利,"夏洛特,嫦娥,孙尚香,娜可露露,牛魔","白起,武则天,蒙犽,橘右京,杨玉环"
牛魔,杨玉环,17,阵营2 胜利,"司空震,不知火舞,艾琳,裴擒虎,牛魔","蚩奼,小乔,戈娅,橘右京,杨玉环"
牛魔,杨玉环,18,阵营1 胜利,"狂铁,貂蝉,元流之子(射手),裴擒虎,杨玉环","司空震,甄姬,戈娅,阿古朵,牛魔"
牛魔,杨玉环,19,阵营2 胜利,"哪吒,沈梦溪,戈娅,韩信,杨玉环","曹操,貂蝉,李元芳,马超,牛魔"
牛魔,蔡文姬,1,阵营2 胜利,"司空震,杨玉环,蚩奼,杨戬,蔡文姬","元歌,小乔,孙权,百里玄策,牛魔"
牛魔,蔡文姬,2,阵营1 胜利,"曹操,嫦娥,孙权,橘右京,牛魔","哪吒,诸葛亮,百里守约,裴擒虎,蔡文姬"
牛魔,蔡文姬,3,阵营1 胜利,"曹操,小乔,狄仁杰,元流之子(刺客),蔡文姬","马超,沈梦溪,艾琳,铠,牛魔"
牛魔,蔡文姬,4,阵营1 胜利,"蚩奼,姜子牙,司空震,镜,蔡文姬","曹操,小乔,戈娅,孙悟空,牛魔"
牛魔,蔡文姬,5,阵营2 胜利,"哪吒,不知火舞,蚩奼,裴擒虎,牛魔","元歌,小乔,戈娅,宫本武藏,蔡文姬"
牛魔,蔡文姬,6,阵营1 胜利,"曹操,小乔,戈娅,诸葛亮,牛魔","狂铁,西施,元流之子(射手),韩信,蔡文姬"
牛魔,蔡文姬,7,阵营2 胜利,"狂铁,沈梦溪,元流之子(射手),马超,蔡文姬","亚连,嫦娥,戈娅,韩信,牛魔"
牛魔,蔡文姬,8,阵营1 胜利,"杨戬,甄姬,孙尚香,马超,蔡文姬","兰陵王,海诺,虞姬,盘古,牛魔"
牛魔,蔡文姬,9,阵营2 胜利,"孙策,太乙真人,公孙离,马超,牛魔","关羽,诸葛亮,元流之子(射手),裴擒虎,蔡文姬"
牛魔,蔡文姬,10,阵营2 胜利,"孙策,安琪拉,艾琳,阿轲,蔡文姬","蚩奼,嬴政,戈娅,大司命,牛魔"
牛魔,蔡文姬,11,阵营1 胜利,"元歌,沈梦溪,孙尚香,暃,牛魔","老夫子,嫦娥,元流之子(射手),李白,蔡文姬"
牛魔,蔡文姬,12,阵营2 胜利,"关羽,杨玉环,公孙离,韩信,牛魔","孙策,不知火舞,戈娅,暃,蔡文姬"
牛魔,蔡文姬,13,阵营1 胜利,"哪吒,不知火舞,戈娅,裴擒虎,牛魔","夏洛特,嫦娥,元流之子(射手),橘右京,蔡文姬"
牛魔,蔡文姬,14,阵营2 胜利,"蚩奼,嬴政,公孙离,宫本武藏,蔡文姬","哪吒,嫦娥,狄仁杰,韩信,牛魔"
牛魔,蔡文姬,15,阵营1 胜利,"曹操,不知火舞,敖隐,裴擒虎,牛魔","元歌,嫦娥,艾琳,马超,蔡文姬"
牛魔,蔡文姬,16,阵营2 胜利,"蒙恬,不知火舞,元流之子(射手),赵云,蔡文姬","马超,嫦娥,蚩奼,孙悟空,牛魔"
牛魔,蔡文姬,17,阵营2 胜利,"芈月,甄姬,虞姬,镜,牛魔","影,女娲,元流之子(射手),梦奇,蔡文姬"
牛魔,蔡文姬,18,阵营1 胜利,"马可波罗,大乔,蚩奼,百里玄策,牛魔","哪吒,海诺,孙权,马超,蔡文姬"
牛魔,蔡文姬,19,阵营2 胜利,"老夫子,海月,蚩奼,赵云,蔡文姬","芈月,海诺,狄仁杰,铠,牛魔"
牛魔,东皇太一,1,阵营1 胜利,"司空震,小乔,蚩奼,裴擒虎,牛魔","狂铁,貂蝉,孙权,赵云,东皇太一"
牛魔,东皇太一,2,阵营2 胜利,"马超,甄姬,蚩奼,阿古朵,牛魔","老夫子,海诺,元流之子(射手),暃,东皇太一"
牛魔,东皇太一,3,阵营1 胜利,"马超,妲己,孙权,杨戬,东皇太一","元流之子(坦克),诸葛亮,蚩奼,露娜,牛魔"
牛魔,东皇太一,4,阵营1 胜利,"元歌,杨玉环,戈娅,露娜,牛魔","姬小满,嫦娥,鲁班七号,马超,东皇太一"
牛魔,东皇太一,5,阵营2 胜利,"大司命,诸葛亮,公孙离,镜,牛魔","马超,杨玉环,虞姬,铠,东皇太一"
牛魔,东皇太一,6,阵营2 胜利,"元歌,嫦娥,百里守约,诸葛亮,东皇太一","哪吒,海月,元流之子(射手),韩信,牛魔"
牛魔,东皇太一,7,阵营2 胜利,"元歌,敖隐,李信,哪吒,牛魔","夏洛特,上官婉儿,公孙离,曜,东皇太一"
牛魔,东皇太一,8,阵营2 胜利,"猪八戒,小乔,元流之子(射手),暃,牛魔","蒙恬,杨玉环,孙尚香,赵云,东皇太一"
牛魔,东皇太一,9,阵营1 胜利,"司空震,不知火舞,蚩奼,典韦,牛魔","老夫子,西施,公孙离,马超,东皇太一"
牛魔,东皇太一,10,阵营1 胜利,"花木兰,小乔,蚩奼,阿古朵,东皇太一","白起,海诺,戈娅,马超,牛魔"
牛魔,东皇太一,11,阵营1 胜利,"项羽,小乔,元流之子(射手),诸葛亮,东皇太一","亚瑟,嫦娥,艾琳,宫本武藏,牛魔"
牛魔,东皇太一,12,阵营2 胜利,"项羽,女娲,蚩奼,暃,东皇太一","司空震,张良,虞姬,雅典娜,牛魔"
牛魔,东皇太一,13,阵营1 胜利,"哪吒,女娲,苍,诸葛亮,东皇太一","花木兰,海月,孙权,镜,牛魔"
牛魔,东皇太一,14,阵营2 胜利,"元歌,弈星,蚩奼,铠,东皇太一","关羽,不知火舞,戈娅,暃,牛魔"
牛魔,东皇太一,15,阵营1 胜利,"狂铁,沈梦溪,莱西奥,司马懿,牛魔","元流之子(坦克),海诺,艾琳,裴擒虎,东皇太一"
牛魔,东皇太一,16,阵营1 胜利,"关羽,嫦娥,蚩奼,雅典娜,牛魔","夏洛特,海月,狄仁杰,阿古朵,东皇太一"
牛魔,东皇太一,17,阵营1 胜利,"蚩奼,高渐离,后羿,杨戬,东皇太一","关羽,不知火舞,公孙离,诸葛亮,牛魔"
牛魔,东皇太一,18,阵营2 胜利,"哪吒,大乔,元流之子(射手),杨戬,东皇太一","狂铁,貂蝉,蚩奼,云缨,牛魔"
牛魔,东皇太一,19,阵营1 胜利,"狂铁,诸葛亮,蚩奼,云缨,牛魔","司空震,海月,鲁班七号,典韦,东皇太一"
牛魔,大禹,1,阵营1 胜利,"哪吒,妲己,蚩奼,赵云,牛魔","司空震,张良,戈娅,猪八戒,大禹"
牛魔,大禹,2,阵营1 胜利,"司空震,海月,蚩奼,赵云,牛魔","曹操,上官婉儿,孙权,阿古朵,大禹"
牛魔,大禹,3,阵营2 胜利,"曹操,西施,戈娅,赵云,大禹","哪吒,女娲,狄仁杰,阿古朵,牛魔"
牛魔,大禹,4,阵营1 胜利,"花木兰,沈梦溪,虞姬,暃,牛魔","关羽,武则天,元流之子(射手),哪吒,大禹"
牛魔,大禹,5,阵营2 胜利,"马超,女娲,司空震,云中君,牛魔","蚩奼,高渐离,戈娅,李白,大禹"
牛魔,大禹,6,阵营1 胜利,"哪吒,西施,元流之子(射手),镜,大禹","老夫子,武则天,戈娅,裴擒虎,牛魔"
牛魔,大禹,7,阵营2 胜利,"吕布,干将莫邪,元流之子(射手),镜,大禹","司空震,不知火舞,狄仁杰,李白,牛魔"
牛魔,大禹,8,阵营2 胜利,"廉颇,武则天,虞姬,马超,牛魔","元歌,貂蝉,元流之子(射手),诸葛亮,大禹"
牛魔,大禹,9,阵营1 胜利,"哪吒,嫦娥,苍,镜,大禹","芈月,沈梦溪,元流之子(射手),裴擒虎,牛魔"
牛魔,大禹,10,阵营2 胜利,"影,沈梦溪,李元芳,韩信,牛魔","元歌,嫦娥,艾琳,百里玄策,大禹"
牛魔,大禹,11,阵营2 胜利,"司空震,沈梦溪,蚩奼,百里玄策,大禹","狂铁,高渐离,元流之子(射手),阿轲,牛魔"
牛魔,大禹,12,阵营2 胜利,"马超,扁鹊,敖隐,韩信,大禹","曹操,干将莫邪,元流之子(射手),雅典娜,牛魔"
牛魔,大禹,13,阵营2 胜利,"曹操,姜子牙,狄仁杰,裴擒虎,牛魔","元歌,不知火舞,戈娅,韩信,大禹"
牛魔,大禹,14,阵营1 胜利,"花木兰,高渐离,孙尚香,马超,大禹","哪吒,杨玉环,蚩奼,裴擒虎,牛魔"
牛魔,大禹,15,阵营2 胜利,"老夫子,沈梦溪,艾琳,元流之子(刺客),大禹","兰陵王,西施,元流之子(射手),露娜,牛魔"
牛魔,大禹,16,阵营2 胜利,"亚瑟,嫦娥,公孙离,兰陵王,牛魔","芈月,貂蝉,元流之子(射手),娜可露露,大禹"
牛魔,大禹,17,阵营2 胜利,"狂铁,沈梦溪,元流之子(射手),宫本武藏,大禹","老夫子,女娲,虞姬,司马懿,牛魔"
牛魔,大禹,18,阵营2 胜利,"猪八戒,嫦娥,敖隐,韩信,大禹","司空震,杨玉环,后羿,裴擒虎,牛魔"
牛魔,大禹,19,阵营2 胜利,"曹操,嫦娥,蚩奼,哪吒,大禹","蒙恬,貂蝉,元流之子(射手),雅典娜,牛魔"
牛魔,鬼谷子,1,阵营2 胜利,"花木兰,杨玉环,戈娅,李白,牛魔","吕布,小乔,元流之子(射手),露娜,鬼谷子"
牛魔,鬼谷子,2,阵营1 胜利,"关羽,诸葛亮,虞姬,赵云,鬼谷子","吕布,金蝉,元流之子(射手),阿古朵,牛魔"
牛魔,鬼谷子,3,阵营2 胜利,"花木兰,嫦娥,戈娅,露娜,牛魔","狂铁,杨玉环,蚩奼,裴擒虎,鬼谷子"
牛魔,鬼谷子,4,阵营2 胜利,"曹操,嫦娥,鲁班七号,宫本武藏,鬼谷子","亚连,杨玉环,公孙离,暃,牛魔"
牛魔,鬼谷子,5,阵营1 胜利,"关羽,西施,元流之子(射手),娜可露露,牛魔","司空震,诸葛亮,莱西奥,赵云,鬼谷子"
牛魔,鬼谷子,6,阵营2 胜利,"花木兰,不知火舞,艾琳,孙悟空,鬼谷子","曹操,沈梦溪,虞姬,露娜,牛魔"
牛魔,鬼谷子,7,阵营2 胜利,"马超,金蝉,公孙离,元流之子(坦克),鬼谷子","哪吒,女娲,元流之子(射手),镜,牛魔"
牛魔,鬼谷子,8,阵营1 胜利,"曹操,貂蝉,敖隐,铠,鬼谷子","关羽,女娲,李元芳,兰陵王,牛魔"
牛魔,鬼谷子,9,阵营1 胜利,"猪八戒,女娲,艾琳,赵云,牛魔","老夫子,沈梦溪,公孙离,韩信,鬼谷子"
牛魔,鬼谷子,10,阵营2 胜利,"蚩奼,诸葛亮,公孙离,兰陵王,牛魔","猪八戒,小乔,莱西奥,韩信,鬼谷子"
牛魔,鬼谷子,11,阵营2 胜利,"狂铁,杨玉环,敖隐,暃,牛魔","孙策,海诺,艾琳,马超,鬼谷子"
牛魔,鬼谷子,12,阵营1 胜利,"花木兰,沈梦溪,李信,赵云,鬼谷子","元歌,西施,元流之子(射手),雅典娜,牛魔"
牛魔,鬼谷子,13,阵营1 胜利,"关羽,嫦娥,公孙离,元流之子(刺客),鬼谷子","达摩,大乔,孙权,赵云,牛魔"
牛魔,鬼谷子,14,阵营1 胜利,"达摩,元流之子(法师),孙权,赵云,鬼谷子","芈月,诸葛亮,戈娅,露娜,牛魔"
牛魔,鬼谷子,15,阵营2 胜利,"吕布,不知火舞,孙权,阿古朵,鬼谷子","关羽,沈梦溪,元流之子(射手),猪八戒,牛魔"
牛魔,鬼谷子,16,阵营2 胜利,"杨戬,女娲,元流之子(射手),嫦娥,牛魔","元歌,不知火舞,李信,赵云,鬼谷子"
牛魔,鬼谷子,17,阵营2 胜利,"哪吒,干将莫邪,孙权,宫本武藏,牛魔","马超,诸葛亮,公孙离,孙悟空,鬼谷子"
牛魔,鬼谷子,18,阵营1 胜利,"夏洛特,甄姬,元流之子(射手),赵云,鬼谷子","关羽,沈梦溪,苍,韩信,牛魔"
牛魔,鬼谷子,19,阵营1 胜利,"花木兰,女娲,蚩奼,云缨,鬼谷子","兰陵王,诸葛亮,李信,曹操,牛魔"
牛魔,大乔,1,阵营2 胜利,"老夫子,沈梦溪,公孙离,娜可露露,牛魔","兰陵王,海诺,元流之子(射手),雅典娜,大乔"
牛魔,大乔,2,阵营1 胜利,"花木兰,不知火舞,敖隐,宫本武藏,牛魔","海诺,姜子牙,孙权,铠,大乔"
牛魔,大乔,3,阵营2 胜利,"姬小满,女娲,戈娅,暃,牛魔","白起,貂蝉,艾琳,镜,大乔"
牛魔,大乔,4,阵营1 胜利,"哪吒,嬴政,戈娅,典韦,大乔","老夫子,弈星,元流之子(射手),阿古朵,牛魔"
牛魔,大乔,5,阵营1 胜利,"狂铁,上官婉儿,李信,暃,大乔","司空震,杨玉环,元流之子(射手),阿古朵,牛魔"
牛魔,大乔,6,阵营1 胜利,"蒙恬,诸葛亮,元流之子(射手),李元芳,大乔","司空震,嫦娥,孙权,露娜,牛魔"
牛魔,大乔,7,阵营2 胜利,"白起,上官婉儿,公孙离,宫本武藏,大乔","蚩奼,貂蝉,敖隐,暃,牛魔"
牛魔,大乔,8,阵营1 胜利,"曹操,诸葛亮,狄仁杰,马超,牛魔","兰陵王,小乔,孙权,典韦,大乔"
牛魔,大乔,9,阵营2 胜利,"司空震,高渐离,莱西奥,杨戬,大乔","影,女娲,蚩奼,兰陵王,牛魔"
牛魔,大乔,10,阵营1 胜利,"元歌,沈梦溪,蚩奼,橘右京,牛魔","苏烈,海诺,艾琳,大司命,大乔"
牛魔,大乔,11,阵营1 胜利,"夏洛特,嫦娥,蚩奼,娜可露露,大乔","关羽,女娲,戈娅,铠,牛魔"
牛魔,大乔,12,阵营1 胜利,"关羽,妲己,元歌,阿轲,牛魔","李信,杨玉环,蚩奼,裴擒虎,大乔"
牛魔,大乔,13,阵营2 胜利,"哪吒,嫦娥,蚩奼,曜,大乔","芈月,貂蝉,元流之子(射手),韩信,牛魔"
牛魔,大乔,14,阵营2 胜利,"关羽,沈梦溪,狄仁杰,橘右京,牛魔","马超,武则天,蚩奼,孙悟空,大乔"
牛魔,大乔,15,阵营2 胜利,"亚瑟,嫦娥,孙权,马超,牛魔","影,不知火舞,后羿,司马懿,大乔"
牛魔,大乔,16,阵营1 胜利,"元流之子(坦克),嫦娥,虞姬,橘右京,牛魔","关羽,西施,戈娅,百里玄策,大乔"
牛魔,大乔,17,阵营1 胜利,"哪吒,上官婉儿,虞姬,暃,牛魔","兰陵王,甄姬,李信,曜,大乔"
牛魔,大乔,18,阵营1 胜利,"达摩,沈梦溪,蚩奼,云缨,牛魔","吕布,武则天,孙权,宫本武藏,大乔"
牛魔,大乔,19,阵营2 胜利,"影,小乔,元流之子(射手),大司命,牛魔","杨戬,西施,戈娅,暃,大乔"
牛魔,苏烈,1,阵营2 胜利,"蚩奼,女娲,公孙离,裴擒虎,苏烈","孙策,沈梦溪,戈娅,韩信,牛魔"
牛魔,苏烈,2,阵营2 胜利,"司空震,西施,元流之子(射手),孙悟空,苏烈","芈月,海诺,戈娅,猪八戒,牛魔"
牛魔,苏烈,3,阵营1 胜利,"关羽,干将莫邪,敖隐,猪八戒,牛魔","刘邦,海月,元流之子(射手),暃,苏烈"
牛魔,苏烈,4,阵营1 胜利,"元歌,弈星,蚩奼,裴擒虎,苏烈","关羽,嫦娥,元流之子(射手),司马懿,牛魔"
牛魔,苏烈,5,阵营1 胜利,"哪吒,女娲,李信,韩信,牛魔","元歌,妲己,苍,司马懿,苏烈"
牛魔,苏烈,6,阵营2 胜利,"吕布,武则天,元流之子(射手),镜,牛魔","司空震,海诺,戈娅,云缨,苏烈"
牛魔,苏烈,7,阵营2 胜利,"老夫子,安琪拉,元流之子(射手),百里玄策,苏烈","影,沈梦溪,百里守约,曜,牛魔"
牛魔,苏烈,8,阵营2 胜利,"达摩,杨玉环,莱西奥,典韦,苏烈","影,嫦娥,蚩奼,韩信,牛魔"
牛魔,苏烈,9,阵营2 胜利,"关羽,沈梦溪,戈娅,裴擒虎,牛魔","蒙恬,小乔,元流之子(射手),橘右京,苏烈"
牛魔,苏烈,10,阵营2 胜利,"元歌,诸葛亮,元流之子(射手),大司命,牛魔","夏洛特,大乔,阿古朵,镜,苏烈"
牛魔,苏烈,11,阵营1 胜利,"司空震,张良,苍,铠,苏烈","曹操,嫦娥,蚩奼,李元芳,牛魔"
牛魔,苏烈,12,阵营1 胜利,"影,周瑜,元流之子(射手),大司命,苏烈","狂铁,海月,戈娅,澜,牛魔"
牛魔,苏烈,13,阵营1 胜利,"蚩奼,杨玉环,孙权,娜可露露,牛魔","蒙恬,姜子牙,李信,马超,苏烈"
牛魔,苏烈,14,阵营1 胜利,"关羽,周瑜,蚩奼,赵云,牛魔","孙策,杨玉环,后羿,裴擒虎,苏烈"
牛魔,苏烈,15,阵营2 胜利,"亚瑟,西施,元流之子(射手),镜,牛魔","杨戬,小乔,李元芳,李白,苏烈"
牛魔,苏烈,16,阵营2 胜利,"马超,西施,公孙离,云缨,苏烈","曹操,弈星,元流之子(射手),孙悟空,牛魔"
牛魔,苏烈,17,阵营1 胜利,"影,女娲,公孙离,铠,苏烈","司空震,诸葛亮,元流之子(射手),镜,牛魔"
牛魔,苏烈,18,阵营1 胜利,"花木兰,不知火舞,戈娅,百里玄策,牛魔","蒙恬,西施,敖隐,裴擒虎,苏烈"
牛魔,苏烈,19,阵营1 胜利,"司空震,小乔,元流之子(射手),韩信,牛魔","关羽,大乔,蚩奼,镜,苏烈"
牛魔,明世隐,1,阵营2 胜利,"亚瑟,女娲,蚩奼,兰陵王,牛魔","曹操,武则天,虞姬,宫本武藏,明世隐"
牛魔,明世隐,2,阵营2 胜利,"马超,甄姬,狄仁杰,大司命,牛魔","曹操,安琪拉,元流之子(射手),宫本武藏,明世隐"
牛魔,明世隐,3,阵营1 胜利,"达摩,女娲,元歌,马超,牛魔","司空震,小乔,敖隐,赵云,明世隐"
牛魔,明世隐,4,阵营2 胜利,"蚩奼,嫦娥,敖隐,暃,牛魔","元歌,安琪拉,元流之子(射手),典韦,明世隐"
牛魔,明世隐,5,阵营2 胜利,"哪吒,女娲,苍,云缨,牛魔","花木兰,不知火舞,元流之子(射手),百里玄策,明世隐"
牛魔,明世隐,6,阵营2 胜利,"蚩奼,周瑜,虞姬,暃,明世隐","姬小满,弈星,李元芳,铠,牛魔"
牛魔,瑶,1,阵营2 胜利,"曹操,杨玉环,戈娅,镜,瑶","关羽,不知火舞,公孙离,暃,牛魔"
牛魔,瑶,2,阵营1 胜利,"司空震,小乔,公孙离,阿古朵,牛魔","姬小满,女娲,孙权,镜,瑶"
牛魔,瑶,3,阵营1 胜利,"老夫子,沈梦溪,蚩奼,裴擒虎,瑶","关羽,不知火舞,戈娅,铠,牛魔"
牛魔,瑶,4,阵营1 胜利,"狂铁,沈梦溪,敖隐,露娜,瑶","元歌,弈星,元流之子(射手),澜,牛魔"
牛魔,瑶,5,阵营2 胜利,"司空震,大乔,敖隐,裴擒虎,瑶","马超,小乔,百里守约,刘备,牛魔"
牛魔,瑶,6,阵营1 胜利,"老夫子,高渐离,敖隐,露娜,瑶","花木兰,貂蝉,孙尚香,裴擒虎,牛魔"
牛魔,瑶,7,阵营2 胜利,"海诺,杨玉环,蚩奼,孙悟空,瑶","哪吒,不知火舞,戈娅,镜,牛魔"
牛魔,瑶,8,阵营1 胜利,"夏洛特,女娲,元流之子(射手),露娜,瑶","影,不知火舞,戈娅,典韦,牛魔"
牛魔,瑶,9,阵营1 胜利,"曹操,沈梦溪,苍,裴擒虎,瑶","关羽,嫦娥,孙权,赵云,牛魔"
牛魔,瑶,10,阵营2 胜利,"哪吒,沈梦溪,戈娅,露娜,牛魔","元歌,嫦娥,蒙犽,孙悟空,瑶"
牛魔,瑶,11,阵营1 胜利,"夏洛特,诸葛亮,孙权,钟无艳,牛魔","元歌,貂蝉,艾琳,孙悟空,瑶"
牛魔,瑶,12,阵营1 胜利,"达摩,诸葛亮,元流之子(射手),马超,牛魔","吕布,杨玉环,苍,镜,瑶"
牛魔,瑶,13,阵营2 胜利,"吕布,女娲,孙尚香,暃,牛魔","司空震,嫦娥,敖隐,梦奇,瑶"
牛魔,瑶,14,阵营2 胜利,"白起,武则天,虞姬,马超,瑶","狂铁,沈梦溪,后羿,宫本武藏,牛魔"
牛魔,瑶,15,阵营2 胜利,"影,西施,虞姬,元流之子(刺客),牛魔","哪吒,大乔,元流之子(射手),暃,瑶"
牛魔,瑶,16,阵营2 胜利,"关羽,海月,元流之子(射手),阿古朵,牛魔","元歌,弈星,戈娅,云缨,瑶"
牛魔,瑶,17,阵营2 胜利,"蚩奼,武则天,敖隐,裴擒虎,牛魔","狂铁,不知火舞,苍,大司命,瑶"
牛魔,瑶,18,阵营1 胜利,"元歌,武则天,孙权,娜可露露,牛魔","马超,不知火舞,公孙离,裴擒虎,瑶"
牛魔,瑶,19,阵营1 胜利,"狂铁,不知火舞,敖隐,裴擒虎,牛魔","司空震,沈梦溪,虞姬,橘右京,瑶"
牛魔,盾山,1,阵营1 胜利,"司空震,沈梦溪,莱西奥,裴擒虎,牛魔","狂铁,西施,艾琳,澜,盾山"
牛魔,盾山,2,阵营1 胜利,"曹操,干将莫邪,蚩奼,宫本武藏,盾山","梦奇,海诺,李元芳,曜,牛魔"
牛魔,盾山,3,阵营2 胜利,"马超,嫦娥,公孙离,裴擒虎,牛魔","哪吒,西施,李信,宫本武藏,盾山"
牛魔,盾山,4,阵营1 胜利,"蒙恬,安琪拉,公孙离,娜可露露,牛魔","老夫子,沈梦溪,蚩奼,杨戬,盾山"
牛魔,盾山,5,阵营2 胜利,"马超,沈梦溪,戈娅,暃,牛魔","关羽,不知火舞,艾琳,宫本武藏,盾山"
牛魔,盾山,6,阵营2 胜利,"曹操,西施,蚩奼,铠,盾山","蒙恬,扁鹊,孙权,典韦,牛魔"
牛魔,盾山,7,阵营2 胜利,"曹操,沈梦溪,公孙离,诸葛亮,牛魔","元歌,嫦娥,蚩奼,雅典娜,盾山"
牛魔,盾山,8,阵营2 胜利,"海诺,沈梦溪,蚩奼,司马懿,盾山","哪吒,嫦娥,元流之子(射手),暃,牛魔"
牛魔,盾山,9,阵营1 胜利,"影,周瑜,元流之子(射手),裴擒虎,牛魔","狂铁,弈星,百里守约,赵云,盾山"
牛魔,盾山,10,阵营2 胜利,"元歌,女娲,伽罗,赵云,盾山","盘古,海月,百里守约,百里玄策,牛魔"
牛魔,盾山,11,阵营2 胜利,"梦奇,诸葛亮,虞姬,马超,牛魔","元歌,不知火舞,艾琳,阿轲,盾山"
牛魔,盾山,12,阵营2 胜利,"影,王昭君,蚩奼,云缨,盾山","元歌,嫦娥,司空震,马超,牛魔"
牛魔,盾山,13,阵营1 胜利,"司空震,貂蝉,狄仁杰,云缨,牛魔","芈月,女娲,黄忠,韩信,盾山"
牛魔,盾山,14,阵营1 胜利,"元歌,武则天,元流之子(射手),铠,牛魔","司空震,不知火舞,蚩奼,元流之子(坦克),盾山"
牛魔,盾山,15,阵营1 胜利,"芈月,上官婉儿,蚩奼,铠,牛魔","老夫子,甄姬,李信,马超,盾山"
牛魔,盾山,16,阵营1 胜利,"元歌,貂蝉,李元芳,镜,牛魔","达摩,诸葛亮,戈娅,李白,盾山"
牛魔,盾山,17,阵营2 胜利,"曹操,貂蝉,艾琳,孙悟空,盾山","老夫子,元流之子(法师),戈娅,赵云,牛魔"
牛魔,盾山,18,阵营1 胜利,"影,海诺,元流之子(射手),孙悟空,牛魔","大司命,女娲,孙尚香,裴擒虎,盾山"
牛魔,盾山,19,阵营1 胜利,"孙策,女娲,元流之子(射手),雅典娜,牛魔","司空震,不知火舞,百里守约,镜,盾山"
牛魔,西施,1,阵营2 胜利,"影,上官婉儿,蚩奼,梦奇,西施","蒙恬,海月,公孙离,赵云,牛魔"
牛魔,西施,2,阵营1 胜利,"司空震,姜子牙,艾琳,百里玄策,西施","夏洛特,女娲,戈娅,哪吒,牛魔"
牛魔,鲁班大师,1,阵营2 胜利,"关羽,西施,公孙离,马超,鲁班大师","老夫子,沈梦溪,苍,赵云,牛魔"
牛魔,鲁班大师,2,阵营2 胜利,"元歌,小乔,公孙离,李元芳,牛魔","关羽,武则天,蚩奼,李白,鲁班大师"
牛魔,鲁班大师,3,阵营2 胜利,"姬小满,沈梦溪,元流之子(射手),云中君,鲁班大师","老夫子,女娲,虞姬,阿轲,牛魔"
牛魔,鲁班大师,4,阵营2 胜利,"哪吒,西施,百里守约,孙悟空,鲁班大师","老夫子,不知火舞,虞姬,娜可露露,牛魔"
牛魔,鲁班大师,5,阵营2 胜利,"司空震,甄姬,苍,孙悟空,鲁班大师","夏洛特,大乔,元流之子(射手),橘右京,牛魔"
牛魔,鲁班大师,6,阵营2 胜利,"老夫子,武则天,公孙离,赵云,牛魔","芈月,高渐离,蚩奼,铠,鲁班大师"
牛魔,鲁班大师,7,阵营1 胜利,"亚瑟,沈梦溪,蚩奼,裴擒虎,牛魔","元歌,不知火舞,艾琳,露娜,鲁班大师"
牛魔,鲁班大师,8,阵营1 胜利,"元歌,甄姬,公孙离,裴擒虎,鲁班大师","曹操,大乔,元流之子(射手),马超,牛魔"
牛魔,鲁班大师,9,阵营1 胜利,"马超,弈星,元流之子(射手),露娜,鲁班大师","老夫子,干将莫邪,孙权,镜,牛魔"
牛魔,鲁班大师,10,阵营1 胜利,"亚瑟,沈梦溪,马可波罗,裴擒虎,鲁班大师","夏洛特,小乔,后羿,司马懿,牛魔"
牛魔,鲁班大师,11,阵营2 胜利,"元歌,诸葛亮,元流之子(射手),曜,牛魔","兰陵王,沈梦溪,敖隐,司马懿,鲁班大师"
牛魔,鲁班大师,12,阵营1 胜利,"沈梦溪,花木兰,李信,镜,鲁班大师","狂铁,嫦娥,狄仁杰,雅典娜,牛魔"
牛魔,鲁班大师,13,阵营1 胜利,"马超,沈梦溪,苍,典韦,牛魔","姬小满,嫦娥,元流之子(射手),裴擒虎,鲁班大师"
牛魔,鲁班大师,14,阵营2 胜利,"亚瑟,大乔,元流之子(射手),云缨,鲁班大师","吕布,甄姬,公孙离,诸葛亮,牛魔"
牛魔,鲁班大师,15,阵营1 胜利,"哪吒,上官婉儿,公孙离,马超,牛魔","猪八戒,大乔,蚩奼,暃,鲁班大师"
牛魔,鲁班大师,16,阵营1 胜利,"元歌,小乔,阿古朵,裴擒虎,鲁班大师","曹操,沈梦溪,元流之子(射手),露娜,牛魔"
牛魔,鲁班大师,17,阵营2 胜利,"马超,嬴政,元流之子(射手),孙悟空,鲁班大师","芈月,小乔,戈娅,裴擒虎,牛魔"
牛魔,鲁班大师,18,阵营1 胜利,"哪吒,姜子牙,苍,橘右京,牛魔","赵怀真,海月,鲁班七号,刘备,鲁班大师"
牛魔,鲁班大师,19,阵营1 胜利,"元歌,海诺,元流之子(射手),镜,鲁班大师","马超,高渐离,虞姬,云缨,牛魔"
牛魔,桑启,1,阵营2 胜利,"老夫子,海月,戈娅,阿古朵,桑启","关羽,沈梦溪,元流之子(射手),韩信,牛魔"
牛魔,桑启,2,阵营2 胜利,"蒙恬,小乔,伽罗,孙悟空,桑启","花木兰,高渐离,公孙离,诸葛亮,牛魔"
牛魔,桑启,3,阵营2 胜利,"老夫子,不知火舞,鲁班七号,元流之子(刺客),桑启","元歌,小乔,虞姬,李白,牛魔"
牛魔,桑启,4,阵营1 胜利,"关羽,小乔,元流之子(射手),马超,牛魔","花木兰,海诺,虞姬,暃,桑启"
牛魔,桑启,5,阵营1 胜利,"曹操,海月,公孙离,大司命,牛魔","司空震,海诺,戈娅,铠,桑启"
牛魔,桑启,6,阵营2 胜利,"元歌,大乔,孙权,孙悟空,桑启","司空震,嫦娥,艾琳,暃,牛魔"
牛魔,桑启,7,阵营2 胜利,"蒙恬,沈梦溪,李信,梦奇,牛魔","元歌,大乔,蚩奼,典韦,桑启"
牛魔,桑启,8,阵营1 胜利,"马超,海月,虞姬,铠,桑启","达摩,甄姬,蚩奼,宫本武藏,牛魔"
牛魔,桑启,9,阵营2 胜利,"哪吒,诸葛亮,苍,裴擒虎,牛魔","关羽,大乔,艾琳,露娜,桑启"
牛魔,桑启,10,阵营2 胜利,"马超,貂蝉,虞姬,百里玄策,牛魔","廉颇,沈梦溪,李信,娜可露露,桑启"
牛魔,桑启,11,阵营2 胜利,"司空震,海诺,元流之子(射手),阿古朵,牛魔","影,扁鹊,蚩奼,百里玄策,桑启"
牛魔,桑启,12,阵营2 胜利,"大司命,海月,戈娅,云缨,牛魔","亚瑟,女娲,元流之子(射手),暃,桑启"
牛魔,桑启,13,阵营1 胜利,"曹操,海诺,戈娅,元流之子(刺客),桑启","司空震,嬴政,孙权,云缨,牛魔"
牛魔,桑启,14,阵营2 胜利,"影,甄姬,敖隐,司马懿,桑启","曹操,大乔,李信,铠,牛魔"
牛魔,桑启,15,阵营2 胜利,"狂铁,甄姬,孙权,曜,桑启","哪吒,小乔,李元芳,韩信,牛魔"
牛魔,桑启,16,阵营1 胜利,"刘邦,沈梦溪,鲁班七号,马超,桑启","狂铁,貂蝉,苍,裴擒虎,牛魔"
牛魔,桑启,17,阵营2 胜利,"哪吒,嫦娥,蚩奼,兰陵王,牛魔","夏洛特,王昭君,元流之子(射手),裴擒虎,桑启"
牛魔,桑启,18,阵营2 胜利,"狂铁,沈梦溪,公孙离,阿古朵,牛魔","蒙恬,不知火舞,狄仁杰,韩信,桑启"
牛魔,桑启,19,阵营1 胜利,"芈月,米莱狄,元流之子(射手),暃,桑启","老夫子,甄姬,艾琳,阿古朵,牛魔"
牛魔,赵怀真,1,阵营1 胜利,"芈月,王昭君,后羿,元流之子(刺客),牛魔","司空震,海月,元流之子(射手),云缨,赵怀真"
牛魔,赵怀真,2,阵营2 胜利,"芈月,沈梦溪,苍,盘古,赵怀真","夏洛特,大乔,公孙离,马超,牛魔"
牛魔,赵怀真,3,阵营2 胜利,"哪吒,貂蝉,公孙离,镜,赵怀真","影,安琪拉,伽罗,赵云,牛魔"
牛魔,赵怀真,4,阵营1 胜利,"蚩奼,女娲,后羿,裴擒虎,牛魔","司空震,武则天,孙权,李白,赵怀真"
牛魔,赵怀真,5,阵营1 胜利,"元歌,公孙离,嬴政,曜,赵怀真","花木兰,小乔,虞姬,诸葛亮,牛魔"
牛魔,赵怀真,6,阵营2 胜利,"蒙恬,金蝉,戈娅,百里玄策,牛魔","司空震,女娲,公孙离,司马懿,赵怀真"
牛魔,赵怀真,7,阵营2 胜利,"影,上官婉儿,艾琳,孙悟空,牛魔","关羽,高渐离,蚩奼,哪吒,赵怀真"
牛魔,赵怀真,8,阵营1 胜利,"老夫子,沈梦溪,后羿,宫本武藏,赵怀真","马超,海月,蚩奼,云缨,牛魔"
牛魔,赵怀真,9,阵营1 胜利,"蚩奼,沈梦溪,孙权,大司命,赵怀真","猪八戒,不知火舞,虞姬,裴擒虎,牛魔"
牛魔,赵怀真,10,阵营2 胜利,"曹操,女娲,戈娅,裴擒虎,牛魔","达摩,沈梦溪,元流之子(射手),猪八戒,赵怀真"
牛魔,赵怀真,11,阵营1 胜利,"花木兰,大乔,元流之子(射手),马超,牛魔","影,上官婉儿,李元芳,阿古朵,赵怀真"
牛魔,赵怀真,12,阵营1 胜利,"哪吒,嫦娥,蚩奼,铠,牛魔","达摩,海月,公孙离,马超,赵怀真"
牛魔,赵怀真,13,阵营2 胜利,"元歌,嫦娥,莱西奥,孙悟空,赵怀真","孙策,高渐离,百里守约,云中君,牛魔"
牛魔,赵怀真,14,阵营1 胜利,"元歌,沈梦溪,元流之子(射手),暃,赵怀真","马超,大乔,孙权,镜,牛魔"
牛魔,赵怀真,15,阵营2 胜利,"曹操,墨子,敖隐,阿古朵,赵怀真","元歌,女娲,百里守约,橘右京,牛魔"
牛魔,赵怀真,16,阵营2 胜利,"影,嫦娥,李信,曜,赵怀真","夏洛特,小乔,孙权,李白,牛魔"
牛魔,赵怀真,17,阵营1 胜利,"影,诸葛亮,元流之子(射手),马超,赵怀真","老夫子,干将莫邪,李信,裴擒虎,牛魔"
牛魔,赵怀真,18,阵营1 胜利,"兰陵王,杨玉环,孙权,铠,赵怀真","吕布,沈梦溪,元流之子(射手),孙悟空,牛魔"
牛魔,赵怀真,19,阵营2 胜利,"马超,大乔,公孙离,杨戬,牛魔","花木兰,高渐离,蚩奼,裴擒虎,赵怀真"
牛魔,空空儿,1,阵营1 胜利,"司空震,杨玉环,蚩奼,马超,空空儿","元歌,武则天,公孙离,杨戬,牛魔"
牛魔,空空儿,2,阵营1 胜利,"夏洛特,干将莫邪,元流之子(射手),云中君,空空儿","影,不知火舞,蒙犽,李白,牛魔"
牛魔,空空儿,3,阵营2 胜利,"马超,不知火舞,公孙离,云中君,牛魔","姬小满,沈梦溪,蚩奼,诸葛亮,空空儿"
牛魔,空空儿,4,阵营1 胜利,"花木兰,海诺,元流之子(射手),露娜,牛魔","夏洛特,小乔,鲁班七号,哪吒,空空儿"
牛魔,空空儿,5,阵营1 胜利,"杨戬,小乔,黄忠,韩信,空空儿","狂铁,嫦娥,元流之子(射手),诸葛亮,牛魔"
牛魔,空空儿,6,阵营1 胜利,"影,诸葛亮,元流之子(射手),裴擒虎,空空儿","蚩奼,杨玉环,马可波罗,阿古朵,牛魔"
牛魔,空空儿,7,阵营1 胜利,"哪吒,沈梦溪,敖隐,百里玄策,牛魔","梦奇,海月,元流之子(射手),阿古朵,空空儿"
牛魔,空空儿,8,阵营1 胜利,"元歌,上官婉儿,公孙离,橘右京,空空儿","曹操,沈梦溪,元流之子(射手),云缨,牛魔"
牛魔,空空儿,9,阵营2 胜利,"马超,沈梦溪,苍,裴擒虎,牛魔","狂铁,诸葛亮,孙权,元流之子(刺客),空空儿"
牛魔,空空儿,10,阵营2 胜利,"姬小满,姜子牙,元流之子(射手),百里玄策,空空儿","元歌,诸葛亮,孙权,司马懿,牛魔"
牛魔,空空儿,11,阵营1 胜利,"狂铁,安琪拉,元流之子(射手),马超,牛魔","司空震,不知火舞,艾琳,百里玄策,空空儿"
牛魔,空空儿,12,阵营2 胜利,"元歌,嫦娥,虞姬,暃,牛魔","马超,女娲,李信,裴擒虎,空空儿"
牛魔,空空儿,13,阵营2 胜利,"姬小满,女娲,公孙离,裴擒虎,牛魔","司空震,沈梦溪,戈娅,韩信,空空儿"
牛魔,空空儿,14,阵营1 胜利,"曹操,姜子牙,虞姬,云缨,空空儿","姬小满,女娲,公孙离,裴擒虎,牛魔"
牛魔,空空儿,15,阵营1 胜利,"曹操,甄姬,元流之子(射手),司马懿,空空儿","关羽,沈梦溪,蚩奼,元流之子(刺客),牛魔"
牛魔,空空儿,16,阵营2 胜利,"老夫子,海诺,后羿,裴擒虎,牛魔","蚩奼,小乔,元流之子(射手),盘古,空空儿"
牛魔,空空儿,17,阵营1 胜利,"司空震,杨玉环,公孙离,铠,牛魔","元歌,女娲,虞姬,马超,空空儿"
牛魔,空空儿,18,阵营1 胜利,"亚瑟,女娲,蚩奼,娜可露露,空空儿","芈月,干将莫邪,李信,云中君,牛魔"
牛魔,空空儿,19,阵营1 胜利,"影,不知火舞,苍,裴擒虎,空空儿","曹操,高渐离,公孙离,杨戬,牛魔"
牛魔,少司缘,1,阵营2 胜利,"元歌,杨玉环,公孙离,刘备,少司缘","老夫子,甄姬,元流之子(射手),孙悟空,牛魔"
牛魔,少司缘,2,阵营2 胜利,"哪吒,嫦娥,公孙离,裴擒虎,少司缘","曹操,小乔,戈娅,马超,牛魔"
牛魔,少司缘,3,阵营1 胜利,"夏洛特,甄姬,元流之子(射手),赵云,少司缘","狂铁,女娲,苍,诸葛亮,牛魔"
牛魔,少司缘,4,阵营2 胜利,"芈月,杨玉环,蚩奼,暃,少司缘","元歌,诸葛亮,司空震,镜,牛魔"
牛魔,少司缘,5,阵营1 胜利,"花木兰,不知火舞,苍,韩信,牛魔","狂铁,沈梦溪,戈娅,曜,少司缘"
牛魔,少司缘,6,阵营2 胜利,"夏洛特,杨玉环,苍,铠,少司缘","元歌,沈梦溪,后羿,哪吒,牛魔"
牛魔,少司缘,7,阵营1 胜利,"老夫子,大乔,百里守约,诸葛亮,少司缘","司空震,沈梦溪,蚩奼,阿古朵,牛魔"
牛魔,少司缘,8,阵营2 胜利,"关羽,杨玉环,戈娅,韩信,牛魔","司空震,女娲,元流之子(射手),影,少司缘"
牛魔,少司缘,9,阵营2 胜利,"影,沈梦溪,蚩奼,镜,少司缘","兰陵王,高渐离,鲁班七号,韩信,牛魔"
牛魔,少司缘,10,阵营1 胜利,"夏洛特,嫦娥,公孙离,阿古朵,少司缘","马超,甄姬,元流之子(射手),裴擒虎,牛魔"
牛魔,少司缘,11,阵营1 胜利,"暃,沈梦溪,公孙离,宫本武藏,牛魔","元歌,姜子牙,虞姬,诸葛亮,少司缘"
牛魔,少司缘,12,阵营1 胜利,"曹操,沈梦溪,艾琳,阿古朵,牛魔","花木兰,诸葛亮,元流之子(射手),云缨,少司缘"
牛魔,少司缘,13,阵营2 胜利,"哪吒,高渐离,李元芳,露娜,牛魔","芈月,大乔,元流之子(射手),镜,少司缘"
牛魔,少司缘,14,阵营2 胜利,"夏洛特,大乔,敖隐,云缨,少司缘","曹操,貂蝉,苍,橘右京,牛魔"
牛魔,少司缘,15,阵营2 胜利,"影,貂蝉,敖隐,露娜,牛魔","元歌,不知火舞,戈娅,娜可露露,少司缘"
牛魔,少司缘,16,阵营2 胜利,"蚩奼,女娲,元流之子(射手),马超,牛魔","曹操,沈梦溪,戈娅,宫本武藏,少司缘"
牛魔,少司缘,17,阵营2 胜利,"影,嫦娥,后羿,暃,少司缘","司空震,甄姬,元流之子(射手),赵云,牛魔"
牛魔,少司缘,18,阵营2 胜利,"影,甄姬,蚩奼,元流之子(刺客),牛魔","曹操,沈梦溪,戈娅,韩信,少司缘"
牛魔,少司缘,19,阵营1 胜利,"影,妲己,蚩奼,云缨,牛魔","狂铁,弈星,艾琳,露娜,少司缘"
牛魔,元流之子(坦克),1,阵营2 胜利,"东皇太一,小乔,蚩奼,铠,牛魔","兰陵王,嫦娥,孙尚香,橘右京,元流之子(坦克)"
牛魔,元流之子(坦克),2,阵营1 胜利,"杨戬,甄姬,艾琳,曜,牛魔","司空震,海月,马可波罗,裴擒虎,元流之子(坦克)"
牛魔,元流之子(坦克),3,阵营1 胜利,"关羽,嫦娥,敖隐,娜可露露,元流之子(坦克)","元歌,小乔,元流之子(射手),韩信,牛魔"
牛魔,元流之子(坦克),4,阵营1 胜利,"芈月,女娲,蚩奼,镜,元流之子(坦克)","盘古,大乔,元流之子(射手),诸葛亮,牛魔"
牛魔,元流之子(坦克),5,阵营1 胜利,"元歌,不知火舞,敖隐,大司命,元流之子(坦克)","亚瑟,女娲,李信,诸葛亮,牛魔"
牛魔,元流之子(坦克),6,阵营1 胜利,"海诺,诸葛亮,元流之子(射手),李元芳,牛魔","曹操,武则天,敖隐,马超,元流之子(坦克)"
牛魔,元流之子(坦克),7,阵营2 胜利,"白起,海月,孙权,百里玄策,元流之子(坦克)","影,嫦娥,蚩奼,马超,牛魔"
牛魔,元流之子(坦克),8,阵营2 胜利,"达摩,沈梦溪,艾琳,镜,元流之子(坦克)","哪吒,小乔,戈娅,大司命,牛魔"
牛魔,元流之子(坦克),9,阵营1 胜利,"哪吒,诸葛亮,蚩奼,典韦,元流之子(坦克)","老夫子,嬴政,虞姬,阿古朵,牛魔"
牛魔,元流之子(坦克),10,阵营1 胜利,"达摩,不知火舞,元流之子(射手),镜,牛魔","老夫子,嫦娥,李元芳,阿古朵,元流之子(坦克)"
牛魔,元流之子(坦克),11,阵营1 胜利,"马超,王昭君,马可波罗,哪吒,元流之子(坦克)","孙悟空,元流之子(法师),戈娅,露娜,牛魔"
牛魔,元流之子(坦克),12,阵营2 胜利,"关羽,西施,元流之子(射手),韩信,牛魔","狂铁,小乔,蚩奼,云中君,元流之子(坦克)"
牛魔,元流之子(坦克),13,阵营1 胜利,"关羽,甄姬,李信,阿轲,牛魔","老夫子,弈星,莱西奥,橘右京,元流之子(坦克)"
牛魔,元流之子(坦克),14,阵营2 胜利,"花木兰,甄姬,蚩奼,宫本武藏,牛魔","哪吒,武则天,虞姬,阿轲,元流之子(坦克)"
牛魔,元流之子(坦克),15,阵营1 胜利,"蚩奼,貂蝉,戈娅,哪吒,牛魔","元歌,诸葛亮,后羿,孙悟空,元流之子(坦克)"
牛魔,元流之子(坦克),16,阵营2 胜利,"影,嫦娥,李信,诸葛亮,牛魔","哪吒,海月,孙权,橘右京,元流之子(坦克)"
牛魔,元流之子(坦克),17,阵营2 胜利,"曹操,安琪拉,孙权,曜,牛魔","亚瑟,西施,虞姬,马超,元流之子(坦克)"
牛魔,元流之子(坦克),18,阵营2 胜利,"夏洛特,沈梦溪,元流之子(射手),兰陵王,牛魔","元歌,嫦娥,虞姬,裴擒虎,元流之子(坦克)"
牛魔,元流之子(坦克),19,阵营2 胜利,"曹操,女娲,艾琳,云缨,元流之子(坦克)","老夫子,米莱狄,狄仁杰,云中君,牛魔"
牛魔,元流之子(辅助),1,阵营2 胜利,"亚瑟,貂蝉,马可波罗,裴擒虎,牛魔","老夫子,不知火舞,虞姬,孙悟空,元流之子(辅助)"
牛魔,元流之子(辅助),2,阵营2 胜利,"狂铁,大乔,艾琳,镜,元流之子(辅助)","曹操,女娲,李信,暃,牛魔"
牛魔,元流之子(辅助),3,阵营2 胜利,"哪吒,弈星,戈娅,阿古朵,牛魔","司空震,安琪拉,狄仁杰,马超,元流之子(辅助)"
牛魔,元流之子(辅助),4,阵营2 胜利,"影,诸葛亮,公孙离,宫本武藏,牛魔","赵怀真,海月,孙权,铠,元流之子(辅助)"
牛魔,元流之子(辅助),5,阵营1 胜利,"夏洛特,甄姬,苍,娜可露露,牛魔","元歌,嫦娥,戈娅,孙悟空,元流之子(辅助)"
牛魔,元流之子(辅助),6,阵营1 胜利,"影,不知火舞,蚩奼,铠,牛魔","狂铁,沈梦溪,百里守约,刘备,元流之子(辅助)"
牛魔,元流之子(辅助),7,阵营2 胜利,"花木兰,沈梦溪,虞姬,阿轲,牛魔","蒙恬,诸葛亮,蚩奼,铠,元流之子(辅助)"
牛魔,元流之子(辅助),8,阵营2 胜利,"哪吒,武则天,狄仁杰,暃,元流之子(辅助)","蚩奼,上官婉儿,孙权,刘备,牛魔"
牛魔,元流之子(辅助),9,阵营1 胜利,"姬小满,海诺,李信,典韦,牛魔","曹操,不知火舞,百里守约,盘古,元流之子(辅助)"
牛魔,元流之子(辅助),10,阵营1 胜利,"元歌,甄姬,苍,韩信,牛魔","夏洛特,高渐离,狄仁杰,赵云,元流之子(辅助)"
牛魔,元流之子(辅助),11,阵营1 胜利,"狂铁,诸葛亮,公孙离,阿古朵,牛魔","白起,海诺,艾琳,雅典娜,元流之子(辅助)"
牛魔,元流之子(辅助),12,阵营1 胜利,"猪八戒,甄姬,元流之子(射手),裴擒虎,牛魔","哪吒,安琪拉,戈娅,赵云,元流之子(辅助)"
牛魔,元流之子(辅助),13,阵营2 胜利,"哪吒,诸葛亮,敖隐,镜,元流之子(辅助)","关羽,小乔,伽罗,阿古朵,牛魔"
牛魔,元流之子(辅助),14,阵营1 胜利,"狂铁,沈梦溪,敖隐,暃,元流之子(辅助)","关羽,诸葛亮,海诺,裴擒虎,牛魔"
牛魔,元流之子(辅助),15,阵营2 胜利,"花木兰,小乔,公孙离,孙悟空,元流之子(辅助)","关羽,诸葛亮,孙权,露娜,牛魔"
牛魔,元流之子(辅助),16,阵营2 胜利,"老夫子,大乔,敖隐,镜,元流之子(辅助)","司空震,上官婉儿,孙权,橘右京,牛魔"
牛魔,元流之子(辅助),17,阵营2 胜利,"马超,不知火舞,公孙离,典韦,牛魔","元歌,小乔,戈娅,曜,元流之子(辅助)"
牛魔,元流之子(辅助),18,阵营2 胜利,"曹操,西施,艾琳,孙悟空,牛魔","关羽,干将莫邪,狄仁杰,杨戬,元流之子(辅助)"
牛魔,元流之子(辅助),19,阵营2 胜利,"夏洛特,诸葛亮,艾琳,云缨,元流之子(辅助)","曹操,小乔,元流之子(射手),镜,牛魔"
张飞,钟馗,1,阵营1 胜利,"哪吒,西施,蚩奼,云缨,张飞","元歌,妲己,孙权,娜可露露,钟馗"
张飞,钟馗,2,阵营2 胜利,"影,沈梦溪,戈娅,宫本武藏,张飞","曹操,小乔,苍,裴擒虎,钟馗"
张飞,钟馗,3,阵营1 胜利,"蚩奼,甄姬,元流之子(射手),李元芳,张飞","老夫子,沈梦溪,李信,芈月,钟馗"
张飞,钟馗,4,阵营2 胜利,"赵怀真,沈梦溪,虞姬,曜,张飞","影,貂蝉,元流之子(射手),裴擒虎,钟馗"
张飞,钟馗,5,阵营1 胜利,"狂铁,嫦娥,公孙离,马超,张飞","白起,沈梦溪,戈娅,暃,钟馗"
张飞,钟馗,6,阵营1 胜利,"元歌,小乔,百里守约,橘右京,钟馗","老夫子,沈梦溪,狄仁杰,刘备,张飞"
张飞,钟馗,7,阵营2 胜利,"哪吒,沈梦溪,元流之子(射手),铠,张飞","元歌,海月,苍,云缨,钟馗"
张飞,钟馗,8,阵营1 胜利,"芈月,武则天,蚩奼,暃,张飞","夏洛特,沈梦溪,李信,韩信,钟馗"
张飞,钟馗,9,阵营1 胜利,"花木兰,沈梦溪,虞姬,镜,张飞","哪吒,上官婉儿,阿古朵,娜可露露,钟馗"
张飞,钟馗,10,阵营2 胜利,"哪吒,貂蝉,元流之子(射手),百里玄策,张飞","老夫子,沈梦溪,公孙离,云缨,钟馗"
张飞,钟馗,11,阵营2 胜利,"蚩奼,女娲,鲁班七号,阿轲,张飞","关羽,小乔,元流之子(射手),娜可露露,钟馗"
张飞,钟馗,12,阵营2 胜利,"元歌,沈梦溪,狄仁杰,暃,张飞","白起,海诺,百里守约,铠,钟馗"
张飞,钟馗,13,阵营2 胜利,"夏侯惇,武则天,莱西奥,暃,张飞","吕布,沈梦溪,蚩奼,露娜,钟馗"
张飞,钟馗,14,阵营1 胜利,"狂铁,沈梦溪,李信,镜,张飞","哪吒,不知火舞,元流之子(射手),露娜,钟馗"
张飞,钟馗,15,阵营2 胜利,"夏洛特,上官婉儿,元流之子(射手),云缨,张飞","关羽,沈梦溪,公孙离,宫本武藏,钟馗"
张飞,钟馗,16,阵营2 胜利,"哪吒,沈梦溪,戈娅,阿轲,张飞","老夫子,不知火舞,元流之子(射手),赵云,钟馗"
张飞,钟馗,17,阵营2 胜利,"芈月,诸葛亮,伽罗,韩信,钟馗","夏洛特,小乔,蚩奼,娜可露露,张飞"
张飞,钟馗,18,阵营1 胜利,"哪吒,上官婉儿,后羿,孙悟空,钟馗","老夫子,沈梦溪,虞姬,镜,张飞"
张飞,钟馗,19,阵营2 胜利,"吕布,诸葛亮,元流之子(射手),哪吒,钟馗","曹操,海月,孙权,杨戬,张飞"
张飞,杨玉环,1,阵营2 胜利,"元歌,元流之子(法师),敖隐,橘右京,杨玉环","花木兰,姜子牙,虞姬,娜可露露,张飞"
张飞,杨玉环,2,阵营1 胜利,"狂铁,不知火舞,蚩奼,娜可露露,杨玉环","哪吒,小乔,元流之子(射手),曜,张飞"
张飞,杨玉环,3,阵营2 胜利,"司空震,嫦娥,苍,铠,张飞","蒙恬,小乔,元流之子(射手),橘右京,杨玉环"
张飞,杨玉环,4,阵营1 胜利,"元歌,海月,元流之子(射手),韩信,杨玉环","司空震,貂蝉,孙权,诸葛亮,张飞"
张飞,杨玉环,5,阵营1 胜利,"曹操,不知火舞,蒙犽,李白,张飞","哪吒,武则天,苍,铠,杨玉环"
张飞,杨玉环,6,阵营2 胜利,"哪吒,沈梦溪,公孙离,韩信,杨玉环","曹操,嫦娥,元流之子(射手),诸葛亮,张飞"
张飞,杨玉环,7,阵营2 胜利,"夏洛特,沈梦溪,司空震,娜可露露,张飞","曹操,不知火舞,伽罗,百里玄策,杨玉环"
张飞,杨玉环,8,阵营1 胜利,"马超,甄姬,元流之子(射手),镜,张飞","狂铁,高渐离,公孙离,刘备,杨玉环"
张飞,杨玉环,9,阵营2 胜利,"项羽,海诺,蚩奼,赵云,张飞","狂铁,嫦娥,狄仁杰,百里玄策,杨玉环"
张飞,杨玉环,10,阵营2 胜利,"老夫子,嫦娥,元流之子(射手),马超,张飞","蚩奼,女娲,戈娅,橘右京,杨玉环"
张飞,杨玉环,11,阵营1 胜利,"司空震,诸葛亮,敖隐,铠,张飞","孙策,女娲,戈娅,宫本武藏,杨玉环"
张飞,杨玉环,12,阵营2 胜利,"关羽,女娲,苍,铠,张飞","孙策,沈梦溪,百里守约,百里玄策,杨玉环"
张飞,杨玉环,13,阵营2 胜利,"芈月,女娲,虞姬,百里玄策,杨玉环","司空震,貂蝉,元流之子(射手),暃,张飞"
张飞,杨玉环,14,阵营1 胜利,"哪吒,甄姬,元流之子(射手),宫本武藏,张飞","钟无艳,海月,狄仁杰,赵云,杨玉环"
张飞,杨玉环,15,阵营2 胜利,"亚瑟,上官婉儿,李信,云缨,杨玉环","影,沈梦溪,马可波罗,铠,张飞"
张飞,杨玉环,16,阵营1 胜利,"杨戬,沈梦溪,元流之子(射手),孙悟空,张飞","蒙恬,嫦娥,苍,蚩奼,杨玉环"
张飞,杨玉环,17,阵营2 胜利,"司空震,嫦娥,元流之子(射手),猪八戒,杨玉环","吕布,沈梦溪,蚩奼,韩信,张飞"
张飞,杨玉环,18,阵营1 胜利,"蚩奼,高渐离,元流之子(射手),暃,张飞","司空震,沈梦溪,公孙离,铠,杨玉环"
张飞,杨玉环,19,阵营1 胜利,"狂铁,诸葛亮,元流之子(射手),曜,杨玉环","达摩,西施,蚩奼,李白,张飞"
张飞,蔡文姬,1,阵营2 胜利,"马超,海诺,元流之子(射手),橘右京,蔡文姬","狂铁,甄姬,后羿,诸葛亮,张飞"
张飞,蔡文姬,2,阵营2 胜利,"元歌,海诺,蚩奼,孙悟空,蔡文姬","杨戬,不知火舞,孙权,阿古朵,张飞"
张飞,蔡文姬,3,阵营1 胜利,"影,金蝉,元流之子(射手),李白,蔡文姬","曹操,嫦娥,公孙离,赵云,张飞"
张飞,蔡文姬,4,阵营2 胜利,"海诺,不知火舞,公孙离,阿古朵,张飞","吕布,女娲,元流之子(射手),宫本武藏,蔡文姬"
张飞,蔡文姬,5,阵营2 胜利,"马超,沈梦溪,李信,典韦,张飞","刘邦,女娲,戈娅,铠,蔡文姬"
张飞,蔡文姬,6,阵营2 胜利,"老夫子,海月,公孙离,哪吒,蔡文姬","影,嫦娥,艾琳,澜,张飞"
张飞,蔡文姬,7,阵营1 胜利,"哪吒,女娲,元流之子(射手),镜,蔡文姬","花木兰,不知火舞,扁鹊,暃,张飞"
张飞,蔡文姬,8,阵营2 胜利,"老夫子,海月,苍,铠,蔡文姬","白起,上官婉儿,鲁班七号,裴擒虎,张飞"
张飞,蔡文姬,9,阵营1 胜利,"亚连,嫦娥,戈娅,赵云,张飞","狂铁,女娲,公孙离,诸葛亮,蔡文姬"
张飞,蔡文姬,10,阵营1 胜利,"花木兰,诸葛亮,孙尚香,橘右京,张飞","达摩,女娲,艾琳,裴擒虎,蔡文姬"
张飞,蔡文姬,11,阵营2 胜利,"蒙恬,元流之子(法师),蚩奼,孙悟空,张飞","亚瑟,貂蝉,李元芳,裴擒虎,蔡文姬"
张飞,蔡文姬,12,阵营1 胜利,"曹操,沈梦溪,敖隐,韩信,蔡文姬","哪吒,甄姬,后羿,梦奇,张飞"
张飞,蔡文姬,13,阵营2 胜利,"狂铁,安琪拉,元流之子(射手),兰陵王,蔡文姬","芈月,嫦娥,狄仁杰,刘备,张飞"
张飞,蔡文姬,14,阵营1 胜利,"哪吒,嫦娥,伽罗,韩信,张飞","司空震,诸葛亮,孙权,铠,蔡文姬"
张飞,蔡文姬,15,阵营1 胜利,"吕布,海月,莱西奥,典韦,张飞","狂铁,女娲,蚩奼,宫本武藏,蔡文姬"
张飞,蔡文姬,16,阵营1 胜利,"元歌,嬴政,后羿,云缨,蔡文姬","狂铁,武则天,元流之子(射手),铠,张飞"
张飞,蔡文姬,17,阵营1 胜利,"元歌,大乔,马可波罗,马超,张飞","司空震,沈梦溪,公孙离,雅典娜,蔡文姬"
张飞,蔡文姬,18,阵营2 胜利,"曹操,不知火舞,虞姬,李元芳,蔡文姬","影,女娲,元歌,镜,张飞"
张飞,蔡文姬,19,阵营1 胜利,"元歌,貂蝉,百里守约,韩信,蔡文姬","项羽,大乔,元流之子(射手),司马懿,张飞"
张飞,太乙真人,1,阵营1 胜利,"蚩奼,高渐离,元流之子(射手),马超,张飞","司空震,沈梦溪,李信,诸葛亮,太乙真人"
张飞,太乙真人,2,阵营2 胜利,"狂铁,女娲,元流之子(射手),阿古朵,张飞","司空震,海月,孙尚香,澜,太乙真人"
张飞,太乙真人,3,阵营2 胜利,"元歌,沈梦溪,蒙犽,云缨,太乙真人","花木兰,嫦娥,戈娅,猪八戒,张飞"
张飞,太乙真人,4,阵营1 胜利,"杨戬,沈梦溪,虞姬,元流之子(刺客),太乙真人","关羽,杨玉环,元流之子(射手),裴擒虎,张飞"
张飞,太乙真人,5,阵营1 胜利,"哪吒,杨玉环,后羿,典韦,太乙真人","司空震,海诺,元流之子(射手),诸葛亮,张飞"
张飞,太乙真人,6,阵营2 胜利,"花木兰,沈梦溪,孙尚香,镜,太乙真人","哪吒,不知火舞,狄仁杰,云缨,张飞"
张飞,太乙真人,7,阵营1 胜利,"影,诸葛亮,李元芳,云缨,太乙真人","曹操,海月,元流之子(射手),露娜,张飞"
张飞,太乙真人,8,阵营1 胜利,"元歌,甄姬,蚩奼,橘右京,太乙真人","亚瑟,上官婉儿,元流之子(射手),李白,张飞"
张飞,太乙真人,9,阵营2 胜利,"蒙恬,嫦娥,元流之子(射手),裴擒虎,张飞","狂铁,高渐离,蚩奼,孙悟空,太乙真人"
张飞,太乙真人,10,阵营1 胜利,"关羽,小乔,戈娅,赵云,张飞","蒙恬,西施,蚩奼,云缨,太乙真人"
张飞,太乙真人,11,阵营1 胜利,"影,女娲,戈娅,橘右京,张飞","狂铁,沈梦溪,蚩奼,李白,太乙真人"
张飞,太乙真人,12,阵营1 胜利,"蚩奼,西施,元流之子(射手),铠,太乙真人","曹操,貂蝉,百里守约,韩信,张飞"
张飞,太乙真人,13,阵营2 胜利,"芈月,甄姬,元流之子(射手),铠,太乙真人","马超,貂蝉,戈娅,雅典娜,张飞"
张飞,太乙真人,14,阵营1 胜利,"元歌,武则天,戈娅,云缨,太乙真人","孙策,上官婉儿,元流之子(射手),韩信,张飞"
张飞,太乙真人,15,阵营1 胜利,"司空震,高渐离,李信,诸葛亮,张飞","达摩,武则天,戈娅,裴擒虎,太乙真人"
张飞,太乙真人,16,阵营1 胜利,"影,不知火舞,敖隐,裴擒虎,太乙真人","芈月,西施,公孙离,元流之子(刺客),张飞"
张飞,太乙真人,17,阵营1 胜利,"影,嫦娥,百里守约,元流之子(刺客),太乙真人","曹操,上官婉儿,苍,云缨,张飞"
张飞,太乙真人,18,阵营2 胜利,"元歌,嫦娥,虞姬,裴擒虎,张飞","狂铁,女娲,蚩奼,孙悟空,太乙真人"
张飞,太乙真人,19,阵营1 胜利,"元歌,大乔,艾琳,裴擒虎,太乙真人","马超,海诺,公孙离,哪吒,张飞"
张飞,东皇太一,1,阵营2 胜利,"马超,嫦娥,敖隐,云缨,东皇太一","影,貂蝉,蚩奼,露娜,张飞"
张飞,东皇太一,2,阵营2 胜利,"亚连,女娲,公孙离,阿古朵,东皇太一","项羽,貂蝉,鲁班七号,李白,张飞"
张飞,东皇太一,3,阵营2 胜利,"影,女娲,苍,娜可露露,东皇太一","孙策,小乔,元流之子(射手),司马懿,张飞"
张飞,东皇太一,4,阵营1 胜利,"蒙恬,甄姬,元流之子(射手),哪吒,东皇太一","狂铁,大乔,蚩奼,云缨,张飞"
张飞,东皇太一,5,阵营2 胜利,"猪八戒,女娲,虞姬,韩信,东皇太一","哪吒,不知火舞,蒙犽,李白,张飞"
张飞,东皇太一,6,阵营1 胜利,"老夫子,女娲,元流之子(射手),铠,东皇太一","哪吒,元流之子(法师),百里守约,阿古朵,张飞"
张飞,东皇太一,7,阵营1 胜利,"关羽,女娲,元流之子(射手),杨戬,东皇太一","曹操,弈星,蚩奼,宫本武藏,张飞"
张飞,东皇太一,8,阵营2 胜利,"老夫子,杨玉环,戈娅,韩信,张飞","哪吒,女娲,元流之子(射手),镜,东皇太一"
张飞,东皇太一,9,阵营2 胜利,"关羽,大乔,虞姬,镜,张飞","狂铁,海诺,元流之子(射手),韩信,东皇太一"
张飞,东皇太一,10,阵营1 胜利,"钟无艳,女娲,艾琳,韩信,张飞","蒙恬,沈梦溪,元流之子(射手),阿古朵,东皇太一"
张飞,东皇太一,11,阵营1 胜利,"哪吒,杨玉环,后羿,橘右京,东皇太一","元歌,大乔,百里守约,阿古朵,张飞"
张飞,东皇太一,12,阵营1 胜利,"老夫子,诸葛亮,李信,韩信,张飞","哪吒,海诺,元流之子(射手),暃,东皇太一"
张飞,东皇太一,13,阵营1 胜利,"孙策,嫦娥,元流之子(射手),镜,张飞","苏烈,杨玉环,公孙离,诸葛亮,东皇太一"
张飞,东皇太一,14,阵营2 胜利,"关羽,沈梦溪,戈娅,元流之子(刺客),东皇太一","蒙恬,西施,元流之子(射手),蚩奼,张飞"
张飞,东皇太一,15,阵营2 胜利,"哪吒,武则天,戈娅,裴擒虎,东皇太一","狂铁,杨玉环,百里守约,刘备,张飞"
张飞,东皇太一,16,阵营2 胜利,"司空震,貂蝉,元流之子(射手),孙悟空,张飞","猪八戒,诸葛亮,孙权,李白,东皇太一"
张飞,东皇太一,17,阵营1 胜利,"猪八戒,甄姬,敖隐,诸葛亮,张飞","狂铁,小乔,李信,孙悟空,东皇太一"
张飞,东皇太一,18,阵营2 胜利,"马超,妲己,公孙离,韩信,东皇太一","哪吒,甄姬,马可波罗,赵云,张飞"
张飞,东皇太一,19,阵营1 胜利,"司空震,嫦娥,元流之子(射手),宫本武藏,东皇太一","芈月,妲己,戈娅,裴擒虎,张飞"
张飞,大禹,1,阵营2 胜利,"老夫子,貂蝉,敖隐,裴擒虎,张飞","蒙恬,大乔,李信,马超,大禹"
张飞,大禹,2,阵营2 胜利,"钟无艳,西施,元流之子(射手),云缨,大禹","夏洛特,沈梦溪,狄仁杰,刘备,张飞"
张飞,大禹,3,阵营2 胜利,"亚连,嫦娥,孙权,马超,张飞,甄姬,鲁班七号,蚩奼,大禹",未集齐10人
张飞,大禹,4,阵营2 胜利,"狂铁,西施,孙权,暃,张飞","司空震,不知火舞,百里守约,镜,大禹"
张飞,大禹,5,阵营1 胜利,"廉颇,武则天,敖隐,露娜,大禹","元歌,沈梦溪,公孙离,铠,张飞"
张飞,大禹,6,阵营2 胜利,"蒙恬,大乔,公孙离,铠,大禹","狂铁,嫦娥,后羿,云缨,张飞"
张飞,大禹,7,阵营2 胜利,"老夫子,沈梦溪,元流之子(射手),大司命,张飞","狂铁,嫦娥,苍,橘右京,大禹"
张飞,大禹,8,阵营1 胜利,"蒙恬,周瑜,戈娅,橘右京,大禹","芈月,小乔,公孙离,铠,张飞"
张飞,大禹,9,阵营2 胜利,"关羽,嫦娥,元流之子(射手),韩信,张飞","老夫子,大乔,戈娅,暃,大禹"
张飞,大禹,10,阵营2 胜利,"花木兰,嫦娥,敖隐,司马懿,大禹","达摩,上官婉儿,公孙离,橘右京,张飞"
张飞,大禹,11,阵营2 胜利,,未集齐10人
张飞,大禹,12,阵营2 胜利,"蒙恬,弈星,元流之子(射手),大司命,张飞","钟无艳,干将莫邪,孙尚香,李白,大禹"
张飞,大禹,13,阵营2 胜利,"哪吒,小乔,百里守约,铠,大禹","影,武则天,元流之子(射手),阿古朵,张飞"
张飞,大禹,14,阵营1 胜利,"元歌,女娲,孙权,暃,张飞","关羽,小乔,元流之子(射手),蚩奼,大禹"
张飞,大禹,15,阵营1 胜利,"杨戬,诸葛亮,元流之子(射手),典韦,张飞","狂铁,小乔,蚩奼,盘古,大禹"
张飞,大禹,16,阵营2 胜利,"司空震,杨玉环,戈娅,铠,大禹","狂铁,海诺,公孙离,橘右京,张飞"
张飞,大禹,17,阵营2 胜利,"亚瑟,小乔,苍,盘古,张飞","李信,西施,孙权,韩信,大禹"
张飞,大禹,18,阵营2 胜利,"老夫子,武则天,戈娅,大司命,大禹","关羽,大乔,公孙离,赵云,张飞"
张飞,大禹,19,阵营1 胜利,"兰陵王,西施,公孙离,百里玄策,张飞","芈月,嫦娥,百里守约,橘右京,大禹"
张飞,鬼谷子,1,阵营1 胜利,"蚩奼,高渐离,李信,孙悟空,张飞","关羽,不知火舞,元流之子(射手),马超,鬼谷子"
张飞,鬼谷子,2,阵营2 胜利,"元歌,西施,公孙离,百里玄策,张飞","夏洛特,不知火舞,虞姬,元流之子(刺客),鬼谷子"
张飞,鬼谷子,3,阵营2 胜利,"元歌,沈梦溪,蚩奼,韩信,鬼谷子","赵怀真,小乔,元流之子(射手),暃,张飞"
张飞,鬼谷子,4,阵营1 胜利,"花木兰,不知火舞,元流之子(射手),杨戬,张飞","影,沈梦溪,狄仁杰,裴擒虎,鬼谷子"
张飞,鬼谷子,5,阵营2 胜利,"司空震,武则天,戈娅,典韦,张飞","老夫子,女娲,百里守约,哪吒,鬼谷子"
张飞,鬼谷子,6,阵营1 胜利,"曹操,不知火舞,虞姬,韩信,鬼谷子","芈月,杨玉环,蚩奼,马超,张飞"
张飞,鬼谷子,7,阵营2 胜利,"元歌,诸葛亮,戈娅,元流之子(刺客),鬼谷子","影,女娲,蚩奼,阿轲,张飞"
张飞,鬼谷子,8,阵营2 胜利,"元歌,元流之子(射手),海诺,李元芳,鬼谷子","影,嫦娥,百里守约,宫本武藏,张飞"
张飞,鬼谷子,9,阵营2 胜利,"老夫子,沈梦溪,敖隐,橘右京,张飞","曹操,高渐离,蚩奼,裴擒虎,鬼谷子"
张飞,鬼谷子,10,阵营2 胜利,"元歌,沈梦溪,孙权,云中君,张飞","狂铁,高渐离,元流之子(射手),赵云,鬼谷子"
张飞,鬼谷子,11,阵营2 胜利,"钟无艳,上官婉儿,蚩奼,裴擒虎,张飞","东皇太一,女娲,苍,马超,鬼谷子"
张飞,鬼谷子,12,阵营1 胜利,"老夫子,女娲,蚩奼,哪吒,张飞","海诺,小乔,公孙离,韩信,鬼谷子"
张飞,鬼谷子,13,阵营2 胜利,"达摩,诸葛亮,戈娅,裴擒虎,张飞","马超,小乔,元流之子(射手),赵云,鬼谷子"
张飞,鬼谷子,14,阵营1 胜利,"亚连,诸葛亮,公孙离,雅典娜,张飞","影,高渐离,蚩奼,猪八戒,鬼谷子"
张飞,鬼谷子,15,阵营2 胜利,"亚瑟,小乔,公孙离,裴擒虎,张飞","哪吒,嫦娥,元流之子(射手),大司命,鬼谷子"
张飞,鬼谷子,16,阵营2 胜利,"狂铁,武则天,蚩奼,裴擒虎,张飞","元歌,高渐离,鲁班七号,镜,鬼谷子"
张飞,鬼谷子,17,阵营2 胜利,"吕布,女娲,敖隐,暃,张飞","狂铁,小乔,戈娅,典韦,鬼谷子"
张飞,鬼谷子,18,阵营2 胜利,"影,金蝉,元流之子(射手),诸葛亮,鬼谷子","哪吒,女娲,蚩奼,娜可露露,张飞"
张飞,鬼谷子,19,阵营1 胜利,"哪吒,小乔,元流之子(射手),阿轲,鬼谷子","影,杨玉环,戈娅,镜,张飞"
张飞,大乔,1,阵营2 胜利,"老夫子,西施,元流之子(射手),雅典娜,大乔","蚩奼,墨子,戈娅,铠,张飞"
张飞,大乔,2,阵营1 胜利,"关羽,小乔,元流之子(射手),暃,张飞","孙策,诸葛亮,公孙离,阿古朵,大乔"
张飞,大乔,3,阵营2 胜利,"哪吒,不知火舞,元流之子(射手),雅典娜,张飞","吕布,甄姬,公孙离,司马懿,大乔"
张飞,大乔,4,阵营2 胜利,"孙策,女娲,苍,马超,张飞","花木兰,甄姬,公孙离,阿轲,大乔"
张飞,大乔,5,阵营2 胜利,"梦奇,沈梦溪,李信,娜可露露,张飞","老夫子,不知火舞,艾琳,元流之子(刺客),大乔"
张飞,大乔,6,阵营1 胜利,"芈月,海诺,艾琳,镜,张飞","老夫子,沈梦溪,公孙离,橘右京,大乔"
张飞,大乔,7,阵营1 胜利,"关羽,诸葛亮,戈娅,哪吒,张飞","曹操,女娲,艾琳,大司命,大乔"
张飞,大乔,8,阵营1 胜利,"影,貂蝉,孙权,铠,张飞","赵怀真,不知火舞,鲁班七号,暃,大乔"
张飞,大乔,9,阵营1 胜利,"老夫子,不知火舞,百里守约,镜,大乔","孙策,嫦娥,艾琳,李白,张飞"
张飞,大乔,10,阵营1 胜利,"花木兰,沈梦溪,元流之子(射手),镜,张飞","芈月,海诺,戈娅,阿古朵,大乔"
张飞,大乔,11,阵营2 胜利,"曹操,沈梦溪,蒙犽,赵云,大乔","夏洛特,女娲,狄仁杰,镜,张飞"
张飞,大乔,12,阵营2 胜利,"哪吒,弈星,虞姬,韩信,大乔","影,杨玉环,蚩奼,云中君,张飞"
张飞,大乔,13,阵营2 胜利,"白起,嫦娥,戈娅,橘右京,大乔","花木兰,西施,李信,暃,张飞"
张飞,大乔,14,阵营2 胜利,,未集齐10人
张飞,大乔,15,阵营2 胜利,"兰陵王,武则天,元流之子(射手),橘右京,张飞","影,安琪拉,百里守约,典韦,大乔"
张飞,大乔,16,阵营1 胜利,"哪吒,上官婉儿,蚩奼,韩信,大乔","关羽,嫦娥,戈娅,铠,张飞"
张飞,大乔,17,阵营1 胜利,"司空震,不知火舞,虞姬,韩信,大乔","曹操,武则天,艾琳,云缨,张飞"
张飞,大乔,18,阵营2 胜利,"司空震,弈星,元流之子(射手),橘右京,张飞","元歌,不知火舞,孙尚香,暃,大乔"
张飞,大乔,19,阵营2 胜利,"哪吒,嫦娥,司空震,镜,大乔","元歌,高渐离,莱西奥,暃,张飞"
张飞,苏烈,1,阵营1 胜利,"狂铁,沈梦溪,后羿,哪吒,张飞","司空震,弈星,元流之子(射手),影,苏烈"
张飞,苏烈,2,阵营2 胜利,"关羽,沈梦溪,李信,韩信,苏烈","元歌,王昭君,孙权,曜,张飞"
张飞,苏烈,3,阵营1 胜利,"马超,甄姬,元流之子(射手),露娜,苏烈","影,海诺,孙权,裴擒虎,张飞"
张飞,苏烈,4,阵营2 胜利,"曹操,女娲,孙权,裴擒虎,苏烈","影,西施,蚩奼,盘古,张飞"
张飞,苏烈,5,阵营2 胜利,"项羽,小乔,后羿,元流之子(刺客),苏烈","马超,女娲,公孙离,雅典娜,张飞"
张飞,苏烈,6,阵营2 胜利,"花木兰,小乔,戈娅,云缨,苏烈","狂铁,安琪拉,元流之子(射手),橘右京,张飞"
张飞,苏烈,7,阵营1 胜利,"狂铁,貂蝉,虞姬,大司命,苏烈","蚩奼,海月,戈娅,露娜,张飞"
张飞,苏烈,8,阵营1 胜利,"芈月,沈梦溪,元流之子(射手),铠,苏烈","曹操,不知火舞,蚩奼,曜,张飞"
张飞,苏烈,9,阵营1 胜利,"元歌,嫦娥,艾琳,韩信,苏烈","曹操,诸葛亮,公孙离,孙悟空,张飞"
张飞,苏烈,10,阵营2 胜利,"元歌,海月,扁鹊,梦奇,张飞","狂铁,上官婉儿,孙权,云缨,苏烈"
张飞,苏烈,11,阵营1 胜利,"哪吒,嫦娥,元流之子(射手),云缨,张飞","关羽,海诺,蚩奼,裴擒虎,苏烈"
张飞,苏烈,12,阵营1 胜利,"老夫子,沈梦溪,司空震,暃,苏烈","影,诸葛亮,戈娅,元流之子(刺客),张飞"
张飞,苏烈,13,阵营1 胜利,"马超,王昭君,元流之子(射手),镜,苏烈","老夫子,小乔,戈娅,李元芳,张飞"
张飞,苏烈,14,阵营1 胜利,"元歌,沈梦溪,公孙离,元流之子(刺客),苏烈","关羽,海月,苍,阿古朵,张飞"
张飞,苏烈,15,阵营1 胜利,"芈月,扁鹊,戈娅,阿古朵,苏烈","东皇太一,不知火舞,公孙离,韩信,张飞"
张飞,苏烈,16,阵营1 胜利,"曹操,女娲,李信,百里玄策,张飞","猪八戒,高渐离,元流之子(射手),孙悟空,苏烈"
张飞,苏烈,17,阵营1 胜利,"杨戬,沈梦溪,元流之子(射手),铠,张飞","白起,武则天,戈娅,韩信,苏烈"
张飞,苏烈,18,阵营1 胜利,"狂铁,小乔,元流之子(射手),百里玄策,张飞","元歌,海月,虞姬,露娜,苏烈"
张飞,苏烈,19,阵营2 胜利,"老夫子,大乔,蚩奼,马超,张飞","影,西施,公孙离,裴擒虎,苏烈"
张飞,明世隐,1,阵营1 胜利,"花木兰,大乔,孙权,裴擒虎,明世隐","哪吒,西施,元流之子(射手),露娜,张飞"
张飞,明世隐,2,阵营2 胜利,"花木兰,沈梦溪,戈娅,元流之子(坦克),明世隐","曹操,甄姬,苍,李元芳,张飞"
张飞,明世隐,3,阵营2 胜利,"哪吒,海诺,戈娅,盘古,明世隐","花木兰,女娲,百里守约,典韦,张飞"
张飞,明世隐,4,阵营2 胜利,"芈月,海诺,百里守约,赵云,张飞","哪吒,女娲,元流之子(射手),百里玄策,明世隐"
张飞,明世隐,5,阵营2 胜利,"夏洛特,嫦娥,艾琳,杨戬,张飞","元歌,弈星,李信,曜,明世隐"
张飞,明世隐,6,阵营1 胜利,"哪吒,沈梦溪,公孙离,阿轲,明世隐","曹操,嬴政,孙权,孙悟空,张飞"
张飞,明世隐,7,阵营2 胜利,"曹操,海月,李信,元流之子(刺客),张飞","芈月,沈梦溪,狄仁杰,哪吒,明世隐"
张飞,明世隐,8,阵营1 胜利,"夏洛特,妲己,元流之子(射手),司马懿,明世隐","孙策,海月,蚩奼,娜可露露,张飞"
张飞,明世隐,9,阵营2 胜利,"狂铁,上官婉儿,元流之子(射手),暃,明世隐","哪吒,嫦娥,马可波罗,司马懿,张飞"
张飞,明世隐,10,阵营2 胜利,"司空震,姜子牙,公孙离,云中君,张飞","元歌,武则天,蚩奼,孙悟空,明世隐"
张飞,明世隐,11,阵营1 胜利,"影,安琪拉,孙权,铠,明世隐","蒙恬,大乔,扁鹊,诸葛亮,张飞"
张飞,明世隐,12,阵营1 胜利,"狂铁,武则天,元流之子(射手),马超,明世隐","司空震,嫦娥,戈娅,孙悟空,张飞"
张飞,明世隐,13,阵营2 胜利,"曹操,海月,戈娅,孙悟空,张飞","芈月,妲己,蚩奼,李元芳,明世隐"
张飞,明世隐,14,阵营2 胜利,"元歌,海月,蚩奼,镜,张飞","廉颇,周瑜,艾琳,孙悟空,明世隐"
张飞,明世隐,15,阵营1 胜利,,未集齐10人
张飞,明世隐,16,阵营2 胜利,"夏洛特,海月,虞姬,韩信,明世隐","元歌,元流之子(法师),蚩奼,曜,张飞"
张飞,明世隐,17,阵营1 胜利,"哪吒,诸葛亮,后羿,猪八戒,张飞","吕布,不知火舞,元流之子(射手),大司命,明世隐"
张飞,明世隐,18,阵营2 胜利,"司空震,沈梦溪,元流之子(射手),诸葛亮,张飞","老夫子,甄姬,虞姬,裴擒虎,明世隐"
张飞,明世隐,19,阵营2 胜利,"关羽,甄姬,元流之子(射手),镜,张飞","花木兰,弈星,虞姬,百里玄策,明世隐"
张飞,瑶,1,阵营2 胜利,"蒙恬,不知火舞,伽罗,裴擒虎,张飞","哪吒,弈星,后羿,盘古,瑶"
张飞,瑶,2,阵营1 胜利,"关羽,弈星,李信,云中君,瑶","司空震,小乔,公孙离,娜可露露,张飞"
张飞,瑶,3,阵营2 胜利,"马超,武则天,蚩奼,盘古,瑶","蒙恬,元流之子(法师),李信,百里玄策,张飞"
张飞,瑶,4,阵营2 胜利,"钟无艳,沈梦溪,戈娅,云中君,瑶","亚连,大乔,元流之子(射手),孙悟空,张飞"
张飞,瑶,5,阵营1 胜利,"曹操,沈梦溪,敖隐,元流之子(刺客),张飞","大司命,小乔,公孙离,孙悟空,瑶"
张飞,瑶,6,阵营1 胜利,"关羽,海诺,公孙离,孙悟空,瑶","夏洛特,沈梦溪,元流之子(射手),雅典娜,张飞"
张飞,瑶,7,阵营1 胜利,"关羽,不知火舞,黄忠,裴擒虎,瑶","哪吒,大乔,后羿,百里玄策,张飞"
张飞,瑶,8,阵营2 胜利,"蚩奼,安琪拉,戈娅,露娜,瑶","元流之子(坦克),沈梦溪,孙尚香,镜,张飞"
张飞,瑶,9,阵营1 胜利,"影,貂蝉,虞姬,阿古朵,瑶","花木兰,不知火舞,后羿,裴擒虎,张飞"
张飞,瑶,10,阵营1 胜利,"项羽,诸葛亮,孙权,阿轲,张飞","影,大乔,李信,孙悟空,瑶"
张飞,瑶,11,阵营2 胜利,"元歌,诸葛亮,元流之子(射手),典韦,张飞","花木兰,沈梦溪,马可波罗,铠,瑶"
张飞,瑶,12,阵营1 胜利,"蒙恬,女娲,孙权,梦奇,瑶","狂铁,上官婉儿,元流之子(射手),镜,张飞"
张飞,瑶,13,阵营1 胜利,"孙策,沈梦溪,戈娅,韩信,瑶","曹操,杨玉环,公孙离,元流之子(刺客),张飞"
张飞,瑶,14,阵营1 胜利,"姬小满,貂蝉,元流之子(射手),宫本武藏,张飞","马超,诸葛亮,戈娅,铠,瑶"
张飞,瑶,15,阵营2 胜利,"狂铁,沈梦溪,蚩奼,裴擒虎,瑶","老夫子,武则天,狄仁杰,镜,张飞"
张飞,瑶,16,阵营1 胜利,"夏洛特,嫦娥,蚩奼,橘右京,瑶","老夫子,西施,元流之子(射手),韩信,张飞"
张飞,瑶,17,阵营1 胜利,"关羽,海月,公孙离,典韦,瑶","马超,诸葛亮,狄仁杰,赵云,张飞"
张飞,瑶,18,阵营2 胜利,"元歌,西施,戈娅,铠,张飞","影,沈梦溪,李元芳,马超,瑶"
张飞,瑶,19,阵营1 胜利,"夏洛特,海月,元流之子(射手),诸葛亮,瑶","芈月,嫦娥,虞姬,镜,张飞"
张飞,盾山,1,阵营2 胜利,"老夫子,诸葛亮,戈娅,宫本武藏,张飞","狂铁,大乔,蚩奼,裴擒虎,盾山"
张飞,盾山,2,阵营2 胜利,"哪吒,武则天,蚩奼,裴擒虎,盾山","老夫子,元流之子(法师),戈娅,暃,张飞"
张飞,盾山,3,阵营2 胜利,"关羽,武则天,李信,百里玄策,张飞","哪吒,海诺,艾琳,暃,盾山"
张飞,盾山,4,阵营1 胜利,"狂铁,大乔,李信,阿古朵,张飞","老夫子,女娲,鲁班七号,暃,盾山"
张飞,盾山,5,阵营2 胜利,"蚩奼,杨玉环,艾琳,阿古朵,盾山","司空震,西施,孙权,澜,张飞"
张飞,盾山,6,阵营1 胜利,"司空震,杨玉环,蒙犽,马超,张飞","影,嫦娥,艾琳,韩信,盾山"
张飞,盾山,7,阵营2 胜利,"曹操,武则天,蚩奼,暃,盾山","元歌,沈梦溪,百里守约,杨戬,张飞"
张飞,盾山,8,阵营2 胜利,"狂铁,甄姬,戈娅,暃,张飞","影,武则天,元流之子(射手),孙悟空,盾山"
张飞,盾山,9,阵营1 胜利,"狂铁,女娲,狄仁杰,铠,张飞","曹操,海月,艾琳,孙悟空,盾山"
张飞,盾山,10,阵营1 胜利,"影,小乔,元流之子(射手),铠,张飞","曹操,嫦娥,艾琳,韩信,盾山"
张飞,盾山,11,阵营1 胜利,"姬小满,金蝉,阿古朵,孙悟空,张飞","影,女娲,李信,裴擒虎,盾山"
张飞,盾山,12,阵营2 胜利,"达摩,干将莫邪,李元芳,橘右京,张飞","哪吒,海诺,狄仁杰,阿轲,盾山"
张飞,盾山,13,阵营1 胜利,"大司命,小乔,虞姬,宫本武藏,盾山","芈月,不知火舞,伽罗,云缨,张飞"
张飞,盾山,14,阵营1 胜利,"花木兰,嫦娥,公孙离,裴擒虎,张飞","曹操,沈梦溪,孙尚香,宫本武藏,盾山"
张飞,盾山,15,阵营2 胜利,"关羽,貂蝉,司空震,铠,盾山","老夫子,武则天,元流之子(射手),马超,张飞"
张飞,盾山,16,阵营2 胜利,"白起,沈梦溪,元流之子(射手),宫本武藏,张飞","老夫子,小乔,蚩奼,裴擒虎,盾山"
张飞,盾山,17,阵营2 胜利,"夏洛特,上官婉儿,艾琳,裴擒虎,盾山","孙策,小乔,蚩奼,孙悟空,张飞"
张飞,盾山,18,阵营2 胜利,"哪吒,干将莫邪,敖隐,韩信,张飞","狂铁,女娲,狄仁杰,娜可露露,盾山"
张飞,盾山,19,阵营1 胜利,"狂铁,海诺,元流之子(射手),裴擒虎,张飞","影,貂蝉,百里守约,云缨,盾山"
张飞,西施,1,阵营1 胜利,"老夫子,女娲,孙权,娜可露露,张飞","哪吒,沈梦溪,蚩奼,典韦,西施"
张飞,西施,2,阵营1 胜利,"猪八戒,貂蝉,戈娅,云缨,张飞","孙策,上官婉儿,苍,铠,西施"
张飞,西施,3,阵营2 胜利,"关羽,诸葛亮,蚩奼,马超,西施","狂铁,沈梦溪,戈娅,裴擒虎,张飞"
张飞,西施,4,阵营2 胜利,"哪吒,小乔,元流之子(射手),韩信,西施","姬小满,海月,狄仁杰,雅典娜,张飞"
张飞,西施,5,阵营2 胜利,"吕布,姜子牙,元流之子(射手),裴擒虎,西施","猪八戒,嫦娥,蚩奼,宫本武藏,张飞"
张飞,西施,6,阵营1 胜利,"芈月,上官婉儿,敖隐,马超,西施","关羽,海月,苍,孙悟空,张飞"
张飞,西施,7,阵营1 胜利,"花木兰,安琪拉,公孙离,孙悟空,西施","哪吒,海月,元流之子(射手),暃,张飞"
张飞,西施,8,阵营1 胜利,"司空震,甄姬,苍,娜可露露,张飞","哪吒,元流之子(法师),戈娅,橘右京,西施"
张飞,西施,9,阵营1 胜利,"关羽,小乔,孙权,裴擒虎,西施","哪吒,海月,元流之子(射手),阿古朵,张飞"
张飞,西施,10,阵营2 胜利,"蒙恬,扁鹊,敖隐,铠,西施","哪吒,安琪拉,孙尚香,孙悟空,张飞"
张飞,西施,11,阵营1 胜利,"项羽,甄姬,元流之子(射手),娜可露露,西施","兰陵王,不知火舞,苍,哪吒,张飞"
张飞,西施,12,阵营1 胜利,"蚩奼,女娲,狄仁杰,韩信,西施","老夫子,小乔,孙尚香,澜,张飞"
张飞,西施,13,阵营1 胜利,"夏洛特,大乔,元流之子(射手),诸葛亮,张飞","杨戬,不知火舞,苍,典韦,西施"
张飞,西施,14,阵营1 胜利,"狂铁,杨玉环,虞姬,阿古朵,张飞","关羽,不知火舞,艾琳,孙悟空,西施"
张飞,西施,15,阵营1 胜利,"司空震,海月,百里守约,阿古朵,西施","花木兰,武则天,元流之子(射手),暃,张飞"
张飞,西施,16,阵营1 胜利,"马超,张良,蒙犽,韩信,张飞","哪吒,嫦娥,蚩奼,司马懿,西施"
张飞,西施,17,阵营2 胜利,"狂铁,安琪拉,元流之子(射手),雅典娜,西施","马超,嫦娥,孙权,裴擒虎,张飞"
张飞,西施,18,阵营1 胜利,"哪吒,嬴政,元流之子(射手),镜,张飞","元歌,诸葛亮,虞姬,大司命,西施"
张飞,西施,19,阵营2 胜利,"哪吒,小乔,孙权,孙悟空,西施","老夫子,诸葛亮,后羿,马超,张飞"
张飞,鲁班大师,1,阵营2 胜利,"梦奇,嫦娥,蚩奼,马超,张飞","老夫子,弈星,元流之子(射手),橘右京,鲁班大师"
张飞,鲁班大师,2,阵营1 胜利,"亚瑟,甄姬,戈娅,哪吒,鲁班大师","芈月,小乔,元流之子(射手),娜可露露,张飞"
张飞,鲁班大师,3,阵营2 胜利,"大司命,弈星,公孙离,暃,鲁班大师","亚瑟,诸葛亮,元流之子(射手),韩信,张飞"
张飞,鲁班大师,4,阵营1 胜利,"哪吒,武则天,鲁班七号,赵云,鲁班大师","杨戬,西施,狄仁杰,韩信,张飞"
张飞,鲁班大师,5,阵营2 胜利,"蒙恬,小乔,戈娅,裴擒虎,鲁班大师","司空震,海诺,苍,云中君,张飞"
张飞,鲁班大师,6,阵营1 胜利,"姬小满,沈梦溪,元流之子(射手),韩信,鲁班大师","元歌,貂蝉,后羿,铠,张飞"
张飞,鲁班大师,7,阵营2 胜利,"曹操,太乙真人,后羿,赵云,鲁班大师","李信,武则天,鲁班七号,云缨,张飞"
张飞,鲁班大师,8,阵营1 胜利,"花木兰,不知火舞,戈娅,盘古,鲁班大师","影,沈梦溪,艾琳,赵云,张飞"
张飞,鲁班大师,9,阵营2 胜利,"司空震,小乔,蚩奼,橘右京,鲁班大师","项羽,大乔,元流之子(射手),刘备,张飞"
张飞,鲁班大师,10,阵营2 胜利,"蒙恬,女娲,元流之子(射手),暃,张飞","姬小满,沈梦溪,敖隐,夏侯惇,鲁班大师"
张飞,鲁班大师,11,阵营2 胜利,"芈月,女娲,敖隐,阿古朵,鲁班大师","海诺,嫦娥,苍,赵云,张飞"
张飞,鲁班大师,12,阵营2 胜利,"蚩奼,海月,元流之子(射手),大司命,鲁班大师","吕布,海诺,公孙离,镜,张飞"
张飞,鲁班大师,13,阵营2 胜利,"芈月,小乔,敖隐,铠,张飞","孙策,沈梦溪,元流之子(射手),百里玄策,鲁班大师"
张飞,鲁班大师,14,阵营1 胜利,"蚩奼,不知火舞,虞姬,诸葛亮,张飞","项羽,海诺,莱西奥,暃,鲁班大师"
张飞,鲁班大师,15,阵营1 胜利,"狂铁,大乔,戈娅,马超,张飞","元歌,嫦娥,蚩奼,露娜,鲁班大师"
张飞,鲁班大师,16,阵营2 胜利,"马超,不知火舞,蚩奼,赵云,鲁班大师","哪吒,杨玉环,艾琳,娜可露露,张飞"
张飞,鲁班大师,17,阵营2 胜利,"蚩奼,弈星,公孙离,暃,鲁班大师","曹操,诸葛亮,戈娅,裴擒虎,张飞"
张飞,鲁班大师,18,阵营2 胜利,"哪吒,上官婉儿,艾琳,阿古朵,张飞","蚩奼,不知火舞,元流之子(射手),百里玄策,鲁班大师"
张飞,鲁班大师,19,阵营2 胜利,"司空震,不知火舞,虞姬,裴擒虎,鲁班大师","影,沈梦溪,元流之子(射手),娜可露露,张飞"
张飞,桑启,1,阵营1 胜利,"杨戬,沈梦溪,蚩奼,阿古朵,张飞","关羽,嬴政,元流之子(射手),刘备,桑启"
张飞,桑启,2,阵营2 胜利,"影,海月,公孙离,橘右京,张飞","兰陵王,上官婉儿,戈娅,李元芳,桑启"
张飞,桑启,3,阵营1 胜利,"司空震,张良,李信,娜可露露,张飞","蚩奼,海诺,元流之子(射手),铠,桑启"
张飞,桑启,4,阵营2 胜利,"姬小满,金蝉,元流之子(射手),阿古朵,张飞","曹操,大乔,戈娅,裴擒虎,桑启"
张飞,桑启,5,阵营2 胜利,"夏侯惇,沈梦溪,虞姬,铠,张飞","狂铁,海诺,百里守约,云中君,桑启"
张飞,桑启,6,阵营2 胜利,"亚连,小乔,蚩奼,裴擒虎,张飞","哪吒,海诺,元流之子(射手),云缨,桑启"
张飞,桑启,7,阵营1 胜利,"元歌,沈梦溪,敖隐,韩信,桑启","影,安琪拉,苍,诸葛亮,张飞"
张飞,桑启,8,阵营1 胜利,"曹操,沈梦溪,蚩奼,元流之子(刺客),桑启","哪吒,海诺,元流之子(射手),百里玄策,张飞"
张飞,桑启,9,阵营1 胜利,"狂铁,安琪拉,狄仁杰,裴擒虎,桑启","曹操,大乔,元流之子(射手),百里玄策,张飞"
张飞,桑启,10,阵营2 胜利,"老夫子,高渐离,苍,裴擒虎,张飞","狂铁,甄姬,元流之子(射手),司马懿,桑启"
张飞,桑启,11,阵营1 胜利,"影,女娲,虞姬,马超,桑启","达摩,沈梦溪,蚩奼,暃,张飞"
张飞,桑启,12,阵营1 胜利,"姬小满,高渐离,李信,孙悟空,桑启","狂铁,大乔,公孙离,赵云,张飞"
张飞,桑启,13,阵营1 胜利,"老夫子,不知火舞,马可波罗,暃,桑启","狂铁,女娲,蚩奼,韩信,张飞"
张飞,桑启,14,阵营1 胜利,"蚩奼,女娲,孙权,司马懿,桑启","哪吒,嫦娥,李信,裴擒虎,张飞"
张飞,桑启,15,阵营2 胜利,"吕布,大乔,百里守约,韩信,桑启","马超,杨玉环,元流之子(射手),孙悟空,张飞"
张飞,桑启,16,阵营1 胜利,"白起,沈梦溪,鲁班七号,铠,桑启","曹操,杨玉环,元流之子(射手),李元芳,张飞"
张飞,桑启,17,阵营1 胜利,"曹操,沈梦溪,艾琳,铠,张飞","关羽,不知火舞,元流之子(射手),镜,桑启"
张飞,桑启,18,阵营1 胜利,"司空震,武则天,敖隐,雅典娜,张飞","哪吒,小乔,后羿,韩信,桑启"
张飞,桑启,19,阵营2 胜利,"达摩,嫦娥,元流之子(射手),哪吒,桑启","影,诸葛亮,鲁班七号,暃,张飞"
张飞,赵怀真,1,阵营1 胜利,"司空震,杨玉环,元流之子(射手),李元芳,张飞","元歌,沈梦溪,戈娅,宫本武藏,赵怀真"
张飞,赵怀真,2,阵营2 胜利,"夏洛特,扁鹊,李信,韩信,赵怀真","曹操,嫦娥,蚩奼,曜,张飞"
张飞,赵怀真,3,阵营2 胜利,"芈月,嫦娥,元流之子(射手),大司命,赵怀真","蚩奼,西施,公孙离,韩信,张飞"
张飞,赵怀真,4,阵营2 胜利,"老夫子,貂蝉,戈娅,裴擒虎,张飞","达摩,嫦娥,敖隐,李元芳,赵怀真"
张飞,赵怀真,5,阵营1 胜利,"曹操,沈梦溪,戈娅,诸葛亮,张飞","司空震,武则天,孙权,赵云,赵怀真"
张飞,赵怀真,6,阵营1 胜利,"花木兰,小乔,戈娅,裴擒虎,张飞","钟无艳,米莱狄,元流之子(射手),孙悟空,赵怀真"
张飞,赵怀真,7,阵营2 胜利,"元歌,安琪拉,戈娅,阿古朵,张飞","曹操,小乔,虞姬,裴擒虎,赵怀真"
张飞,赵怀真,8,阵营2 胜利,"盘古,周瑜,元流之子(射手),澜,赵怀真","项羽,大乔,戈娅,阿轲,张飞"
张飞,赵怀真,9,阵营1 胜利,"曹操,杨玉环,苍,百里玄策,张飞","马超,沈梦溪,元流之子(射手),露娜,赵怀真"
张飞,赵怀真,10,阵营1 胜利,"达摩,张良,虞姬,典韦,张飞","老夫子,小乔,元流之子(射手),诸葛亮,赵怀真"
张飞,赵怀真,11,阵营2 胜利,"哪吒,嫦娥,敖隐,梦奇,赵怀真","关羽,妲己,李元芳,孙悟空,张飞"
张飞,赵怀真,12,阵营2 胜利,"亚连,大乔,元流之子(射手),云中君,张飞","老夫子,杨玉环,戈娅,诸葛亮,赵怀真"
张飞,赵怀真,13,阵营1 胜利,"司空震,武则天,后羿,宫本武藏,赵怀真","亚瑟,女娲,狄仁杰,马超,张飞"
张飞,赵怀真,14,阵营1 胜利,"哪吒,嫦娥,李元芳,阿古朵,赵怀真","白起,沈梦溪,狄仁杰,阿轲,张飞"
张飞,赵怀真,15,阵营2 胜利,"孙悟空,沈梦溪,元流之子(射手),杨戬,赵怀真","元歌,不知火舞,公孙离,百里玄策,张飞"
张飞,赵怀真,16,阵营2 胜利,"哪吒,弈星,老夫子,暃,赵怀真","曹操,女娲,戈娅,裴擒虎,张飞"
张飞,赵怀真,17,阵营2 胜利,"影,海诺,蚩奼,裴擒虎,赵怀真","芈月,橘右京,西施,孙尚香,张飞"
张飞,赵怀真,18,阵营1 胜利,"老夫子,沈梦溪,元流之子(射手),暃,赵怀真","夏洛特,上官婉儿,蚩奼,李元芳,张飞"
张飞,赵怀真,19,阵营2 胜利,"影,海月,戈娅,裴擒虎,赵怀真","司空震,西施,孙权,韩信,张飞"
张飞,空空儿,1,阵营2 胜利,"姬小满,沈梦溪,百里守约,百里玄策,张飞","狂铁,杨玉环,孙尚香,裴擒虎,空空儿"
张飞,空空儿,2,阵营1 胜利,"老夫子,大乔,元流之子(射手),盘古,张飞","孙策,貂蝉,艾琳,曜,空空儿"
张飞,空空儿,3,阵营1 胜利,"哪吒,甄姬,李信,赵云,张飞","吕布,杨玉环,李元芳,曜,空空儿"
张飞,空空儿,4,阵营1 胜利,"曜,高渐离,公孙离,云缨,张飞","曹操,上官婉儿,蚩奼,暃,空空儿"
张飞,空空儿,5,阵营1 胜利,"狂铁,甄姬,公孙离,裴擒虎,空空儿","老夫子,高渐离,虞姬,铠,张飞"
张飞,空空儿,6,阵营2 胜利,"芈月,嫦娥,公孙离,裴擒虎,空空儿","姬小满,沈梦溪,百里守约,镜,张飞"
张飞,空空儿,7,阵营1 胜利,"关羽,海月,狄仁杰,兰陵王,张飞","老夫子,小乔,公孙离,李白,空空儿"
张飞,空空儿,8,阵营2 胜利,"元歌,诸葛亮,虞姬,兰陵王,张飞","夏洛特,甄姬,公孙离,露娜,空空儿"
张飞,空空儿,9,阵营1 胜利,"影,高渐离,戈娅,孙悟空,空空儿","元歌,海诺,百里守约,阿古朵,张飞"
张飞,空空儿,10,阵营2 胜利,"芈月,女娲,孙权,镜,张飞","钟无艳,甄姬,元流之子(射手),暃,空空儿"
张飞,空空儿,11,阵营1 胜利,"蚩奼,海诺,元流之子(射手),刘备,张飞","哪吒,女娲,苍,铠,空空儿"
张飞,空空儿,12,阵营2 胜利,"白起,貂蝉,敖隐,典韦,空空儿","芈月,干将莫邪,戈娅,暃,张飞"
张飞,空空儿,13,阵营1 胜利,"老夫子,姜子牙,苍,镜,空空儿","司空震,海月,元流之子(射手),阿古朵,张飞"
张飞,空空儿,14,阵营1 胜利,"老夫子,女娲,元流之子(射手),孙悟空,张飞","曹操,高渐离,后羿,百里玄策,空空儿"
张飞,空空儿,15,阵营2 胜利,"蒙恬,上官婉儿,后羿,阿轲,空空儿","关羽,女娲,黄忠,影,张飞"
张飞,空空儿,16,阵营1 胜利,"马超,甄姬,孙尚香,诸葛亮,空空儿","蚩奼,不知火舞,鲁班七号,暃,张飞"
张飞,空空儿,17,阵营1 胜利,"花木兰,海月,后羿,裴擒虎,空空儿","关羽,不知火舞,孙尚香,诸葛亮,张飞"
张飞,空空儿,18,阵营1 胜利,"影,海诺,李元芳,橘右京,张飞","花木兰,嫦娥,后羿,孙悟空,空空儿"
张飞,空空儿,19,阵营1 胜利,"亚连,女娲,敖隐,裴擒虎,空空儿","老夫子,大乔,元流之子(射手),露娜,张飞"
张飞,少司缘,1,阵营2 胜利,"元歌,大乔,元流之子(射手),裴擒虎,少司缘","镜,小乔,孙权,阿古朵,张飞"
张飞,少司缘,2,阵营2 胜利,"蒙恬,小乔,后羿,雅典娜,少司缘","狂铁,甄姬,敖隐,司马懿,张飞"
张飞,少司缘,3,阵营2 胜利,"影,嫦娥,敖隐,大司命,张飞","元歌,海诺,戈娅,兰陵王,少司缘"
张飞,少司缘,4,阵营1 胜利,"老夫子,上官婉儿,狄仁杰,大司命,少司缘","达摩,嫦娥,公孙离,马超,张飞"
张飞,少司缘,5,阵营1 胜利,"哪吒,嫦娥,李信,暃,少司缘","兰陵王,海诺,孙权,镜,张飞"
张飞,少司缘,6,阵营1 胜利,"元歌,海月,李信,暃,张飞","花木兰,不知火舞,元流之子(射手),百里玄策,少司缘"
张飞,少司缘,7,阵营1 胜利,"狂铁,沈梦溪,孙权,诸葛亮,少司缘","哪吒,杨玉环,后羿,裴擒虎,张飞"
张飞,少司缘,8,阵营2 胜利,"狂铁,沈梦溪,敖隐,赵云,张飞","元歌,不知火舞,公孙离,铠,少司缘"
张飞,少司缘,9,阵营1 胜利,"杨戬,女娲,公孙离,裴擒虎,张飞","狂铁,杨玉环,后羿,李白,少司缘"
张飞,少司缘,10,阵营2 胜利,"钟无艳,甄姬,虞姬,孙悟空,少司缘","关羽,沈梦溪,戈娅,杨戬,张飞"
张飞,少司缘,11,阵营2 胜利,"元歌,沈梦溪,元流之子(射手),百里玄策,张飞","老夫子,西施,蚩奼,裴擒虎,少司缘"
张飞,少司缘,12,阵营1 胜利,"廉颇,不知火舞,蚩奼,暃,少司缘","哪吒,沈梦溪,李信,李白,张飞"
张飞,少司缘,13,阵营2 胜利,"芈月,海月,元流之子(射手),赵云,张飞","司空震,海诺,戈娅,元流之子(刺客),少司缘"
张飞,少司缘,14,阵营1 胜利,"元歌,女娲,鲁班七号,阿轲,张飞","白起,沈梦溪,元流之子(射手),暃,少司缘"
张飞,少司缘,15,阵营1 胜利,"亚瑟,不知火舞,艾琳,露娜,少司缘","姬小满,诸葛亮,戈娅,娜可露露,张飞"
张飞,少司缘,16,阵营2 胜利,"狂铁,大乔,敖隐,赵云,少司缘","元歌,女娲,苍,兰陵王,张飞"
张飞,少司缘,17,阵营2 胜利,"元歌,嫦娥,公孙离,马超,张飞","狂铁,小乔,戈娅,赵云,少司缘"
张飞,少司缘,18,阵营2 胜利,"元歌,嫦娥,蚩奼,铠,少司缘","孙策,貂蝉,戈娅,猪八戒,张飞"
张飞,少司缘,19,阵营1 胜利,"老夫子,大乔,戈娅,裴擒虎,张飞","马超,不知火舞,公孙离,杨戬,少司缘"
张飞,元流之子(坦克),1,阵营1 胜利,"哪吒,诸葛亮,公孙离,韩信,元流之子(坦克)","马超,嫦娥,元流之子(射手),赵云,张飞"
张飞,元流之子(坦克),2,阵营2 胜利,"狂铁,沈梦溪,蒙犽,露娜,元流之子(坦克)","老夫子,海月,蚩奼,哪吒,张飞"
张飞,元流之子(坦克),3,阵营2 胜利,"曹操,小乔,蚩奼,镜,元流之子(坦克)","武则天,影,司空震,裴擒虎,张飞"
张飞,元流之子(坦克),4,阵营2 胜利,"钟无艳,女娲,李信,云中君,张飞","芈月,甄姬,戈娅,杨戬,元流之子(坦克)"
张飞,元流之子(坦克),5,阵营1 胜利,"曹操,安琪拉,鲁班七号,韩信,元流之子(坦克)","影,沈梦溪,戈娅,诸葛亮,张飞"
张飞,元流之子(坦克),6,阵营2 胜利,"狂铁,沈梦溪,蒙犽,裴擒虎,元流之子(坦克)","元歌,不知火舞,元流之子(射手),百里玄策,张飞"
张飞,元流之子(坦克),7,阵营1 胜利,"影,诸葛亮,虞姬,孙悟空,元流之子(坦克)","杨戬,高渐离,元流之子(射手),云缨,张飞"
张飞,元流之子(坦克),8,阵营1 胜利,"影,小乔,孙权,澜,元流之子(坦克)","芈月,干将莫邪,李信,裴擒虎,张飞"
张飞,元流之子(坦克),9,阵营2 胜利,"司空震,大乔,元流之子(射手),百里玄策,张飞","老夫子,干将莫邪,戈娅,云缨,元流之子(坦克)"
张飞,元流之子(坦克),10,阵营1 胜利,"狂铁,小乔,虞姬,赵云,张飞","元歌,诸葛亮,蚩奼,杨戬,元流之子(坦克)"
张飞,元流之子(坦克),11,阵营2 胜利,"蚩奼,杨玉环,狄仁杰,韩信,张飞","蒙恬,沈梦溪,虞姬,暃,元流之子(坦克)"
张飞,元流之子(坦克),12,阵营2 胜利,"狂铁,嫦娥,元歌,裴擒虎,元流之子(坦克)","关羽,沈梦溪,百里守约,镜,张飞"
张飞,元流之子(坦克),13,阵营1 胜利,"夏侯惇,不知火舞,李信,裴擒虎,张飞","司空震,甄姬,虞姬,铠,元流之子(坦克)"
张飞,元流之子(坦克),14,阵营1 胜利,"夏洛特,元流之子(法师),蚩奼,宫本武藏,张飞","司空震,上官婉儿,后羿,云缨,元流之子(坦克)"
张飞,元流之子(坦克),15,阵营1 胜利,"元歌,干将莫邪,戈娅,娜可露露,元流之子(坦克)","嫦娥,上官婉儿,元流之子(射手),马可波罗,张飞"
张飞,元流之子(坦克),16,阵营2 胜利,"芈月,沈梦溪,苍,阿古朵,元流之子(坦克)","关羽,弈星,公孙离,司马懿,张飞"
张飞,元流之子(坦克),17,阵营2 胜利,"元歌,大乔,蚩奼,典韦,元流之子(坦克)","曹操,甄姬,公孙离,孙悟空,张飞"
张飞,元流之子(坦克),18,阵营2 胜利,"孙策,高渐离,蚩奼,诸葛亮,张飞","哪吒,金蝉,孙权,韩信,元流之子(坦克)"
张飞,元流之子(坦克),19,阵营2 胜利,"狂铁,沈梦溪,孙权,马超,张飞","曹操,小乔,戈娅,阿轲,元流之子(坦克)"
张飞,元流之子(辅助),1,阵营1 胜利,"白起,不知火舞,戈娅,韩信,元流之子(辅助)","亚连,嬴政,元流之子(射手),猪八戒,张飞"
张飞,元流之子(辅助),2,阵营1 胜利,"亚连,小乔,鲁班七号,镜,元流之子(辅助)","影,诸葛亮,元流之子(射手),孙悟空,张飞"
张飞,元流之子(辅助),3,阵营2 胜利,"关羽,西施,狄仁杰,宫本武藏,元流之子(辅助)","老夫子,沈梦溪,元流之子(射手),孙悟空,张飞"
张飞,元流之子(辅助),4,阵营2 胜利,"达摩,女娲,后羿,娜可露露,元流之子(辅助)","狂铁,海月,元流之子(射手),宫本武藏,张飞"
张飞,元流之子(辅助),5,阵营2 胜利,"花木兰,高渐离,狄仁杰,兰陵王,元流之子(辅助)","元歌,嫦娥,戈娅,裴擒虎,张飞"
张飞,元流之子(辅助),6,阵营2 胜利,"苏烈,嫦娥,敖隐,百里玄策,张飞","姬小满,上官婉儿,公孙离,铠,元流之子(辅助)"
张飞,元流之子(辅助),7,阵营1 胜利,"关羽,大乔,敖隐,杨戬,张飞","老夫子,金蝉,苍,赵云,元流之子(辅助)"
张飞,元流之子(辅助),8,阵营2 胜利,"貂蝉,白起,鲁班七号,马超,元流之子(辅助)","老夫子,沈梦溪,后羿,阿轲,张飞"
张飞,元流之子(辅助),9,阵营2 胜利,"蒙恬,西施,百里守约,韩信,张飞","曹操,貂蝉,狄仁杰,露娜,元流之子(辅助)"
张飞,元流之子(辅助),10,阵营1 胜利,"夏洛特,西施,蚩奼,大司命,张飞","芈月,小乔,戈娅,影,元流之子(辅助)"
张飞,元流之子(辅助),11,阵营2 胜利,"夏洛特,诸葛亮,孙权,韩信,张飞","元歌,弈星,马可波罗,橘右京,元流之子(辅助)"
张飞,元流之子(辅助),12,阵营2 胜利,"孙策,嫦娥,狄仁杰,裴擒虎,元流之子(辅助)","杨戬,大乔,后羿,镜,张飞"
张飞,元流之子(辅助),13,阵营2 胜利,"花木兰,孙尚香,貂蝉,裴擒虎,元流之子(辅助)","曹操,小乔,元流之子(射手),哪吒,张飞"
张飞,元流之子(辅助),14,阵营1 胜利,"蚩奼,墨子,李信,澜,元流之子(辅助)","哪吒,嫦娥,元流之子(射手),裴擒虎,张飞"
张飞,元流之子(辅助),15,阵营1 胜利,"老夫子,小乔,狄仁杰,李白,元流之子(辅助)","亚连,海诺,戈娅,镜,张飞"
张飞,元流之子(辅助),16,阵营2 胜利,"曹操,姜子牙,敖隐,阿古朵,张飞","狂铁,沈梦溪,后羿,橘右京,元流之子(辅助)"
张飞,元流之子(辅助),17,阵营2 胜利,"曹操,沈梦溪,蚩奼,橘右京,张飞","哪吒,嫦娥,狄仁杰,大司命,元流之子(辅助)"
张飞,元流之子(辅助),18,阵营2 胜利,"元歌,上官婉儿,元流之子(射手),橘右京,张飞","蒙恬,嫦娥,戈娅,李白,元流之子(辅助)"
张飞,元流之子(辅助),19,阵营2 胜利,"赵怀真,嫦娥,孙权,阿轲,张飞","姬小满,武则天,狄仁杰,赵云,元流之子(辅助)"
钟馗,杨玉环,1,阵营2 胜利,"蒙恬,沈梦溪,戈娅,孙悟空,钟馗","钟无艳,海月,百里守约,云缨,杨玉环"
钟馗,杨玉环,2,阵营2 胜利,"蒙恬,沈梦溪,虞姬,云缨,钟馗","老夫子,不知火舞,公孙离,橘右京,杨玉环"
钟馗,杨玉环,3,阵营1 胜利,"姬小满,诸葛亮,元流之子(射手),镜,杨玉环","曹操,沈梦溪,李信,云中君,钟馗"
钟馗,杨玉环,4,阵营1 胜利,"老夫子,诸葛亮,元流之子(射手),阿古朵,杨玉环","孙策,王昭君,公孙离,露娜,钟馗"
钟馗,杨玉环,5,阵营1 胜利,"夏洛特,沈梦溪,蚩奼,云缨,杨玉环","刘邦,嫦娥,百里守约,暃,钟馗"
钟馗,杨玉环,6,阵营2 胜利,"夏洛特,女娲,李信,李白,杨玉环","关羽,甄姬,元流之子(射手),阿古朵,钟馗"
钟馗,杨玉环,7,阵营2 胜利,"孙策,安琪拉,元流之子(射手),司马懿,钟馗","狂铁,小乔,戈娅,暃,杨玉环"
钟馗,杨玉环,8,阵营2 胜利,"哪吒,高渐离,李元芳,诸葛亮,杨玉环","蚩奼,沈梦溪,公孙离,澜,钟馗"
钟馗,杨玉环,9,阵营1 胜利,"司空震,海诺,李信,梦奇,杨玉环","蒙恬,嫦娥,元流之子(射手),云缨,钟馗"
钟馗,杨玉环,10,阵营2 胜利,"杨戬,大乔,公孙离,刘备,杨玉环","司空震,西施,元流之子(射手),铠,钟馗"
钟馗,杨玉环,11,阵营1 胜利,"哪吒,沈梦溪,阿古朵,裴擒虎,钟馗","花木兰,武则天,元流之子(射手),橘右京,杨玉环"
钟馗,杨玉环,12,阵营2 胜利,"元歌,姜子牙,后羿,猪八戒,钟馗","狂铁,女娲,孙权,阿轲,杨玉环"
钟馗,杨玉环,13,阵营1 胜利,"钟无艳,嫦娥,后羿,刘备,杨玉环","花木兰,小乔,虞姬,李白,钟馗"
钟馗,杨玉环,14,阵营2 胜利,"影,嬴政,元流之子(射手),镜,钟馗","元歌,小乔,蚩奼,云缨,杨玉环"
钟馗,杨玉环,15,阵营2 胜利,"亚瑟,沈梦溪,苍,暃,钟馗","关羽,不知火舞,蚩奼,镜,杨玉环"
钟馗,杨玉环,16,阵营2 胜利,"貂蝉,大乔,元流之子(射手),孙悟空,杨玉环","曹操,沈梦溪,李信,雅典娜,钟馗"
钟馗,杨玉环,17,阵营2 胜利,"狂铁,诸葛亮,戈娅,铠,钟馗","曹操,小乔,元流之子(射手),梦奇,杨玉环"
钟馗,杨玉环,18,阵营1 胜利,"曹操,扁鹊,元流之子(射手),阿古朵,杨玉环","影,沈梦溪,戈娅,暃,钟馗"
钟馗,杨玉环,19,阵营1 胜利,"曹操,嫦娥,公孙离,百里玄策,钟馗","马超,弈星,元流之子(射手),哪吒,杨玉环"
钟馗,蔡文姬,1,阵营1 胜利,"影,女娲,虞姬,杨戬,蔡文姬","哪吒,嫦娥,元歌,百里玄策,钟馗"
钟馗,蔡文姬,2,阵营2 胜利,"梦奇,诸葛亮,百里守约,宫本武藏,蔡文姬","哪吒,金蝉,元流之子(射手),娜可露露,钟馗"
钟馗,蔡文姬,3,阵营1 胜利,"曹操,武则天,虞姬,孙悟空,蔡文姬","廉颇,干将莫邪,公孙离,韩信,钟馗"
钟馗,蔡文姬,4,阵营2 胜利,"司空震,貂蝉,敖隐,元流之子(刺客),蔡文姬","马超,杨玉环,虞姬,暃,钟馗"
钟馗,蔡文姬,5,阵营1 胜利,"杨戬,小乔,元流之子(射手),典韦,蔡文姬","关羽,貂蝉,戈娅,梦奇,钟馗"
钟馗,蔡文姬,6,阵营1 胜利,"蚩奼,嫦娥,元流之子(射手),暃,钟馗","影,海月,艾琳,镜,蔡文姬"
钟馗,蔡文姬,7,阵营1 胜利,"老夫子,女娲,元流之子(射手),马超,钟馗","影,海月,蚩奼,百里玄策,蔡文姬"
钟馗,蔡文姬,8,阵营2 胜利,"元歌,王昭君,元流之子(射手),大司命,蔡文姬","影,小乔,虞姬,澜,钟馗"
钟馗,蔡文姬,9,阵营1 胜利,"司空震,弈星,苍,孙悟空,蔡文姬","马超,甄姬,公孙离,元流之子(刺客),钟馗"
钟馗,蔡文姬,10,阵营1 胜利,"蚩奼,诸葛亮,敖隐,赵云,钟馗","曹操,女娲,公孙离,韩信,蔡文姬"
钟馗,蔡文姬,11,阵营1 胜利,"孙策,上官婉儿,元流之子(射手),大司命,钟馗","亚瑟,妲己,戈娅,孙悟空,蔡文姬"
钟馗,蔡文姬,12,阵营2 胜利,"芈月,女娲,元流之子(射手),暃,蔡文姬","达摩,安琪拉,百里守约,阿古朵,钟馗"
钟馗,蔡文姬,13,阵营2 胜利,"元歌,高渐离,百里守约,云缨,蔡文姬","曹操,女娲,狄仁杰,盘古,钟馗"
钟馗,蔡文姬,14,阵营1 胜利,"马超,沈梦溪,公孙离,露娜,钟馗","芈月,西施,虞姬,雅典娜,蔡文姬"
钟馗,蔡文姬,15,阵营1 胜利,"影,弈星,莱西奥,诸葛亮,钟馗","夏洛特,不知火舞,戈娅,暃,蔡文姬"
钟馗,蔡文姬,16,阵营2 胜利,"狂铁,貂蝉,黄忠,马超,蔡文姬","廉颇,沈梦溪,元流之子(射手),司马懿,钟馗"
钟馗,蔡文姬,17,阵营1 胜利,"哪吒,海月,戈娅,大司命,蔡文姬","元歌,上官婉儿,狄仁杰,百里玄策,钟馗"
钟馗,蔡文姬,18,阵营1 胜利,"元歌,甄姬,戈娅,阿轲,钟馗","狂铁,沈梦溪,元流之子(射手),娜可露露,蔡文姬"
钟馗,蔡文姬,19,阵营2 胜利,"项羽,海月,公孙离,杨戬,蔡文姬","蚩奼,沈梦溪,戈娅,赵云,钟馗"
钟馗,太乙真人,1,阵营2 胜利,"关羽,甄姬,敖隐,孙悟空,钟馗","老夫子,杨玉环,蚩奼,韩信,太乙真人"
钟馗,太乙真人,2,阵营1 胜利,"司空震,女娲,敖隐,孙悟空,太乙真人","哪吒,高渐离,元流之子(射手),梦奇,钟馗"
钟馗,太乙真人,3,阵营2 胜利,"赵怀真,大乔,百里守约,马超,钟馗","元流之子(坦克),女娲,虞姬,阿古朵,太乙真人"
钟馗,太乙真人,4,阵营2 胜利,"嫦娥,女娲,孙权,裴擒虎,太乙真人","老夫子,沈梦溪,蚩奼,盘古,钟馗"
钟馗,太乙真人,5,阵营2 胜利,"老夫子,嫦娥,戈娅,李白,太乙真人","夏洛特,高渐离,元流之子(射手),马超,钟馗"
钟馗,太乙真人,6,阵营1 胜利,"亚瑟,武则天,元流之子(射手),大司命,钟馗","曹操,女娲,司空震,云缨,太乙真人"
钟馗,太乙真人,7,阵营1 胜利,"影,安琪拉,元流之子(射手),典韦,钟馗","老夫子,高渐离,李信,马超,太乙真人"
钟馗,太乙真人,8,阵营1 胜利,"元歌,女娲,李信,阿古朵,钟馗","狂铁,金蝉,戈娅,雅典娜,太乙真人"
钟馗,太乙真人,9,阵营2 胜利,"关羽,不知火舞,艾琳,百里玄策,钟馗","马超,沈梦溪,元流之子(射手),铠,太乙真人"
钟馗,太乙真人,10,阵营2 胜利,"狂铁,大乔,苍,马超,太乙真人","项羽,女娲,戈娅,裴擒虎,钟馗"
钟馗,太乙真人,11,阵营1 胜利,"马超,嫦娥,戈娅,雅典娜,太乙真人","狂铁,沈梦溪,蚩奼,镜,钟馗"
钟馗,太乙真人,12,阵营2 胜利,"元歌,嫦娥,蚩奼,镜,钟馗","孙策,小乔,蒙犽,赵云,太乙真人"
钟馗,太乙真人,13,阵营1 胜利,"李信,女娲,狄仁杰,裴擒虎,太乙真人","马超,嫦娥,公孙离,阿古朵,钟馗"
钟馗,太乙真人,14,阵营1 胜利,"司空震,弈星,蚩奼,裴擒虎,太乙真人","狂铁,甄姬,孙权,诸葛亮,钟馗"
钟馗,太乙真人,15,阵营1 胜利,"元歌,沈梦溪,后羿,铠,太乙真人","老夫子,上官婉儿,虞姬,雅典娜,钟馗"
钟馗,太乙真人,16,阵营1 胜利,"影,西施,孙尚香,赵云,太乙真人","曹操,沈梦溪,元流之子(射手),孙悟空,钟馗"
钟馗,太乙真人,17,阵营1 胜利,"影,不知火舞,蚩奼,宫本武藏,太乙真人","司空震,海月,戈娅,铠,钟馗"
钟馗,太乙真人,18,阵营1 胜利,"老夫子,张良,后羿,韩信,太乙真人","关羽,女娲,莱西奥,哪吒,钟馗"
钟馗,太乙真人,19,阵营2 胜利,"廉颇,海月,孙权,孙悟空,钟馗","孙策,武则天,戈娅,裴擒虎,太乙真人"
钟馗,东皇太一,1,阵营1 胜利,"李信,沈梦溪,敖隐,云缨,东皇太一","元歌,女娲,后羿,裴擒虎,钟馗"
钟馗,东皇太一,2,阵营1 胜利,"橘右京,小乔,李元芳,镜,钟馗","曹操,嫦娥,戈娅,韩信,东皇太一"
钟馗,东皇太一,3,阵营1 胜利,"蒙恬,干将莫邪,元流之子(射手),裴擒虎,东皇太一","蚩奼,嬴政,孙权,云缨,钟馗"
钟馗,东皇太一,4,阵营1 胜利,"曹操,女娲,后羿,橘右京,东皇太一","狂铁,沈梦溪,戈娅,铠,钟馗"
钟馗,东皇太一,5,阵营2 胜利,"白起,上官婉儿,虞姬,马超,钟馗","司空震,嫦娥,扁鹊,宫本武藏,东皇太一"
钟馗,东皇太一,6,阵营2 胜利,"花木兰,干将莫邪,莱西奥,百里玄策,钟馗","狂铁,周瑜,戈娅,暃,东皇太一"
钟馗,东皇太一,7,阵营1 胜利,"曹操,甄姬,敖隐,诸葛亮,钟馗","杨戬,武则天,虞姬,司马懿,东皇太一"
钟馗,东皇太一,8,阵营1 胜利,"达摩,女娲,黄忠,典韦,钟馗","芈月,海诺,元流之子(射手),裴擒虎,东皇太一"
钟馗,东皇太一,9,阵营1 胜利,"大司命,小乔,李信,裴擒虎,东皇太一","夏洛特,嫦娥,鲁班七号,典韦,钟馗"
钟馗,东皇太一,10,阵营2 胜利,"孙策,海月,狄仁杰,典韦,钟馗","元歌,女娲,蚩奼,大司命,东皇太一"
钟馗,东皇太一,11,阵营2 胜利,"哪吒,女娲,百里守约,雅典娜,钟馗","马超,武则天,苍,元流之子(刺客),东皇太一"
钟馗,东皇太一,12,阵营1 胜利,"哪吒,海月,苍,大司命,钟馗","影,西施,蚩奼,元流之子(刺客),东皇太一"
钟馗,东皇太一,13,阵营2 胜利,"元歌,不知火舞,狄仁杰,宫本武藏,东皇太一","狂铁,嫦娥,艾琳,马超,钟馗"
钟馗,东皇太一,14,阵营1 胜利,"马超,周瑜,蚩奼,典韦,钟馗","关羽,干将莫邪,元流之子(射手),宫本武藏,东皇太一"
钟馗,东皇太一,15,阵营2 胜利,"吕布,沈梦溪,元流之子(射手),铠,东皇太一","哪吒,女娲,虞姬,云缨,钟馗"
钟馗,东皇太一,16,阵营2 胜利,"芈月,小乔,元流之子(射手),兰陵王,钟馗","白起,嫦娥,蚩奼,裴擒虎,东皇太一"
钟馗,东皇太一,17,阵营1 胜利,"夏洛特,貂蝉,元流之子(射手),大司命,钟馗","狂铁,不知火舞,马可波罗,暃,东皇太一"
钟馗,东皇太一,18,阵营1 胜利,"芈月,海月,蒙犽,云缨,东皇太一","元歌,小乔,戈娅,橘右京,钟馗"
钟馗,东皇太一,19,阵营1 胜利,"司空震,嫦娥,蚩奼,裴擒虎,钟馗","影,沈梦溪,莱西奥,大司命,东皇太一"
钟馗,大禹,1,阵营1 胜利,"蒙恬,女娲,戈娅,云缨,大禹","狂铁,海诺,公孙离,百里玄策,钟馗"
钟馗,大禹,2,阵营1 胜利,"狂铁,甄姬,敖隐,暃,大禹","杨戬,沈梦溪,李信,孙悟空,钟馗"
钟馗,大禹,3,阵营1 胜利,"司空震,大乔,孙权,元流之子(刺客),钟馗","刘邦,甄姬,戈娅,镜,大禹"
钟馗,大禹,4,阵营2 胜利,"司空震,弈星,老夫子,裴擒虎,钟馗","曹操,沈梦溪,公孙离,宫本武藏,大禹"
钟馗,大禹,5,阵营2 胜利,"狂铁,嫦娥,敖隐,百里玄策,钟馗","影,西施,艾琳,元流之子(刺客),大禹"
钟馗,大禹,6,阵营2 胜利,"影,海月,敖隐,赵云,钟馗","孙策,干将莫邪,后羿,雅典娜,大禹"
钟馗,大禹,7,阵营2 胜利,"影,女娲,元流之子(射手),镜,钟馗","蒙恬,嫦娥,苍,诸葛亮,大禹"
钟馗,大禹,8,阵营1 胜利,"老夫子,西施,蚩奼,铠,钟馗","蒙恬,高渐离,元流之子(射手),裴擒虎,大禹"
钟馗,大禹,9,阵营2 胜利,"芈月,弈星,戈娅,露娜,大禹","司空震,诸葛亮,莱西奥,暃,钟馗"
钟馗,大禹,10,阵营2 胜利,"影,嫦娥,元流之子(射手),马超,钟馗","芈月,海月,艾琳,裴擒虎,大禹"
钟馗,大禹,11,阵营2 胜利,"司空震,嫦娥,戈娅,雅典娜,大禹","关羽,貂蝉,元流之子(射手),李白,钟馗"
钟馗,大禹,12,阵营2 胜利,"哪吒,沈梦溪,戈娅,镜,大禹","老夫子,不知火舞,蚩奼,露娜,钟馗"
钟馗,大禹,13,阵营1 胜利,"司空震,嫦娥,蚩奼,阿古朵,钟馗","马超,沈梦溪,戈娅,杨戬,大禹"
钟馗,大禹,14,阵营1 胜利,"司空震,沈梦溪,元流之子(射手),百里玄策,钟馗","梦奇,女娲,虞姬,司马懿,大禹"
钟馗,大禹,15,阵营2 胜利,"夏洛特,沈梦溪,元流之子(射手),阿古朵,钟馗","狂铁,嫦娥,孙权,兰陵王,大禹"
钟馗,大禹,16,阵营1 胜利,"大司命,诸葛亮,孙尚香,镜,钟馗","曹操,貂蝉,狄仁杰,阿轲,大禹"
钟馗,大禹,17,阵营2 胜利,"关羽,沈梦溪,敖隐,嫦娥,大禹","夏洛特,甄姬,元流之子(射手),裴擒虎,钟馗"
钟馗,大禹,18,阵营1 胜利,"姬小满,嫦娥,蚩奼,镜,钟馗","关羽,武则天,孙权,澜,大禹"
钟馗,大禹,19,阵营2 胜利,"老夫子,安琪拉,百里守约,镜,大禹","亚瑟,高渐离,孙权,云中君,钟馗"
钟馗,鬼谷子,1,阵营2 胜利,"老夫子,安琪拉,蚩奼,典韦,鬼谷子","夏洛特,小乔,元流之子(射手),猪八戒,钟馗"
钟馗,鬼谷子,2,阵营2 胜利,"老夫子,女娲,敖隐,铠,钟馗","狂铁,小乔,后羿,马超,鬼谷子"
钟馗,鬼谷子,3,阵营1 胜利,"夏洛特,弈星,敖隐,诸葛亮,鬼谷子","关羽,小乔,后羿,韩信,钟馗"
钟馗,鬼谷子,4,阵营2 胜利,"关羽,大乔,戈娅,裴擒虎,鬼谷子","司空震,女娲,蚩奼,百里玄策,钟馗"
钟馗,鬼谷子,5,阵营1 胜利,"狂铁,姜子牙,百里守约,百里玄策,钟馗","影,嫦娥,公孙离,韩信,鬼谷子"
钟馗,鬼谷子,6,阵营1 胜利,"元歌,大乔,马可波罗,百里玄策,钟馗","老夫子,武则天,公孙离,司马懿,鬼谷子"
钟馗,鬼谷子,7,阵营2 胜利,"狂铁,上官婉儿,公孙离,露娜,钟馗","蚩奼,嫦娥,蒙恬,百里玄策,鬼谷子"
钟馗,鬼谷子,8,阵营1 胜利,"孙策,海诺,李元芳,露娜,钟馗","夏洛特,女娲,李信,阿古朵,鬼谷子"
钟馗,鬼谷子,9,阵营2 胜利,"白起,诸葛亮,蚩奼,雅典娜,鬼谷子","司空震,沈梦溪,元流之子(射手),大司命,钟馗"
钟馗,鬼谷子,10,阵营1 胜利,"狂铁,嫦娥,敖隐,司马懿,鬼谷子","花木兰,女娲,元歌,元流之子(刺客),钟馗"
钟馗,鬼谷子,11,阵营1 胜利,"哪吒,小乔,蚩奼,大司命,鬼谷子","狂铁,海月,元流之子(射手),娜可露露,钟馗"
钟馗,鬼谷子,12,阵营2 胜利,"狂铁,海月,苍,影,鬼谷子","兰陵王,小乔,元流之子(射手),曜,钟馗"
钟馗,鬼谷子,13,阵营1 胜利,"元歌,不知火舞,苍,元流之子(刺客),鬼谷子","哪吒,大乔,元流之子(射手),韩信,钟馗"
钟馗,鬼谷子,14,阵营2 胜利,"夏洛特,诸葛亮,马可波罗,裴擒虎,鬼谷子","芈月,女娲,孙尚香,孙悟空,钟馗"
钟馗,鬼谷子,15,阵营1 胜利,"影,元流之子(法师),敖隐,阿古朵,钟馗","元歌,上官婉儿,戈娅,赵云,鬼谷子"
钟馗,鬼谷子,16,阵营2 胜利,"蚩奼,女娲,后羿,元流之子(坦克),钟馗","司空震,武则天,元流之子(射手),百里玄策,鬼谷子"
钟馗,鬼谷子,17,阵营1 胜利,"关羽,小乔,敖隐,镜,钟馗","影,貂蝉,李信,马超,鬼谷子"
钟馗,鬼谷子,18,阵营2 胜利,"孙策,海月,元流之子(射手),韩信,钟馗","司空震,女娲,后羿,裴擒虎,鬼谷子"
钟馗,鬼谷子,19,阵营2 胜利,"夏洛特,杨玉环,孙权,马超,钟馗","杨戬,海诺,李信,裴擒虎,鬼谷子"
钟馗,大乔,1,阵营2 胜利,"关羽,嫦娥,孙权,孙悟空,大乔","孙策,姜子牙,李元芳,盘古,钟馗"
钟馗,大乔,2,阵营1 胜利,"关羽,嫦娥,后羿,诸葛亮,大乔","元歌,杨玉环,孙尚香,马超,钟馗"
钟馗,大乔,3,阵营1 胜利,"孙悟空,不知火舞,孙权,猪八戒,大乔","狂铁,干将莫邪,蚩奼,镜,钟馗"
钟馗,大乔,4,阵营2 胜利,"孙策,诸葛亮,戈娅,孙悟空,大乔","元歌,嫦娥,苍,阿古朵,钟馗"
钟馗,大乔,5,阵营2 胜利,"狂铁,沈梦溪,公孙离,韩信,大乔","达摩,小乔,伽罗,裴擒虎,钟馗"
钟馗,大乔,6,阵营1 胜利,"夏侯惇,沈梦溪,蚩奼,孙悟空,大乔","元歌,安琪拉,元流之子(射手),钟无艳,钟馗"
钟馗,大乔,7,阵营2 胜利,"司空震,西施,艾琳,橘右京,大乔","狂铁,武则天,戈娅,诸葛亮,钟馗"
钟馗,大乔,8,阵营2 胜利,"元歌,海月,戈娅,韩信,钟馗","姬小满,嫦娥,元流之子(射手),娜可露露,大乔"
钟馗,大乔,9,阵营1 胜利,"姬小满,嫦娥,苍,裴擒虎,大乔","老夫子,不知火舞,元流之子(射手),阿古朵,钟馗"
钟馗,大乔,10,阵营2 胜利,"杨戬,嫦娥,公孙离,裴擒虎,大乔","元歌,女娲,戈娅,云缨,钟馗"
钟馗,大乔,11,阵营1 胜利,"夏洛特,扁鹊,孙权,百里玄策,大乔","元歌,高渐离,公孙离,李白,钟馗"
钟馗,大乔,12,阵营2 胜利,"马超,不知火舞,蚩奼,阿轲,钟馗","猪八戒,嫦娥,元流之子(射手),云缨,大乔"
钟馗,大乔,13,阵营1 胜利,"夏洛特,沈梦溪,李信,刘备,钟馗","老夫子,诸葛亮,狄仁杰,司马懿,大乔"
钟馗,大乔,14,阵营2 胜利,"关羽,貂蝉,虞姬,裴擒虎,钟馗","达摩,沈梦溪,蚩奼,暃,大乔"
钟馗,大乔,15,阵营2 胜利,"哪吒,姜子牙,敖隐,云缨,钟馗","亚瑟,高渐离,百里守约,娜可露露,大乔"
钟馗,大乔,16,阵营1 胜利,"影,小乔,戈娅,宫本武藏,大乔","盘古,嫦娥,公孙离,诸葛亮,钟馗"
钟馗,大乔,17,阵营2 胜利,"白起,貂蝉,后羿,宫本武藏,钟馗","芈月,姜子牙,戈娅,澜,大乔"
钟馗,大乔,18,阵营2 胜利,"姬小满,弈星,狄仁杰,刘备,大乔","钟无艳,女娲,元流之子(射手),裴擒虎,钟馗"
钟馗,大乔,19,阵营2 胜利,"狂铁,沈梦溪,元流之子(射手),大司命,钟馗","关羽,元流之子(法师),公孙离,曜,大乔"
钟馗,苏烈,1,阵营2 胜利,"狂铁,小乔,戈娅,孙悟空,钟馗","元流之子(坦克),上官婉儿,百里守约,典韦,苏烈"
钟馗,苏烈,2,阵营2 胜利,"曹操,沈梦溪,孙权,暃,苏烈","狂铁,小乔,元流之子(射手),韩信,钟馗"
钟馗,苏烈,3,阵营1 胜利,"花木兰,沈梦溪,后羿,韩信,苏烈","狂铁,嫦娥,元流之子(射手),娜可露露,钟馗"
钟馗,苏烈,4,阵营1 胜利,"影,沈梦溪,元流之子(射手),哪吒,苏烈","曹操,不知火舞,公孙离,韩信,钟馗"
钟馗,苏烈,5,阵营2 胜利,"影,弈星,李信,韩信,钟馗","关羽,不知火舞,百里守约,孙悟空,苏烈"
钟馗,苏烈,6,阵营2 胜利,"关羽,貂蝉,公孙离,云中君,苏烈","司空震,小乔,蚩奼,裴擒虎,钟馗"
钟馗,苏烈,7,阵营1 胜利,"元歌,小乔,孙权,百里玄策,钟馗","蚩奼,安琪拉,芈月,兰陵王,苏烈"
钟馗,苏烈,8,阵营1 胜利,"李信,小乔,公孙离,赵云,钟馗","哪吒,诸葛亮,元流之子(射手),孙悟空,苏烈"
钟馗,苏烈,9,阵营2 胜利,"芈月,小乔,元流之子(射手),梦奇,钟馗","蒙恬,诸葛亮,狄仁杰,橘右京,苏烈"
钟馗,苏烈,10,阵营2 胜利,"赵怀真,沈梦溪,百里守约,司马懿,苏烈","狂铁,不知火舞,元流之子(射手),镜,钟馗"
钟馗,苏烈,11,阵营2 胜利,"元歌,小乔,李信,孙悟空,钟馗","狂铁,元流之子(法师),公孙离,娜可露露,苏烈"
钟馗,苏烈,12,阵营1 胜利,"马超,大乔,元流之子(射手),韩信,苏烈","司空震,武则天,蚩奼,梦奇,钟馗"
钟馗,苏烈,13,阵营2 胜利,"老夫子,海月,后羿,裴擒虎,钟馗","杨戬,沈梦溪,元流之子(射手),盘古,苏烈"
钟馗,苏烈,14,阵营1 胜利,"达摩,大乔,敖隐,诸葛亮,苏烈","曹操,西施,苍,赵云,钟馗"
钟馗,苏烈,15,阵营1 胜利,"元歌,沈梦溪,孙权,盘古,苏烈","马超,嫦娥,元流之子(射手),镜,钟馗"
钟馗,苏烈,16,阵营2 胜利,"影,海月,戈娅,露娜,钟馗","曹操,貂蝉,元流之子(射手),宫本武藏,苏烈"
钟馗,苏烈,17,阵营1 胜利,"哪吒,沈梦溪,虞姬,宫本武藏,钟馗","老夫子,杨玉环,蚩奼,大司命,苏烈"
钟馗,苏烈,18,阵营2 胜利,"哪吒,干将莫邪,虞姬,马超,钟馗","关羽,诸葛亮,艾琳,阿古朵,苏烈"
钟馗,苏烈,19,阵营1 胜利,"猪八戒,上官婉儿,蒙犽,雅典娜,苏烈","夏洛特,安琪拉,戈娅,百里玄策,钟馗"
钟馗,明世隐,1,阵营1 胜利,"吕布,高渐离,元流之子(射手),云缨,钟馗","钟无艳,嫦娥,艾琳,韩信,明世隐"
钟馗,明世隐,2,阵营1 胜利,"达摩,海诺,艾琳,哪吒,钟馗","姬小满,弈星,元流之子(射手),云缨,明世隐"
钟馗,明世隐,3,阵营1 胜利,"兰陵王,安琪拉,孙权,铠,钟馗","司空震,不知火舞,蚩奼,马超,明世隐"
钟馗,明世隐,4,阵营1 胜利,"刘邦,西施,艾琳,铠,明世隐","司空震,武则天,蚩奼,镜,钟馗"
钟馗,明世隐,5,阵营1 胜利,"哪吒,小乔,戈娅,裴擒虎,钟馗","老夫子,沈梦溪,孙权,典韦,明世隐"
钟馗,明世隐,6,阵营1 胜利,"蒙恬,貂蝉,戈娅,蚩奼,明世隐","钟无艳,弈星,孙权,马超,钟馗"
钟馗,明世隐,7,阵营1 胜利,"花木兰,武则天,戈娅,李元芳,钟馗","狂铁,不知火舞,孙权,赵云,明世隐"
钟馗,明世隐,8,阵营1 胜利,"老夫子,沈梦溪,孙权,李元芳,钟馗","盘古,上官婉儿,元流之子(射手),暃,明世隐"
钟馗,明世隐,9,阵营2 胜利,"哪吒,海诺,虞姬,典韦,钟馗","吕布,沈梦溪,蚩奼,韩信,明世隐"
钟馗,明世隐,10,阵营2 胜利,"影,嫦娥,元流之子(射手),赵云,明世隐","亚连,元流之子(法师),李元芳,暃,钟馗"
钟馗,瑶,1,阵营2 胜利,"蚩奼,小乔,李元芳,韩信,钟馗","蒙恬,杨玉环,公孙离,典韦,瑶"
钟馗,瑶,2,阵营1 胜利,"达摩,诸葛亮,元流之子(射手),曜,钟馗","兰陵王,小乔,李信,芈月,瑶"
钟馗,瑶,3,阵营1 胜利,"白起,沈梦溪,戈娅,诸葛亮,瑶","哪吒,嫦娥,元流之子(射手),阿轲,钟馗"
钟馗,瑶,4,阵营2 胜利,"钟无艳,武则天,公孙离,暃,钟馗","关羽,沈梦溪,蚩奼,裴擒虎,瑶"
钟馗,瑶,5,阵营1 胜利,"元流之子(坦克),海诺,孙权,马超,瑶","狂铁,大乔,蚩奼,铠,钟馗"
钟馗,瑶,6,阵营2 胜利,"关羽,杨玉环,孙权,镜,钟馗","司空震,高渐离,元流之子(射手),梦奇,瑶"
钟馗,瑶,7,阵营2 胜利,"达摩,小乔,百里守约,孙悟空,钟馗","狂铁,甄姬,公孙离,阿古朵,瑶"
钟馗,瑶,8,阵营2 胜利,"曹操,弈星,元流之子(射手),娜可露露,钟馗","关羽,不知火舞,莱西奥,诸葛亮,瑶"
钟馗,瑶,9,阵营1 胜利,"曹操,妲己,敖隐,裴擒虎,钟馗","狂铁,嫦娥,马可波罗,赵云,瑶"
钟馗,瑶,10,阵营2 胜利,"刘邦,海月,公孙离,马超,钟馗","哪吒,嫦娥,马可波罗,孙悟空,瑶"
钟馗,瑶,11,阵营1 胜利,"狂铁,高渐离,百里守约,百里玄策,钟馗","姬小满,嫦娥,戈娅,裴擒虎,瑶"
钟馗,瑶,12,阵营1 胜利,"狂铁,貂蝉,元流之子(射手),百里玄策,钟馗","马可波罗,干将莫邪,孙权,李白,瑶"
钟馗,瑶,13,阵营1 胜利,"杨戬,甄姬,公孙离,裴擒虎,瑶","蒙恬,大乔,蚩奼,云缨,钟馗"
钟馗,瑶,14,阵营2 胜利,"花木兰,小乔,公孙离,孙悟空,钟馗","关羽,不知火舞,敖隐,裴擒虎,瑶"
钟馗,瑶,15,阵营2 胜利,"影,女娲,戈娅,杨戬,钟馗","哪吒,杨玉环,公孙离,韩信,瑶"
钟馗,瑶,16,阵营1 胜利,"哪吒,女娲,孙权,大司命,瑶","关羽,海诺,戈娅,阿轲,钟馗"
钟馗,瑶,17,阵营2 胜利,"兰陵王,杨玉环,蚩奼,阿古朵,钟馗","影,海诺,公孙离,雅典娜,瑶"
钟馗,瑶,18,阵营1 胜利,"司空震,弈星,孙权,典韦,瑶","关羽,安琪拉,元流之子(射手),铠,钟馗"
钟馗,瑶,19,阵营2 胜利,"蒙恬,甄姬,虞姬,宫本武藏,瑶","狂铁,弈星,李信,孙悟空,钟馗"
钟馗,盾山,1,阵营2 胜利,"盘古,海诺,元流之子(射手),镜,盾山","关羽,上官婉儿,孙权,典韦,钟馗"
钟馗,盾山,2,阵营1 胜利,"嫦娥,姜子牙,孙尚香,杨戬,盾山","夏洛特,沈梦溪,元流之子(射手),曹操,钟馗"
钟馗,盾山,3,阵营1 胜利,"狂铁,周瑜,公孙离,铠,钟馗","姬小满,大乔,鲁班七号,橘右京,盾山"
钟馗,盾山,4,阵营1 胜利,"哪吒,元流之子(法师),艾琳,橘右京,盾山","司空震,女娲,公孙离,暃,钟馗"
钟馗,盾山,5,阵营2 胜利,"白起,上官婉儿,艾琳,元流之子(刺客),盾山","司空震,沈梦溪,李信,孙悟空,钟馗"
钟馗,盾山,6,阵营1 胜利,"蚩奼,海诺,艾琳,娜可露露,盾山","关羽,西施,狄仁杰,裴擒虎,钟馗"
钟馗,盾山,7,阵营1 胜利,"曹操,嫦娥,敖隐,钟无艳,盾山","司空震,诸葛亮,艾琳,刘备,钟馗"
钟馗,盾山,8,阵营2 胜利,"关羽,元流之子(法师),孙尚香,云缨,盾山","蒙恬,小乔,元流之子(射手),哪吒,钟馗"
钟馗,盾山,9,阵营2 胜利,"狂铁,嬴政,扁鹊,兰陵王,钟馗","老夫子,嫦娥,元流之子(射手),雅典娜,盾山"
钟馗,盾山,10,阵营1 胜利,"司空震,杨玉环,狄仁杰,典韦,盾山","兰陵王,诸葛亮,李信,马超,钟馗"
钟馗,盾山,11,阵营1 胜利,"花木兰,金蝉,艾琳,裴擒虎,盾山","哪吒,不知火舞,后羿,韩信,钟馗"
钟馗,盾山,12,阵营2 胜利,"兰陵王,安琪拉,狄仁杰,韩信,盾山","司空震,沈梦溪,元流之子(射手),大司命,钟馗"
钟馗,盾山,13,阵营1 胜利,"哪吒,诸葛亮,艾琳,曜,盾山","司空震,小乔,元流之子(射手),澜,钟馗"
钟馗,盾山,14,阵营1 胜利,"夏洛特,诸葛亮,元流之子(射手),司马懿,钟馗","哪吒,金蝉,艾琳,韩信,盾山"
钟馗,盾山,15,阵营2 胜利,"哪吒,高渐离,艾琳,杨戬,盾山","老夫子,沈梦溪,蚩奼,露娜,钟馗"
钟馗,盾山,16,阵营2 胜利,"花木兰,高渐离,蚩奼,马超,钟馗","影,嫦娥,鲁班七号,裴擒虎,盾山"
钟馗,盾山,17,阵营1 胜利,"曹操,西施,元流之子(射手),宫本武藏,盾山","项羽,元流之子(法师),戈娅,阿古朵,钟馗"
钟馗,盾山,18,阵营1 胜利,"狂铁,甄姬,艾琳,阿古朵,盾山","元歌,杨玉环,元流之子(射手),孙悟空,钟馗"
钟馗,盾山,19,阵营2 胜利,"猪八戒,不知火舞,孙尚香,杨戬,盾山","姬小满,元流之子(法师),戈娅,镜,钟馗"
钟馗,西施,1,阵营2 胜利,"花木兰,诸葛亮,苍,韩信,钟馗","影,上官婉儿,公孙离,裴擒虎,西施"
钟馗,西施,2,阵营2 胜利,"关羽,大乔,公孙离,暃,钟馗","蚩奼,沈梦溪,戈娅,诸葛亮,西施"
钟馗,西施,3,阵营2 胜利,"达摩,海诺,蚩奼,大司命,钟馗","狂铁,安琪拉,阿古朵,百里玄策,西施"
钟馗,西施,4,阵营2 胜利,"司空震,嫦娥,苍,大司命,钟馗","老夫子,女娲,元流之子(射手),马超,西施"
钟馗,西施,5,阵营2 胜利,"哪吒,不知火舞,百里守约,暃,西施","曹操,元流之子(法师),戈娅,孙悟空,钟馗"
钟馗,西施,6,阵营1 胜利,"曹操,嫦娥,艾琳,裴擒虎,西施","关羽,不知火舞,元流之子(射手),韩信,钟馗"
钟馗,西施,7,阵营1 胜利,"司空震,高渐离,狄仁杰,司马懿,钟馗","哪吒,沈梦溪,李元芳,兰陵王,西施"
钟馗,西施,8,阵营1 胜利,"老夫子,安琪拉,戈娅,阿古朵,钟馗","姬小满,甄姬,元流之子(射手),孙悟空,西施"
钟馗,西施,9,阵营2 胜利,"元歌,杨玉环,元流之子(射手),曜,西施","哪吒,嫦娥,戈娅,暃,钟馗"
钟馗,西施,10,阵营1 胜利,"狂铁,女娲,敖隐,百里玄策,钟馗","哪吒,貂蝉,蚩奼,典韦,西施"
钟馗,西施,11,阵营2 胜利,"曹操,海月,公孙离,镜,西施","芈月,杨玉环,孙权,曜,钟馗"
钟馗,西施,12,阵营2 胜利,"狂铁,干将莫邪,艾琳,镜,西施","孙策,周瑜,敖隐,赵云,钟馗"
钟馗,鲁班大师,1,阵营2 胜利,"哪吒,不知火舞,后羿,宫本武藏,鲁班大师","夏洛特,貂蝉,戈娅,嫦娥,钟馗"
钟馗,鲁班大师,2,阵营2 胜利,"花木兰,沈梦溪,蚩奼,曜,钟馗","司空震,小乔,元流之子(射手),杨戬,鲁班大师"
钟馗,鲁班大师,3,阵营2 胜利,"曹操,女娲,蚩奼,澜,钟馗","夏洛特,不知火舞,阿古朵,镜,鲁班大师"
钟馗,鲁班大师,4,阵营1 胜利,"曹操,海月,虞姬,梦奇,鲁班大师","元歌,弈星,狄仁杰,杨戬,钟馗"
钟馗,鲁班大师,5,阵营1 胜利,"老夫子,貂蝉,敖隐,铠,钟馗","哪吒,大乔,公孙离,宫本武藏,鲁班大师"
钟馗,鲁班大师,6,阵营1 胜利,"花木兰,海月,敖隐,娜可露露,钟馗","蒙恬,甄姬,狄仁杰,赵云,鲁班大师"
钟馗,鲁班大师,7,阵营2 胜利,"司空震,小乔,戈娅,裴擒虎,鲁班大师","亚瑟,安琪拉,蚩奼,阿古朵,钟馗"
钟馗,鲁班大师,8,阵营1 胜利,"司空震,杨玉环,狄仁杰,大司命,钟馗","孙策,不知火舞,艾琳,铠,鲁班大师"
钟馗,鲁班大师,9,阵营2 胜利,"孙策,妲己,蚩奼,云缨,鲁班大师","亚连,武则天,元流之子(射手),裴擒虎,钟馗"
钟馗,鲁班大师,10,阵营2 胜利,"影,武则天,戈娅,孙悟空,钟馗","狂铁,诸葛亮,公孙离,铠,鲁班大师"
钟馗,鲁班大师,11,阵营1 胜利,"姬小满,小乔,戈娅,曜,鲁班大师","曹操,嫦娥,孙权,刘备,钟馗"
钟馗,鲁班大师,12,阵营1 胜利,"关羽,大乔,苍,典韦,钟馗","司空震,貂蝉,元流之子(射手),露娜,鲁班大师"
钟馗,鲁班大师,13,阵营2 胜利,"曹操,小乔,敖隐,阿古朵,钟馗","蒙恬,沈梦溪,戈娅,云缨,鲁班大师"
钟馗,鲁班大师,14,阵营2 胜利,"老夫子,不知火舞,鲁班七号,镜,鲁班大师","夏洛特,小乔,虞姬,裴擒虎,钟馗"
钟馗,鲁班大师,15,阵营1 胜利,"司空震,海月,元流之子(射手),曜,鲁班大师","曹操,沈梦溪,公孙离,梦奇,钟馗"
钟馗,鲁班大师,16,阵营1 胜利,"蚩奼,女娲,虞姬,镜,钟馗","花木兰,不知火舞,元流之子(射手),阿古朵,鲁班大师"
钟馗,鲁班大师,17,阵营1 胜利,"程咬金,小乔,戈娅,百里玄策,鲁班大师","蚩奼,大乔,元流之子(射手),李白,钟馗"
钟馗,鲁班大师,18,阵营1 胜利,"哪吒,甄姬,黄忠,赵云,鲁班大师","蒙恬,不知火舞,鲁班七号,镜,钟馗"
钟馗,鲁班大师,19,阵营2 胜利,"狂铁,小乔,孙权,镜,鲁班大师","猪八戒,沈梦溪,元流之子(射手),孙悟空,钟馗"
钟馗,桑启,1,阵营2 胜利,"马超,女娲,戈娅,赵云,桑启","司空震,不知火舞,蚩奼,裴擒虎,钟馗"
钟馗,桑启,2,阵营1 胜利,"夏洛特,武则天,蚩奼,韩信,钟馗","芈月,海月,公孙离,赵云,桑启"
钟馗,桑启,3,阵营1 胜利,"司空震,甄姬,伽罗,大司命,桑启","芈月,嫦娥,元流之子(射手),影,钟馗"
钟馗,桑启,4,阵营2 胜利,"曹操,妲己,戈娅,镜,钟馗","关羽,甄姬,元流之子(射手),马超,桑启"
钟馗,桑启,5,阵营2 胜利,"花木兰,甄姬,蚩奼,裴擒虎,桑启","老夫子,海诺,元流之子(射手),典韦,钟馗"
钟馗,桑启,6,阵营1 胜利,"老夫子,干将莫邪,元流之子(射手),李白,钟馗","哪吒,海月,公孙离,橘右京,桑启"
钟馗,桑启,7,阵营2 胜利,"司空震,沈梦溪,公孙离,杨戬,桑启","狂铁,嫦娥,李信,暃,钟馗"
钟馗,桑启,8,阵营1 胜利,"项羽,姜子牙,蚩奼,百里玄策,钟馗","亚连,武则天,元流之子(射手),影,桑启"
钟馗,桑启,9,阵营1 胜利,"狂铁,诸葛亮,虞姬,铠,钟馗","司空震,干将莫邪,蚩奼,李元芳,桑启"
钟馗,桑启,10,阵营1 胜利,"影,小乔,戈娅,马超,桑启","亚连,女娲,蚩奼,百里玄策,钟馗"
钟馗,桑启,11,阵营2 胜利,"影,弈星,孙权,马超,钟馗","老夫子,嫦娥,蚩奼,盘古,桑启"
钟馗,桑启,12,阵营1 胜利,"赵云,武则天,后羿,马超,钟馗","白起,不知火舞,苍,裴擒虎,桑启"
钟馗,桑启,13,阵营1 胜利,"影,嫦娥,敖隐,裴擒虎,钟馗","司空震,不知火舞,元流之子(射手),盘古,桑启"
钟馗,桑启,14,阵营1 胜利,"花木兰,诸葛亮,孙权,裴擒虎,钟馗","蚩奼,嫦娥,公孙离,铠,桑启"
钟馗,桑启,15,阵营2 胜利,"司空震,武则天,艾琳,哪吒,桑启","元歌,高渐离,元流之子(射手),韩信,钟馗"
钟馗,桑启,16,阵营1 胜利,"貂蝉,嫦娥,戈娅,橘右京,桑启","元歌,海诺,艾琳,云中君,钟馗"
钟馗,桑启,17,阵营1 胜利,"白起,不知火舞,元流之子(射手),橘右京,钟馗","姬小满,诸葛亮,孙尚香,镜,桑启"
钟馗,桑启,18,阵营2 胜利,"司空震,女娲,戈娅,马超,钟馗","亚瑟,西施,蚩奼,裴擒虎,桑启"
钟馗,桑启,19,阵营2 胜利,"曹操,干将莫邪,元流之子(射手),猪八戒,桑启","元歌,诸葛亮,公孙离,云缨,钟馗"
钟馗,赵怀真,1,阵营2 胜利,"花木兰,诸葛亮,鲁班七号,百里玄策,钟馗","杨戬,甄姬,蚩奼,娜可露露,赵怀真"
钟馗,赵怀真,2,阵营1 胜利,"哪吒,诸葛亮,公孙离,裴擒虎,钟馗","老夫子,小乔,元流之子(射手),韩信,赵怀真"
钟馗,赵怀真,3,阵营2 胜利,"元歌,大乔,虞姬,铠,钟馗","猪八戒,貂蝉,蚩奼,云缨,赵怀真"
钟馗,赵怀真,4,阵营2 胜利,"司空震,沈梦溪,虞姬,裴擒虎,钟馗","关羽,嫦娥,戈娅,露娜,赵怀真"
钟馗,赵怀真,5,阵营2 胜利,"司空震,海月,虞姬,露娜,赵怀真","蚩奼,女娲,公孙离,宫本武藏,钟馗"
钟馗,赵怀真,6,阵营2 胜利,"元歌,海月,苍,哪吒,钟馗","夏洛特,嫦娥,元流之子(射手),韩信,赵怀真"
钟馗,赵怀真,7,阵营2 胜利,"亚瑟,小乔,公孙离,马超,赵怀真","花木兰,嫦娥,戈娅,裴擒虎,钟馗"
钟馗,赵怀真,8,阵营1 胜利,"马超,貂蝉,艾琳,杨戬,赵怀真","孙策,嫦娥,戈娅,镜,钟馗"
钟馗,赵怀真,9,阵营2 胜利,"影,沈梦溪,敖隐,铠,赵怀真","花木兰,海诺,百里守约,百里玄策,钟馗"
钟馗,赵怀真,10,阵营1 胜利,"花木兰,西施,敖隐,芈月,钟馗","元歌,干将莫邪,公孙离,百里玄策,赵怀真"
钟馗,赵怀真,11,阵营2 胜利,"曹操,小乔,元流之子(射手),宫本武藏,赵怀真","老夫子,沈梦溪,蚩奼,裴擒虎,钟馗"
钟馗,赵怀真,12,阵营2 胜利,"达摩,海月,艾琳,杨戬,赵怀真","影,米莱狄,后羿,云缨,钟馗"
钟馗,赵怀真,13,阵营1 胜利,"孙策,海月,马可波罗,百里玄策,钟馗","司空震,高渐离,狄仁杰,赵云,赵怀真"
钟馗,赵怀真,14,阵营2 胜利,"狂铁,小乔,元流之子(射手),大司命,赵怀真","哪吒,妲己,孙权,裴擒虎,钟馗"
钟馗,赵怀真,15,阵营1 胜利,"曹操,沈梦溪,莱西奥,兰陵王,钟馗","司空震,安琪拉,公孙离,李白,赵怀真"
钟馗,赵怀真,16,阵营2 胜利,"关羽,小乔,敖隐,裴擒虎,钟馗","元歌,嫦娥,元流之子(射手),宫本武藏,赵怀真"
钟馗,赵怀真,17,阵营2 胜利,"白起,诸葛亮,公孙离,韩信,钟馗","吕布,小乔,李信,橘右京,赵怀真"
钟馗,赵怀真,18,阵营2 胜利,"哪吒,嫦娥,孙权,铠,钟馗","老夫子,海诺,戈娅,裴擒虎,赵怀真"
钟馗,赵怀真,19,阵营2 胜利,"元歌,女娲,戈娅,露娜,赵怀真","老夫子,诸葛亮,公孙离,孙悟空,钟馗"
钟馗,空空儿,1,阵营2 胜利,"影,嫦娥,戈娅,铠,钟馗","马超,小乔,公孙离,猪八戒,空空儿"
钟馗,空空儿,2,阵营1 胜利,"影,貂蝉,戈娅,马超,钟馗","猪八戒,妲己,元流之子(射手),铠,空空儿"
钟馗,空空儿,3,阵营1 胜利,"曹操,小乔,元流之子(射手),云中君,钟馗","司空震,大乔,戈娅,娜可露露,空空儿"
钟馗,空空儿,4,阵营2 胜利,"狂铁,不知火舞,孙尚香,娜可露露,钟馗","哪吒,高渐离,元流之子(射手),露娜,空空儿"
钟馗,空空儿,5,阵营1 胜利,"貂蝉,干将莫邪,元流之子(射手),铠,钟馗","影,沈梦溪,艾琳,露娜,空空儿"
钟馗,空空儿,6,阵营1 胜利,"孙策,海月,孙权,裴擒虎,钟馗","老夫子,高渐离,元流之子(射手),宫本武藏,空空儿"
钟馗,空空儿,7,阵营1 胜利,"影,沈梦溪,蚩奼,韩信,空空儿","狂铁,不知火舞,孙权,裴擒虎,钟馗"
钟馗,空空儿,8,阵营2 胜利,"司空震,女娲,敖隐,兰陵王,钟馗","哪吒,海诺,元流之子(射手),赵云,空空儿"
钟馗,空空儿,9,阵营2 胜利,"亚瑟,元流之子(法师),敖隐,韩信,空空儿","关羽,不知火舞,虞姬,孙悟空,钟馗"
钟馗,空空儿,10,阵营1 胜利,"蚩奼,弈星,敖隐,孙悟空,空空儿","蒙恬,大乔,艾琳,马超,钟馗"
钟馗,空空儿,11,阵营2 胜利,"元歌,大乔,苍,裴擒虎,钟馗","影,嫦娥,元流之子(射手),镜,空空儿"
钟馗,空空儿,12,阵营1 胜利,"姬小满,不知火舞,元流之子(射手),曹操,空空儿","狂铁,弈星,虞姬,韩信,钟馗"
钟馗,空空儿,13,阵营2 胜利,"马超,女娲,公孙离,裴擒虎,空空儿","司空震,杨玉环,元流之子(射手),暃,钟馗"
钟馗,空空儿,14,阵营2 胜利,"狂铁,小乔,戈娅,孙悟空,钟馗","蒙恬,嫦娥,敖隐,裴擒虎,空空儿"
钟馗,空空儿,15,阵营2 胜利,"关羽,上官婉儿,元流之子(射手),阿古朵,空空儿","芈月,海月,戈娅,韩信,钟馗"
钟馗,空空儿,16,阵营1 胜利,"元歌,海月,狄仁杰,镜,空空儿","司空震,干将莫邪,戈娅,橘右京,钟馗"
钟馗,空空儿,17,阵营1 胜利,"狂铁,不知火舞,戈娅,赵云,空空儿","花木兰,嫦娥,李信,百里玄策,钟馗"
钟馗,空空儿,18,阵营1 胜利,"老夫子,嫦娥,马可波罗,孙悟空,空空儿","哪吒,甄姬,扁鹊,百里玄策,钟馗"
钟馗,空空儿,19,阵营1 胜利,"曹操,周瑜,蚩奼,橘右京,空空儿","元歌,不知火舞,孙权,裴擒虎,钟馗"
钟馗,少司缘,1,阵营2 胜利,"花木兰,西施,李信,百里玄策,少司缘","蚩奼,甄姬,戈娅,云缨,钟馗"
钟馗,少司缘,2,阵营1 胜利,"元歌,嫦娥,虞姬,澜,钟馗","哪吒,武则天,元流之子(射手),暃,少司缘"
钟馗,少司缘,3,阵营1 胜利,"老夫子,墨子,艾琳,镜,钟馗","司空震,大乔,马可波罗,铠,少司缘"
钟馗,少司缘,4,阵营1 胜利,"项羽,小乔,黄忠,元流之子(刺客),少司缘","元歌,弈星,蚩奼,孙悟空,钟馗"
钟馗,少司缘,5,阵营2 胜利,"曹操,诸葛亮,蚩奼,云缨,少司缘","司空震,女娲,老夫子,阿古朵,钟馗"
钟馗,少司缘,6,阵营2 胜利,"曹操,女娲,戈娅,阿古朵,少司缘","哪吒,沈梦溪,蚩奼,裴擒虎,钟馗"
钟馗,少司缘,7,阵营1 胜利,"夏洛特,女娲,公孙离,赵云,钟馗","花木兰,沈梦溪,李信,杨戬,少司缘"
钟馗,少司缘,8,阵营2 胜利,"曹操,女娲,虞姬,李白,少司缘","关羽,姜子牙,元流之子(射手),云缨,钟馗"
钟馗,少司缘,9,阵营2 胜利,"元歌,杨玉环,李信,赵云,少司缘","狂铁,甄姬,蚩奼,阿古朵,钟馗"
钟馗,少司缘,10,阵营1 胜利,"影,女娲,后羿,镜,钟馗","杨戬,干将莫邪,元流之子(射手),孙悟空,少司缘"
钟馗,少司缘,11,阵营2 胜利,"哪吒,沈梦溪,孙权,镜,钟馗","花木兰,太乙真人,元流之子(射手),韩信,少司缘"
钟馗,少司缘,12,阵营1 胜利,"曹操,武则天,元流之子(射手),铠,钟馗","哪吒,不知火舞,后羿,镜,少司缘"
钟馗,少司缘,13,阵营2 胜利,"影,沈梦溪,虞姬,暃,少司缘","曹操,安琪拉,孙尚香,韩信,钟馗"
钟馗,少司缘,14,阵营2 胜利,"亚瑟,沈梦溪,孙权,铠,钟馗","狂铁,海诺,蚩奼,裴擒虎,少司缘"
钟馗,少司缘,15,阵营2 胜利,"马超,弈星,公孙离,橘右京,少司缘","元歌,沈梦溪,马可波罗,裴擒虎,钟馗"
钟馗,少司缘,16,阵营2 胜利,"司空震,小乔,狄仁杰,马超,钟馗","兰陵王,干将莫邪,元流之子(射手),宫本武藏,少司缘"
钟馗,少司缘,17,阵营2 胜利,"蒙恬,沈梦溪,公孙离,云缨,钟馗","狂铁,武则天,百里守约,铠,少司缘"
钟馗,少司缘,18,阵营1 胜利,"马超,高渐离,狄仁杰,阿古朵,钟馗","关羽,周瑜,公孙离,裴擒虎,少司缘"
钟馗,少司缘,19,阵营1 胜利,"元歌,上官婉儿,蚩奼,阿古朵,钟馗","影,甄姬,戈娅,百里玄策,少司缘"
钟馗,元流之子(坦克),1,阵营1 胜利,"哪吒,大乔,蚩奼,曜,元流之子(坦克)","关羽,武则天,公孙离,云缨,钟馗"
钟馗,元流之子(坦克),2,阵营2 胜利,"白起,沈梦溪,元流之子(射手),百里玄策,钟馗","司空震,海诺,蚩奼,云中君,元流之子(坦克)"
钟馗,元流之子(坦克),3,阵营2 胜利,"钟无艳,海诺,孙权,韩信,元流之子(坦克)","亚连,元流之子(法师),黄忠,镜,钟馗"
钟馗,元流之子(坦克),4,阵营2 胜利,"关羽,嫦娥,孙尚香,韩信,元流之子(坦克)","花木兰,不知火舞,元流之子(射手),镜,钟馗"
钟馗,元流之子(坦克),5,阵营2 胜利,"曹操,女娲,戈娅,云缨,钟馗","司空震,西施,孙权,镜,元流之子(坦克)"
钟馗,元流之子(坦克),6,阵营2 胜利,"花木兰,小乔,后羿,露娜,钟馗","司空震,沈梦溪,李信,阿古朵,元流之子(坦克)"
钟馗,元流之子(坦克),7,阵营1 胜利,"蚩奼,高渐离,后羿,赵云,元流之子(坦克)","马超,嫦娥,元流之子(射手),兰陵王,钟馗"
钟馗,元流之子(坦克),8,阵营2 胜利,"蚩奼,武则天,莱西奥,镜,钟馗","元歌,小乔,苍,诸葛亮,元流之子(坦克)"
钟馗,元流之子(坦克),9,阵营2 胜利,"马超,嫦娥,敖隐,裴擒虎,元流之子(坦克)","影,沈梦溪,后羿,百里玄策,钟馗"
钟馗,元流之子(坦克),10,阵营1 胜利,"老夫子,嫦娥,李信,露娜,元流之子(坦克)","孙策,女娲,公孙离,司马懿,钟馗"
钟馗,元流之子(坦克),11,阵营1 胜利,"吕布,杨玉环,敖隐,韩信,钟馗","曹操,沈梦溪,公孙离,百里玄策,元流之子(坦克)"
钟馗,元流之子(坦克),12,阵营1 胜利,"马超,不知火舞,虞姬,宫本武藏,钟馗","关羽,武则天,苍,孙悟空,元流之子(坦克)"
钟馗,元流之子(坦克),13,阵营2 胜利,"狂铁,女娲,孙权,韩信,钟馗","曹操,嫦娥,鲁班七号,孙悟空,元流之子(坦克)"
钟馗,元流之子(坦克),14,阵营2 胜利,"老夫子,海诺,狄仁杰,云缨,元流之子(坦克)","影,杨玉环,戈娅,娜可露露,钟馗"
钟馗,元流之子(坦克),15,阵营1 胜利,"孙策,西施,孙尚香,诸葛亮,元流之子(坦克)","芈月,小乔,蚩奼,大司命,钟馗"
钟馗,元流之子(坦克),16,阵营2 胜利,"曹操,海诺,虞姬,马超,钟馗","蚩奼,不知火舞,孙权,司马懿,元流之子(坦克)"
钟馗,元流之子(坦克),17,阵营2 胜利,"曹操,大乔,李信,镜,元流之子(坦克)","狂铁,不知火舞,蚩奼,雅典娜,钟馗"
钟馗,元流之子(坦克),18,阵营1 胜利,"蚩奼,沈梦溪,扁鹊,宫本武藏,元流之子(坦克)","狂铁,小乔,虞姬,云缨,钟馗"
钟馗,元流之子(坦克),19,阵营1 胜利,"白起,嫦娥,后羿,典韦,钟馗","大司命,弈星,百里守约,马超,元流之子(坦克)"
钟馗,元流之子(辅助),1,阵营1 胜利,"哪吒,不知火舞,元流之子(射手),司马懿,钟馗","曹操,海诺,狄仁杰,韩信,元流之子(辅助)"
钟馗,元流之子(辅助),2,阵营2 胜利,"蒙恬,杨玉环,马可波罗,裴擒虎,元流之子(辅助)","元歌,沈梦溪,戈娅,盘古,钟馗"
钟馗,元流之子(辅助),3,阵营2 胜利,"狂铁,大乔,后羿,裴擒虎,钟馗","亚瑟,西施,艾琳,赵云,元流之子(辅助)"
钟馗,元流之子(辅助),4,阵营2 胜利,"花木兰,女娲,敖隐,孙悟空,钟馗","猪八戒,沈梦溪,百里守约,阿古朵,元流之子(辅助)"
钟馗,元流之子(辅助),5,阵营1 胜利,"狂铁,武则天,百里守约,曹操,元流之子(辅助)","元歌,嫦娥,李信,暃,钟馗"
钟馗,元流之子(辅助),6,阵营1 胜利,"项羽,海诺,艾琳,典韦,元流之子(辅助)","元歌,安琪拉,孙尚香,阿古朵,钟馗"
钟馗,元流之子(辅助),7,阵营1 胜利,"曹操,不知火舞,敖隐,司马懿,钟馗","孙策,海月,戈娅,百里玄策,元流之子(辅助)"
钟馗,元流之子(辅助),8,阵营2 胜利,"曹操,女娲,元流之子(射手),暃,钟馗","关羽,上官婉儿,狄仁杰,阿古朵,元流之子(辅助)"
钟馗,元流之子(辅助),9,阵营2 胜利,"哪吒,上官婉儿,蚩奼,司马懿,元流之子(辅助)","元歌,高渐离,戈娅,李白,钟馗"
钟馗,元流之子(辅助),10,阵营1 胜利,"老夫子,诸葛亮,虞姬,暃,元流之子(辅助)","关羽,武则天,元流之子(射手),镜,钟馗"
钟馗,元流之子(辅助),11,阵营2 胜利,"关羽,诸葛亮,敖隐,典韦,元流之子(辅助)","曹操,女娲,元流之子(射手),澜,钟馗"
钟馗,元流之子(辅助),12,阵营1 胜利,"影,女娲,公孙离,百里玄策,元流之子(辅助)","马超,上官婉儿,李信,娜可露露,钟馗"
钟馗,元流之子(辅助),13,阵营2 胜利,"曹操,诸葛亮,戈娅,露娜,元流之子(辅助)","关羽,元流之子(法师),苍,裴擒虎,钟馗"
钟馗,元流之子(辅助),14,阵营1 胜利,"司空震,沈梦溪,公孙离,橘右京,元流之子(辅助)","芈月,小乔,孙权,娜可露露,钟馗"
钟馗,元流之子(辅助),15,阵营2 胜利,"老夫子,海月,孙尚香,李白,钟馗","花木兰,沈梦溪,狄仁杰,裴擒虎,元流之子(辅助)"
钟馗,元流之子(辅助),16,阵营2 胜利,"哪吒,不知火舞,艾琳,赵云,元流之子(辅助)","蒙恬,沈梦溪,戈娅,露娜,钟馗"
钟馗,元流之子(辅助),17,阵营1 胜利,"吕布,貂蝉,蚩奼,阿轲,钟馗","关羽,沈梦溪,孙权,宫本武藏,元流之子(辅助)"
钟馗,元流之子(辅助),18,阵营1 胜利,"关羽,干将莫邪,苍,橘右京,元流之子(辅助)","蒙恬,诸葛亮,蚩奼,盘古,钟馗"
钟馗,元流之子(辅助),19,阵营2 胜利,"影,嫦娥,孙权,暃,元流之子(辅助)","哪吒,上官婉儿,元流之子(射手),盘古,钟馗"
杨玉环,蔡文姬,1,阵营1 胜利,,未集齐10人
杨玉环,蔡文姬,2,阵营1 胜利,,未集齐10人
杨玉环,蔡文姬,3,阵营1 胜利,"程咬金,嫦娥,李信,裴擒虎,蔡文姬","元歌,海诺,元流之子(射手),娜可露露,杨玉环"
杨玉环,蔡文姬,4,阵营1 胜利,"达摩,小乔,敖隐,赵云,蔡文姬","哪吒,嫦娥,元流之子(射手),暃,杨玉环"
杨玉环,蔡文姬,5,阵营1 胜利,"蒙恬,嫦娥,元流之子(射手),孙悟空,杨玉环","影,沈梦溪,艾琳,赵云,蔡文姬"
杨玉环,蔡文姬,6,阵营1 胜利,"哪吒,嫦娥,孙权,裴擒虎,蔡文姬","狂铁,妲己,元流之子(射手),露娜,杨玉环"
杨玉环,蔡文姬,7,阵营2 胜利,"关羽,大乔,艾琳,镜,蔡文姬","狂铁,嫦娥,元流之子(射手),典韦,杨玉环"
杨玉环,蔡文姬,8,阵营2 胜利,"蚩奼,海月,虞姬,典韦,杨玉环","哪吒,甄姬,狄仁杰,赵云,蔡文姬"
杨玉环,蔡文姬,9,阵营1 胜利,"孙策,安琪拉,元流之子(射手),宫本武藏,蔡文姬","司空震,嫦娥,蚩奼,云缨,杨玉环"
杨玉环,蔡文姬,10,阵营1 胜利,"夏洛特,女娲,公孙离,露娜,杨玉环","狂铁,沈梦溪,元流之子(射手),镜,蔡文姬"
杨玉环,蔡文姬,11,阵营2 胜利,"孙悟空,弈星,李信,裴擒虎,蔡文姬","关羽,女娲,马可波罗,赵云,杨玉环"
杨玉环,蔡文姬,12,阵营1 胜利,"老夫子,海月,公孙离,马超,杨玉环","猪八戒,武则天,元流之子(射手),镜,蔡文姬"
杨玉环,蔡文姬,13,阵营1 胜利,"元歌,女娲,公孙离,镜,杨玉环","司空震,小乔,元流之子(射手),赵云,蔡文姬"
杨玉环,蔡文姬,14,阵营1 胜利,"司空震,沈梦溪,元流之子(射手),百里玄策,蔡文姬","元歌,女娲,蚩奼,元流之子(刺客),杨玉环"
杨玉环,蔡文姬,15,阵营1 胜利,"蒙恬,安琪拉,公孙离,阿古朵,杨玉环","老夫子,沈梦溪,元流之子(射手),大司命,蔡文姬"
杨玉环,蔡文姬,16,阵营1 胜利,"哪吒,沈梦溪,戈娅,裴擒虎,蔡文姬","程咬金,不知火舞,蚩奼,阿古朵,杨玉环"
杨玉环,蔡文姬,17,阵营1 胜利,"哪吒,海诺,元流之子(射手),赵云,杨玉环","元流之子(坦克),张良,李信,百里玄策,蔡文姬"
杨玉环,蔡文姬,18,阵营2 胜利,"梦奇,不知火舞,虞姬,马超,蔡文姬","曹操,沈梦溪,艾琳,暃,杨玉环"
杨玉环,蔡文姬,19,阵营2 胜利,"哪吒,沈梦溪,孙权,裴擒虎,蔡文姬","关羽,小乔,马可波罗,曜,杨玉环"
杨玉环,太乙真人,1,阵营1 胜利,"亚连,海月,元流之子(射手),马超,杨玉环","猪八戒,甄姬,后羿,百里玄策,太乙真人"
杨玉环,太乙真人,2,阵营2 胜利,"影,沈梦溪,敖隐,云缨,太乙真人","夏侯惇,小乔,黄忠,大司命,杨玉环"
杨玉环,太乙真人,3,阵营1 胜利,"蒙恬,小乔,孙权,韩信,太乙真人","白起,安琪拉,艾琳,哪吒,杨玉环"
杨玉环,太乙真人,4,阵营2 胜利,"孙策,海诺,蚩奼,暃,太乙真人","哪吒,女娲,孙权,裴擒虎,杨玉环"
杨玉环,太乙真人,5,阵营1 胜利,"达摩,武则天,公孙离,露娜,杨玉环","关羽,小乔,苍,裴擒虎,太乙真人"
杨玉环,太乙真人,6,阵营2 胜利,"司空震,女娲,公孙离,马超,杨玉环","影,嫦娥,元流之子(射手),赵云,太乙真人"
杨玉环,太乙真人,7,阵营2 胜利,"关羽,大乔,元流之子(射手),阿古朵,杨玉环","孙策,武则天,戈娅,镜,太乙真人"
杨玉环,太乙真人,8,阵营1 胜利,"元歌,不知火舞,蚩奼,赵云,太乙真人","哪吒,武则天,元流之子(射手),露娜,杨玉环"
杨玉环,太乙真人,9,阵营2 胜利,"杨戬,诸葛亮,戈娅,元流之子(刺客),杨玉环","哪吒,嫦娥,元流之子(射手),裴擒虎,太乙真人"
杨玉环,太乙真人,10,阵营2 胜利,"花木兰,海诺,马可波罗,诸葛亮,杨玉环","蚩奼,西施,黄忠,露娜,太乙真人"
杨玉环,太乙真人,11,阵营1 胜利,"刘邦,不知火舞,戈娅,铠,太乙真人","哪吒,甄姬,孙尚香,李元芳,杨玉环"
杨玉环,太乙真人,12,阵营1 胜利,"哪吒,海诺,虞姬,盘古,杨玉环","蚩奼,诸葛亮,阿古朵,百里玄策,太乙真人"
杨玉环,太乙真人,13,阵营1 胜利,"元歌,小乔,马可波罗,韩信,杨玉环","影,沈梦溪,李元芳,大司命,太乙真人"
杨玉环,太乙真人,14,阵营1 胜利,"关羽,武则天,百里守约,雅典娜,杨玉环","哪吒,大乔,后羿,暃,太乙真人"
杨玉环,太乙真人,15,阵营2 胜利,"狂铁,嬴政,狄仁杰,李元芳,杨玉环","哪吒,嫦娥,戈娅,大司命,太乙真人"
杨玉环,太乙真人,16,阵营2 胜利,"哪吒,西施,李信,裴擒虎,太乙真人","司空震,不知火舞,元流之子(射手),司马懿,杨玉环"
杨玉环,太乙真人,17,阵营2 胜利,"元歌,小乔,公孙离,暃,太乙真人","司空震,貂蝉,狄仁杰,赵云,杨玉环"
杨玉环,太乙真人,18,阵营1 胜利,"达摩,女娲,艾琳,典韦,杨玉环","蒙恬,嫦娥,李元芳,镜,太乙真人"
杨玉环,太乙真人,19,阵营2 胜利,"蚩奼,海月,公孙离,韩信,杨玉环","曹操,大乔,元流之子(射手),暃,太乙真人"
杨玉环,东皇太一,1,阵营1 胜利,"狂铁,诸葛亮,元流之子(射手),孙悟空,东皇太一","曹操,女娲,苍,赵云,杨玉环"
杨玉环,东皇太一,2,阵营2 胜利,"哪吒,不知火舞,艾琳,裴擒虎,东皇太一","老夫子,嫦娥,元流之子(射手),露娜,杨玉环"
杨玉环,东皇太一,3,阵营2 胜利,"曹操,高渐离,蚩奼,赵云,杨玉环","狂铁,沈梦溪,元流之子(射手),暃,东皇太一"
杨玉环,东皇太一,4,阵营1 胜利,"影,沈梦溪,戈娅,李元芳,东皇太一","亚连,海月,虞姬,孙悟空,杨玉环"
杨玉环,东皇太一,5,阵营2 胜利,"马超,海诺,孙尚香,韩信,杨玉环","杨戬,大乔,苍,暃,东皇太一"
杨玉环,东皇太一,6,阵营1 胜利,"亚瑟,女娲,苍,阿古朵,杨玉环","关羽,甄姬,元流之子(射手),铠,东皇太一"
杨玉环,东皇太一,7,阵营1 胜利,"芈月,沈梦溪,元流之子(射手),镜,杨玉环","狂铁,海诺,蚩奼,宫本武藏,东皇太一"
杨玉环,东皇太一,8,阵营2 胜利,"花木兰,女娲,敖隐,大司命,杨玉环","杨戬,元流之子(法师),戈娅,哪吒,东皇太一"
杨玉环,东皇太一,9,阵营2 胜利,"司空震,沈梦溪,虞姬,韩信,杨玉环","蚩奼,小乔,元流之子(射手),孙悟空,东皇太一"
杨玉环,东皇太一,10,阵营2 胜利,"孙策,大乔,孙权,露娜,杨玉环","哪吒,女娲,后羿,宫本武藏,东皇太一"
杨玉环,东皇太一,11,阵营2 胜利,"猪八戒,安琪拉,元流之子(射手),孙悟空,东皇太一","蚩奼,沈梦溪,戈娅,橘右京,杨玉环"
杨玉环,东皇太一,12,阵营1 胜利,"狂铁,女娲,公孙离,韩信,东皇太一","杨戬,沈梦溪,元流之子(射手),云缨,杨玉环"
杨玉环,东皇太一,13,阵营1 胜利,"关羽,沈梦溪,百里守约,马超,杨玉环","曹操,诸葛亮,元流之子(射手),裴擒虎,东皇太一"
杨玉环,东皇太一,14,阵营1 胜利,"程咬金,西施,后羿,裴擒虎,杨玉环","白起,小乔,扁鹊,暃,东皇太一"
杨玉环,东皇太一,15,阵营1 胜利,"姬小满,周瑜,蚩奼,韩信,东皇太一","哪吒,沈梦溪,元流之子(射手),阿古朵,杨玉环"
杨玉环,东皇太一,16,阵营1 胜利,"老夫子,不知火舞,公孙离,孙悟空,杨玉环","狂铁,高渐离,蚩奼,曜,东皇太一"
杨玉环,东皇太一,17,阵营1 胜利,"亚瑟,女娲,公孙离,暃,杨玉环","哪吒,貂蝉,百里守约,云缨,东皇太一"
杨玉环,东皇太一,18,阵营1 胜利,"马超,海诺,敖隐,兰陵王,杨玉环","达摩,嫦娥,元流之子(射手),裴擒虎,东皇太一"
杨玉环,东皇太一,19,阵营2 胜利,"狂铁,大乔,虞姬,元流之子(坦克),东皇太一","亚瑟,小乔,公孙离,裴擒虎,杨玉环"
杨玉环,大禹,1,阵营2 胜利,"狂铁,大乔,虞姬,裴擒虎,杨玉环","蒙恬,不知火舞,百里守约,阿古朵,大禹"
杨玉环,大禹,2,阵营2 胜利,"哪吒,海诺,李信,阿古朵,杨玉环","司空震,嫦娥,元流之子(射手),司马懿,大禹"
杨玉环,大禹,3,阵营1 胜利,"狂铁,海诺,元流之子(射手),百里玄策,大禹","影,弈星,孙尚香,赵云,杨玉环"
杨玉环,大禹,4,阵营2 胜利,"哪吒,女娲,孙权,裴擒虎,大禹","老夫子,嫦娥,元流之子(射手),娜可露露,杨玉环"
杨玉环,大禹,5,阵营1 胜利,"狂铁,小乔,元流之子(射手),雅典娜,杨玉环","司空震,嫦娥,孙尚香,典韦,大禹"
杨玉环,大禹,6,阵营1 胜利,"刘邦,海月,敖隐,雅典娜,杨玉环","元歌,不知火舞,公孙离,韩信,大禹"
杨玉环,大禹,7,阵营2 胜利,"哪吒,嫦娥,百里守约,裴擒虎,杨玉环","曹操,高渐离,公孙离,云缨,大禹"
杨玉环,大禹,8,阵营1 胜利,"哪吒,女娲,虞姬,诸葛亮,杨玉环","吕布,小乔,元流之子(射手),大司命,大禹"
杨玉环,大禹,9,阵营1 胜利,"赵怀真,王昭君,虞姬,镜,大禹","马超,海诺,元流之子(射手),兰陵王,杨玉环"
杨玉环,大禹,10,阵营1 胜利,"兰陵王,张良,虞姬,诸葛亮,杨玉环","曹操,嫦娥,公孙离,娜可露露,大禹"
杨玉环,大禹,11,阵营2 胜利,"白起,沈梦溪,后羿,裴擒虎,大禹","杨戬,高渐离,戈娅,盘古,杨玉环"
杨玉环,大禹,12,阵营1 胜利,"雅典娜,高渐离,元流之子(射手),韩信,大禹","孙策,诸葛亮,敖隐,杨戬,杨玉环"
杨玉环,大禹,13,阵营2 胜利,"哪吒,女娲,蚩奼,阿古朵,杨玉环","元歌,嬴政,公孙离,云缨,大禹"
杨玉环,大禹,14,阵营1 胜利,"达摩,女娲,戈娅,暃,大禹","元歌,嫦娥,后羿,镜,杨玉环"
杨玉环,大禹,15,阵营2 胜利,"司空震,弈星,敖隐,阿古朵,大禹","影,不知火舞,元流之子(射手),马超,杨玉环"
杨玉环,大禹,16,阵营1 胜利,"关羽,嫦娥,蚩奼,娜可露露,杨玉环","花木兰,不知火舞,苍,大司命,大禹"
杨玉环,大禹,17,阵营2 胜利,"孙策,嫦娥,公孙离,韩信,大禹","老夫子,西施,蚩奼,镜,杨玉环"
杨玉环,大禹,18,阵营1 胜利,"元歌,大乔,艾琳,娜可露露,大禹","马超,不知火舞,蚩奼,阿古朵,杨玉环"
杨玉环,大禹,19,阵营2 胜利,"廉颇,安琪拉,孙尚香,镜,大禹","花木兰,女娲,敖隐,云中君,杨玉环"
杨玉环,鬼谷子,1,阵营1 胜利,"曹操,女娲,蚩奼,赵云,鬼谷子","影,不知火舞,元流之子(射手),裴擒虎,杨玉环"
杨玉环,鬼谷子,2,阵营2 胜利,"曹操,女娲,狄仁杰,裴擒虎,杨玉环","狂铁,元流之子(法师),艾琳,韩信,鬼谷子"
杨玉环,鬼谷子,3,阵营2 胜利,"程咬金,元流之子(法师),司空震,曜,杨玉环","白起,甄姬,元流之子(射手),百里玄策,鬼谷子"
杨玉环,鬼谷子,4,阵营1 胜利,"蒙恬,上官婉儿,元流之子(射手),暃,杨玉环","影,沈梦溪,艾琳,阿轲,鬼谷子"
杨玉环,鬼谷子,5,阵营1 胜利,"关羽,小乔,公孙离,阿轲,鬼谷子","蒙恬,弈星,百里守约,杨戬,杨玉环"
杨玉环,鬼谷子,6,阵营2 胜利,"蚩奼,海月,戈娅,韩信,杨玉环","曹操,嫦娥,李信,雅典娜,鬼谷子"
杨玉环,鬼谷子,7,阵营1 胜利,"花木兰,沈梦溪,元流之子(射手),裴擒虎,鬼谷子","元歌,不知火舞,艾琳,云缨,杨玉环"
杨玉环,鬼谷子,8,阵营2 胜利,"马超,不知火舞,元流之子(射手),暃,鬼谷子","花木兰,海月,戈娅,大司命,杨玉环"
杨玉环,鬼谷子,9,阵营2 胜利,"哪吒,小乔,虞姬,曜,鬼谷子","关羽,沈梦溪,元流之子(射手),阿古朵,杨玉环"
杨玉环,鬼谷子,10,阵营1 胜利,"狂铁,不知火舞,艾琳,百里玄策,杨玉环","曹操,弈星,狄仁杰,李元芳,鬼谷子"
杨玉环,鬼谷子,11,阵营2 胜利,"狂铁,白起,蚩奼,暃,杨玉环","芈月,不知火舞,元流之子(射手),镜,鬼谷子"
杨玉环,鬼谷子,12,阵营2 胜利,"夏洛特,妲己,元流之子(射手),马超,鬼谷子","哪吒,不知火舞,虞姬,娜可露露,杨玉环"
杨玉环,鬼谷子,13,阵营2 胜利,"关羽,小乔,蚩奼,阿古朵,鬼谷子","元歌,海月,元流之子(射手),娜可露露,杨玉环"
杨玉环,鬼谷子,14,阵营2 胜利,"白起,大乔,百里守约,阿轲,杨玉环","橘右京,小乔,后羿,铠,鬼谷子"
杨玉环,鬼谷子,15,阵营1 胜利,"海诺,海月,元流之子(射手),马超,鬼谷子","关羽,不知火舞,公孙离,曜,杨玉环"
杨玉环,鬼谷子,16,阵营2 胜利,"蒙恬,沈梦溪,敖隐,镜,鬼谷子","元歌,女娲,百里守约,宫本武藏,杨玉环"
杨玉环,鬼谷子,17,阵营2 胜利,"蚩奼,沈梦溪,狄仁杰,裴擒虎,杨玉环","达摩,不知火舞,李信,元流之子(刺客),鬼谷子"
杨玉环,鬼谷子,18,阵营1 胜利,"元歌,西施,元流之子(射手),阿古朵,杨玉环","司空震,小乔,虞姬,百里玄策,鬼谷子"
杨玉环,鬼谷子,19,阵营2 胜利,"蚩奼,小乔,元流之子(射手),镜,杨玉环","哪吒,大乔,莱西奥,大司命,鬼谷子"
杨玉环,大乔,1,阵营2 胜利,"老夫子,女娲,后羿,镜,杨玉环","关羽,姜子牙,虞姬,兰陵王,大乔"
杨玉环,大乔,2,阵营1 胜利,"司空震,不知火舞,狄仁杰,曜,大乔","老夫子,女娲,元流之子(射手),阿古朵,杨玉环"
杨玉环,大乔,3,阵营2 胜利,"司空震,沈梦溪,戈娅,宫本武藏,杨玉环","狂铁,嫦娥,蚩奼,裴擒虎,大乔"
杨玉环,大乔,4,阵营2 胜利,"关羽,金蝉,百里守约,铠,大乔","姬小满,嫦娥,后羿,云缨,杨玉环"
杨玉环,大乔,5,阵营1 胜利,"亚连,小乔,孙权,孙悟空,杨玉环","瑶,沈梦溪,后羿,马超,大乔"
杨玉环,大乔,6,阵营2 胜利,"关羽,海月,虞姬,云缨,大乔","赵云,小乔,公孙离,暃,杨玉环"
杨玉环,大乔,7,阵营1 胜利,"狂铁,嫦娥,敖隐,韩信,杨玉环","曹操,安琪拉,蚩奼,云缨,大乔"
杨玉环,大乔,8,阵营2 胜利,"老夫子,沈梦溪,公孙离,马超,大乔","蒙恬,弈星,孙尚香,云缨,杨玉环"
杨玉环,大乔,9,阵营1 胜利,"哪吒,不知火舞,元流之子(射手),百里玄策,杨玉环","曹操,沈梦溪,蚩奼,刘备,大乔"
杨玉环,大乔,10,阵营1 胜利,"司空震,甄姬,孙尚香,橘右京,大乔","关羽,海诺,元流之子(射手),阿古朵,杨玉环"
杨玉环,大乔,11,阵营2 胜利,"狂铁,貂蝉,元歌,阿古朵,杨玉环","孙策,上官婉儿,孙权,赵云,大乔"
杨玉环,大乔,12,阵营1 胜利,"哪吒,嫦娥,蚩奼,孙悟空,大乔","曹操,高渐离,元流之子(射手),夏侯惇,杨玉环"
杨玉环,大乔,13,阵营2 胜利,"马超,诸葛亮,元流之子(射手),哪吒,杨玉环","蚩奼,不知火舞,戈娅,暃,大乔"
杨玉环,大乔,14,阵营1 胜利,"关羽,嫦娥,虞姬,橘右京,杨玉环","马超,张良,元流之子(射手),云中君,大乔"
杨玉环,大乔,15,阵营1 胜利,"老夫子,武则天,敖隐,铠,大乔","狂铁,女娲,百里守约,元流之子(刺客),杨玉环"
杨玉环,大乔,16,阵营1 胜利,"花木兰,不知火舞,元流之子(射手),裴擒虎,大乔","蒙恬,上官婉儿,虞姬,曜,杨玉环"
杨玉环,大乔,17,阵营1 胜利,"芈月,孙尚香,甄姬,曜,杨玉环","蚩奼,沈梦溪,元流之子(射手),阿古朵,大乔"
杨玉环,大乔,18,阵营2 胜利,"影,沈梦溪,元流之子(射手),百里玄策,杨玉环","亚瑟,不知火舞,戈娅,元流之子(刺客),大乔"
杨玉环,大乔,19,阵营1 胜利,"狂铁,武则天,戈娅,暃,大乔","曹操,上官婉儿,李信,韩信,杨玉环"
杨玉环,苏烈,1,阵营2 胜利,"蚩奼,海月,艾琳,镜,苏烈","夏洛特,沈梦溪,戈娅,盘古,杨玉环"
杨玉环,苏烈,2,阵营1 胜利,"马超,诸葛亮,敖隐,大司命,苏烈","关羽,金蝉,元流之子(射手),司马懿,杨玉环"
杨玉环,苏烈,3,阵营1 胜利,"狂铁,嫦娥,元流之子(射手),李元芳,杨玉环","影,女娲,蚩奼,雅典娜,苏烈"
杨玉环,苏烈,4,阵营1 胜利,"姬小满,上官婉儿,元流之子(射手),曜,杨玉环","蒙恬,诸葛亮,黄忠,司马懿,苏烈"
杨玉环,苏烈,5,阵营2 胜利,"哪吒,沈梦溪,元流之子(射手),李白,杨玉环","狂铁,海诺,虞姬,裴擒虎,苏烈"
杨玉环,苏烈,6,阵营2 胜利,"狂铁,嫦娥,元流之子(射手),刘备,杨玉环","项羽,沈梦溪,李信,橘右京,苏烈"
杨玉环,苏烈,7,阵营2 胜利,"哪吒,大乔,元流之子(射手),镜,杨玉环","白起,上官婉儿,后羿,韩信,苏烈"
杨玉环,苏烈,8,阵营1 胜利,"影,海月,苍,韩信,杨玉环","狂铁,不知火舞,艾琳,裴擒虎,苏烈"
杨玉环,苏烈,9,阵营2 胜利,"元歌,不知火舞,蚩奼,杨戬,杨玉环","影,弈星,戈娅,百里玄策,苏烈"
杨玉环,苏烈,10,阵营1 胜利,"关羽,沈梦溪,敖隐,孙悟空,杨玉环","达摩,大乔,百里守约,镜,苏烈"
杨玉环,苏烈,11,阵营2 胜利,"姬小满,不知火舞,戈娅,镜,杨玉环","花木兰,诸葛亮,元流之子(射手),韩信,苏烈"
杨玉环,苏烈,12,阵营1 胜利,"影,嫦娥,公孙离,裴擒虎,杨玉环","花木兰,沈梦溪,艾琳,暃,苏烈"
杨玉环,苏烈,13,阵营1 胜利,"狂铁,诸葛亮,敖隐,阿古朵,杨玉环","哪吒,嫦娥,百里守约,裴擒虎,苏烈"
杨玉环,苏烈,14,阵营1 胜利,"猪八戒,女娲,敖隐,百里玄策,杨玉环","影,武则天,苍,裴擒虎,苏烈"
杨玉环,苏烈,15,阵营1 胜利,"元歌,嫦娥,公孙离,裴擒虎,苏烈","花木兰,沈梦溪,艾琳,诸葛亮,杨玉环"
杨玉环,苏烈,16,阵营1 胜利,"蒙恬,武则天,孙权,李白,杨玉环","元歌,不知火舞,元流之子(射手),杨戬,苏烈"
杨玉环,苏烈,17,阵营1 胜利,"孙策,嫦娥,元流之子(射手),孙悟空,杨玉环","猪八戒,沈梦溪,孙权,暃,苏烈"
杨玉环,苏烈,18,阵营2 胜利,"夏洛特,貂蝉,元流之子(射手),橘右京,杨玉环","元歌,沈梦溪,孙权,裴擒虎,苏烈"
杨玉环,苏烈,19,阵营2 胜利,"哪吒,海月,蚩奼,裴擒虎,杨玉环","元歌,嫦娥,元流之子(射手),橘右京,苏烈"
杨玉环,明世隐,1,阵营1 胜利,"元流之子(坦克),姜子牙,伽罗,刘备,杨玉环","关羽,沈梦溪,公孙离,阿古朵,明世隐"
杨玉环,明世隐,2,阵营1 胜利,"影,嫦娥,元流之子(射手),暃,杨玉环","白起,高渐离,戈娅,澜,明世隐"
杨玉环,明世隐,3,阵营2 胜利,"元歌,海月,蚩奼,诸葛亮,杨玉环","姬小满,嫦娥,元流之子(射手),韩信,明世隐"
杨玉环,明世隐,4,阵营1 胜利,"芈月,貂蝉,元流之子(射手),暃,杨玉环","狂铁,沈梦溪,艾琳,马超,明世隐"
杨玉环,明世隐,5,阵营2 胜利,"马超,安琪拉,苍,暃,杨玉环","白起,沈梦溪,戈娅,镜,明世隐"
杨玉环,明世隐,6,阵营2 胜利,"猪八戒,王昭君,蚩奼,阿古朵,明世隐","司空震,上官婉儿,戈娅,孙悟空,杨玉环"
杨玉环,明世隐,7,阵营2 胜利,"老夫子,女娲,虞姬,司马懿,杨玉环","廉颇,甄姬,苍,铠,明世隐"
杨玉环,明世隐,8,阵营1 胜利,"达摩,沈梦溪,蚩奼,铠,杨玉环","老夫子,嫦娥,狄仁杰,诸葛亮,明世隐"
杨玉环,明世隐,9,阵营1 胜利,"达摩,海诺,蚩奼,李白,杨玉环","元歌,大乔,元流之子(射手),刘备,明世隐"
杨玉环,明世隐,10,阵营1 胜利,"夏洛特,沈梦溪,蚩奼,马超,杨玉环","司空震,女娲,戈娅,橘右京,明世隐"
杨玉环,明世隐,11,阵营2 胜利,"曹操,武则天,戈娅,裴擒虎,明世隐","哪吒,女娲,蚩奼,暃,杨玉环"
杨玉环,明世隐,12,阵营2 胜利,"元歌,嫦娥,孙权,哪吒,杨玉环","孙策,嬴政,戈娅,司马懿,明世隐"
杨玉环,明世隐,13,阵营2 胜利,"达摩,沈梦溪,艾琳,铠,杨玉环","花木兰,甄姬,公孙离,暃,明世隐"
杨玉环,明世隐,14,阵营2 胜利,"哪吒,女娲,孙尚香,马超,明世隐","司空震,海月,戈娅,典韦,杨玉环"
杨玉环,明世隐,15,阵营1 胜利,"吕布,干将莫邪,狄仁杰,暃,明世隐","关羽,小乔,后羿,孙悟空,杨玉环"
杨玉环,明世隐,16,阵营1 胜利,"白起,沈梦溪,敖隐,韩信,杨玉环","关羽,女娲,后羿,露娜,明世隐"
杨玉环,明世隐,17,阵营2 胜利,"哪吒,海诺,狄仁杰,暃,杨玉环","曹操,海月,虞姬,百里玄策,明世隐"
杨玉环,明世隐,18,阵营2 胜利,"曹操,沈梦溪,敖隐,云中君,明世隐","影,干将莫邪,虞姬,宫本武藏,杨玉环"
杨玉环,明世隐,19,阵营1 胜利,"亚瑟,小乔,敖隐,哪吒,明世隐","孙策,大乔,虞姬,杨戬,杨玉环"
杨玉环,瑶,1,阵营1 胜利,"影,小乔,元流之子(射手),暃,杨玉环","哪吒,嫦娥,蚩奼,司马懿,瑶"
杨玉环,瑶,2,阵营1 胜利,"貂蝉,小乔,公孙离,橘右京,瑶","白起,海月,李信,云缨,杨玉环"
杨玉环,瑶,3,阵营2 胜利,"影,女娲,蚩奼,铠,杨玉环","关羽,貂蝉,戈娅,曜,瑶"
杨玉环,瑶,4,阵营1 胜利,"曹操,大乔,李信,橘右京,杨玉环","哪吒,嫦娥,后羿,裴擒虎,瑶"
杨玉环,瑶,5,阵营1 胜利,"元歌,貂蝉,孙权,元流之子(坦克),杨玉环","狂铁,诸葛亮,戈娅,暃,瑶"
杨玉环,瑶,6,阵营2 胜利,"狂铁,女娲,元流之子(射手),韩信,杨玉环","哪吒,嫦娥,公孙离,铠,瑶"
杨玉环,瑶,7,阵营2 胜利,"影,嫦娥,元流之子(射手),阿轲,杨玉环","狂铁,沈梦溪,敖隐,孙悟空,瑶"
杨玉环,瑶,8,阵营1 胜利,"曹操,嫦娥,敖隐,司马懿,杨玉环","狂铁,弈星,公孙离,韩信,瑶"
杨玉环,瑶,9,阵营2 胜利,"孙策,沈梦溪,公孙离,雅典娜,瑶","哪吒,元流之子(法师),戈娅,孙悟空,杨玉环"
杨玉环,瑶,10,阵营2 胜利,"关羽,沈梦溪,敖隐,百里玄策,瑶","老夫子,不知火舞,戈娅,赵云,杨玉环"
杨玉环,瑶,11,阵营2 胜利,"蒙恬,上官婉儿,蚩奼,马超,杨玉环","狂铁,海月,元流之子(射手),暃,瑶"
杨玉环,瑶,12,阵营1 胜利,"影,貂蝉,元流之子(射手),铠,瑶","狂铁,女娲,李信,雅典娜,杨玉环"
杨玉环,瑶,13,阵营1 胜利,"马超,沈梦溪,孙权,李信,瑶","芈月,诸葛亮,蚩奼,兰陵王,杨玉环"
杨玉环,瑶,14,阵营2 胜利,"兰陵王,海诺,后羿,裴擒虎,杨玉环","老夫子,嫦娥,公孙离,镜,瑶"
杨玉环,瑶,15,阵营1 胜利,"老夫子,元流之子(法师),苍,阿古朵,瑶","孙策,海月,戈娅,镜,杨玉环"
杨玉环,瑶,16,阵营1 胜利,"廉颇,不知火舞,公孙离,诸葛亮,瑶","亚瑟,嫦娥,后羿,马超,杨玉环"
杨玉环,瑶,17,阵营2 胜利,"狂铁,上官婉儿,戈娅,马超,瑶","关羽,嫦娥,蚩奼,大司命,杨玉环"
杨玉环,瑶,18,阵营2 胜利,"芈月,甄姬,敖隐,暃,杨玉环","老夫子,女娲,公孙离,裴擒虎,瑶"
杨玉环,瑶,19,阵营2 胜利,"亚瑟,沈梦溪,公孙离,孙悟空,杨玉环","狂铁,嫦娥,百里守约,裴擒虎,瑶"
杨玉环,盾山,1,阵营2 胜利,"芈月,安琪拉,元流之子(射手),韩信,杨玉环","狂铁,女娲,孙尚香,典韦,盾山"
杨玉环,盾山,2,阵营2 胜利,"元歌,海月,狄仁杰,孙悟空,盾山","影,女娲,虞姬,云缨,杨玉环"
杨玉环,盾山,3,阵营2 胜利,"曹操,王昭君,虞姬,镜,盾山","影,不知火舞,戈娅,马超,杨玉环"
杨玉环,盾山,4,阵营2 胜利,"孙策,不知火舞,元流之子(射手),李元芳,盾山","关羽,嫦娥,百里守约,镜,杨玉环"
杨玉环,盾山,5,阵营1 胜利,"狂铁,貂蝉,狄仁杰,赵云,盾山","蚩奼,大乔,戈娅,元流之子(刺客),杨玉环"
杨玉环,盾山,6,阵营2 胜利,"狂铁,西施,艾琳,赵云,盾山","夏洛特,沈梦溪,戈娅,裴擒虎,杨玉环"
杨玉环,盾山,7,阵营1 胜利,"白起,沈梦溪,蚩奼,暃,盾山","孙策,小乔,孙尚香,裴擒虎,杨玉环"
杨玉环,盾山,8,阵营1 胜利,"花木兰,甄姬,元流之子(射手),马超,杨玉环","达摩,高渐离,孙尚香,裴擒虎,盾山"
杨玉环,盾山,9,阵营2 胜利,"哪吒,不知火舞,公孙离,云缨,杨玉环","影,小乔,李信,露娜,盾山"
杨玉环,盾山,10,阵营1 胜利,"影,西施,司空震,雅典娜,杨玉环","哪吒,墨子,蚩奼,典韦,盾山"
杨玉环,盾山,11,阵营2 胜利,"司空震,沈梦溪,艾琳,典韦,盾山","蚩奼,女娲,元流之子(射手),阿古朵,杨玉环"
杨玉环,盾山,12,阵营2 胜利,"关羽,海诺,貂蝉,马超,杨玉环","狂铁,沈梦溪,孙尚香,橘右京,盾山"
杨玉环,盾山,13,阵营1 胜利,"影,海诺,公孙离,杨戬,杨玉环","亚瑟,甄姬,狄仁杰,镜,盾山"
杨玉环,盾山,14,阵营1 胜利,"元歌,西施,孙尚香,赵云,盾山","影,女娲,虞姬,裴擒虎,杨玉环"
杨玉环,盾山,15,阵营1 胜利,"元歌,嫦娥,孙尚香,阿古朵,盾山","程咬金,大乔,司空震,孙悟空,杨玉环"
杨玉环,盾山,16,阵营1 胜利,"影,弈星,艾琳,镜,盾山","刘邦,海月,敖隐,刘备,杨玉环"
杨玉环,盾山,17,阵营1 胜利,"影,安琪拉,百里守约,司马懿,杨玉环","曹操,墨子,艾琳,阿古朵,盾山"
杨玉环,盾山,18,阵营2 胜利,"关羽,高渐离,孙尚香,大司命,盾山","狂铁,墨子,元流之子(射手),马超,杨玉环"
杨玉环,盾山,19,阵营2 胜利,"哪吒,嫦娥,李元芳,马超,盾山","老夫子,诸葛亮,孙尚香,韩信,杨玉环"
杨玉环,西施,1,阵营1 胜利,"孙策,海月,孙尚香,马超,杨玉环","司空震,女娲,蚩奼,韩信,西施"
杨玉环,西施,2,阵营2 胜利,"马超,女娲,蚩奼,百里玄策,西施","关羽,高渐离,元流之子(射手),孙悟空,杨玉环"
杨玉环,西施,3,阵营1 胜利,"狂铁,大乔,蚩奼,宫本武藏,杨玉环","老夫子,小乔,艾琳,云缨,西施"
杨玉环,西施,4,阵营1 胜利,"姬小满,沈梦溪,孙尚香,橘右京,杨玉环","元歌,不知火舞,元流之子(射手),铠,西施"
杨玉环,西施,5,阵营1 胜利,"花木兰,上官婉儿,孙权,猪八戒,杨玉环","亚瑟,高渐离,狄仁杰,镜,西施"
杨玉环,西施,6,阵营2 胜利,"狂铁,安琪拉,艾琳,曜,西施","哪吒,沈梦溪,李信,影,杨玉环"
杨玉环,西施,7,阵营2 胜利,"亚瑟,太乙真人,公孙离,雅典娜,西施","元歌,沈梦溪,元流之子(射手),百里玄策,杨玉环"
杨玉环,西施,8,阵营2 胜利,"狂铁,诸葛亮,公孙离,曹操,西施","哪吒,嫦娥,元流之子(射手),裴擒虎,杨玉环"
杨玉环,西施,9,阵营1 胜利,"夏洛特,甄姬,元流之子(射手),裴擒虎,杨玉环","兰陵王,嫦娥,黄忠,娜可露露,西施"
杨玉环,西施,10,阵营1 胜利,"老夫子,沈梦溪,戈娅,马超,杨玉环","影,弈星,艾琳,镜,西施"
杨玉环,西施,11,阵营2 胜利,"关羽,不知火舞,蚩奼,赵云,西施","元歌,武则天,戈娅,诸葛亮,杨玉环"
杨玉环,西施,12,阵营2 胜利,"元歌,嫦娥,公孙离,铠,西施","蒙恬,小乔,孙尚香,镜,杨玉环"
杨玉环,西施,13,阵营2 胜利,"影,嫦娥,元流之子(射手),裴擒虎,西施","哪吒,不知火舞,蚩奼,宫本武藏,杨玉环"
杨玉环,西施,14,阵营2 胜利,"夏洛特,不知火舞,公孙离,兰陵王,西施","杨戬,海月,艾琳,橘右京,杨玉环"
杨玉环,西施,15,阵营2 胜利,"关羽,诸葛亮,公孙离,韩信,西施","花木兰,女娲,元流之子(射手),曜,杨玉环"
杨玉环,西施,16,阵营1 胜利,"夏侯惇,女娲,戈娅,梦奇,杨玉环","吕布,小乔,李信,百里玄策,西施"
杨玉环,西施,17,阵营2 胜利,"曹操,大乔,李信,百里玄策,杨玉环","老夫子,女娲,蚩奼,娜可露露,西施"
杨玉环,西施,18,阵营1 胜利,"影,嬴政,敖隐,李白,西施","猪八戒,海诺,元流之子(射手),韩信,杨玉环"
杨玉环,西施,19,阵营1 胜利,"关羽,海月,后羿,马超,西施","老夫子,诸葛亮,艾琳,盘古,杨玉环"
杨玉环,鲁班大师,1,阵营1 胜利,"司空震,嫦娥,元流之子(射手),镜,杨玉环","哪吒,王昭君,公孙离,赵云,鲁班大师"
杨玉环,鲁班大师,2,阵营1 胜利,"元歌,嫦娥,李信,裴擒虎,杨玉环","关羽,沈梦溪,艾琳,云中君,鲁班大师"
杨玉环,鲁班大师,3,阵营2 胜利,"元歌,海诺,李信,韩信,杨玉环","哪吒,小乔,公孙离,猪八戒,鲁班大师"
杨玉环,鲁班大师,4,阵营2 胜利,"孙策,干将莫邪,元流之子(射手),大司命,鲁班大师","影,上官婉儿,后羿,裴擒虎,杨玉环"
杨玉环,鲁班大师,5,阵营1 胜利,"司空震,弈星,虞姬,镜,杨玉环","孙策,嫦娥,艾琳,元流之子(刺客),鲁班大师"
杨玉环,鲁班大师,6,阵营2 胜利,"司空震,不知火舞,蚩奼,马超,鲁班大师","哪吒,妲己,孙尚香,裴擒虎,杨玉环"
杨玉环,鲁班大师,7,阵营2 胜利,"哪吒,诸葛亮,艾琳,裴擒虎,杨玉环","亚连,女娲,孙权,橘右京,鲁班大师"
杨玉环,鲁班大师,8,阵营1 胜利,"曹操,武则天,苍,赵云,杨玉环","花木兰,元流之子(法师),戈娅,裴擒虎,鲁班大师"
杨玉环,鲁班大师,9,阵营1 胜利,"夏洛特,嫦娥,敖隐,暃,鲁班大师","蒙恬,沈梦溪,后羿,裴擒虎,杨玉环"
杨玉环,鲁班大师,10,阵营2 胜利,"蒙恬,小乔,戈娅,宫本武藏,鲁班大师","司空震,金蝉,蚩奼,杨戬,杨玉环"
杨玉环,鲁班大师,11,阵营1 胜利,"亚连,沈梦溪,公孙离,影,鲁班大师","老夫子,嫦娥,戈娅,哪吒,杨玉环"
杨玉环,鲁班大师,12,阵营2 胜利,"曹操,嫦娥,敖隐,元流之子(刺客),鲁班大师","蚩奼,貂蝉,公孙离,孙悟空,杨玉环"
杨玉环,鲁班大师,13,阵营2 胜利,"老夫子,海月,蚩奼,孙悟空,杨玉环","曹操,金蝉,公孙离,铠,鲁班大师"
杨玉环,鲁班大师,14,阵营1 胜利,"蚩奼,弈星,艾琳,马超,杨玉环","花木兰,嫦娥,戈娅,百里玄策,鲁班大师"
杨玉环,鲁班大师,15,阵营1 胜利,"哪吒,嫦娥,蚩奼,裴擒虎,杨玉环","花木兰,小乔,艾琳,镜,鲁班大师"
杨玉环,鲁班大师,16,阵营2 胜利,"亚瑟,嫦娥,戈娅,裴擒虎,鲁班大师","哪吒,小乔,蚩奼,露娜,杨玉环"
杨玉环,鲁班大师,17,阵营1 胜利,"关羽,貂蝉,蚩奼,韩信,杨玉环","老夫子,上官婉儿,孙权,裴擒虎,鲁班大师"
杨玉环,鲁班大师,18,阵营1 胜利,"哪吒,沈梦溪,元流之子(射手),铠,鲁班大师","关羽,海月,李信,裴擒虎,杨玉环"
杨玉环,鲁班大师,19,阵营1 胜利,"亚瑟,不知火舞,元流之子(射手),裴擒虎,鲁班大师","老夫子,上官婉儿,蚩奼,赵云,杨玉环"
杨玉环,桑启,1,阵营2 胜利,"哪吒,海月,蚩奼,橘右京,桑启","芈月,海诺,狄仁杰,暃,杨玉环"
杨玉环,桑启,2,阵营1 胜利,"司空震,沈梦溪,后羿,典韦,桑启","蒙恬,不知火舞,公孙离,诸葛亮,杨玉环"
杨玉环,桑启,3,阵营2 胜利,"司空震,小乔,敖隐,云缨,桑启","蚩奼,嫦娥,苍,梦奇,杨玉环"
杨玉环,桑启,4,阵营1 胜利,"狂铁,沈梦溪,孙权,云缨,桑启","曹操,高渐离,元流之子(射手),裴擒虎,杨玉环"
杨玉环,桑启,5,阵营2 胜利,"老夫子,海诺,敖隐,曜,桑启","狂铁,嬴政,元流之子(射手),阿古朵,杨玉环"
杨玉环,桑启,6,阵营2 胜利,"刘邦,嫦娥,苍,韩信,桑启","哪吒,沈梦溪,戈娅,孙悟空,杨玉环"
杨玉环,桑启,7,阵营1 胜利,"狂铁,诸葛亮,伽罗,铠,桑启","蒙恬,女娲,元流之子(射手),宫本武藏,杨玉环"
杨玉环,桑启,8,阵营1 胜利,"老夫子,张良,蚩奼,孙悟空,桑启","元歌,西施,李信,镜,杨玉环"
杨玉环,桑启,9,阵营2 胜利,"夏洛特,小乔,蚩奼,云缨,杨玉环","马超,海诺,百里守约,橘右京,桑启"
杨玉环,桑启,10,阵营2 胜利,"曹操,沈梦溪,元流之子(射手),裴擒虎,杨玉环","老夫子,女娲,孙权,孙悟空,桑启"
杨玉环,桑启,11,阵营1 胜利,"狂铁,女娲,元流之子(射手),百里玄策,桑启","马超,沈梦溪,公孙离,孙悟空,杨玉环"
杨玉环,桑启,12,阵营1 胜利,"曹操,貂蝉,孙权,云缨,桑启","夏洛特,嫦娥,孙尚香,阿古朵,杨玉环"
杨玉环,桑启,13,阵营1 胜利,"哪吒,武则天,公孙离,典韦,桑启","孙策,诸葛亮,艾琳,赵云,杨玉环"
杨玉环,桑启,14,阵营2 胜利,"元歌,干将莫邪,元流之子(射手),诸葛亮,桑启","蚩奼,嫦娥,苍,橘右京,杨玉环"
杨玉环,桑启,15,阵营1 胜利,"花木兰,上官婉儿,元流之子(射手),司马懿,杨玉环","狂铁,王昭君,蒙犽,宫本武藏,桑启"
杨玉环,桑启,16,阵营1 胜利,"影,海月,元流之子(射手),孙悟空,桑启","元歌,王昭君,孙权,宫本武藏,杨玉环"
杨玉环,桑启,17,阵营1 胜利,"哪吒,甄姬,蚩奼,韩信,桑启","司空震,嫦娥,狄仁杰,马超,杨玉环"
杨玉环,桑启,18,阵营1 胜利,"白起,不知火舞,狄仁杰,暃,杨玉环","司空震,海月,元流之子(射手),孙悟空,桑启"
杨玉环,桑启,19,阵营1 胜利,"猪八戒,甄姬,苍,马超,桑启","哪吒,嫦娥,公孙离,李元芳,杨玉环"
杨玉环,赵怀真,1,阵营2 胜利,"达摩,貂蝉,敖隐,镜,杨玉环","花木兰,干将莫邪,公孙离,元流之子(坦克),赵怀真"
杨玉环,赵怀真,2,阵营2 胜利,"马超,诸葛亮,蚩奼,典韦,赵怀真","司空震,貂蝉,李信,宫本武藏,杨玉环"
杨玉环,赵怀真,3,阵营1 胜利,"狂铁,沈梦溪,李信,元流之子(刺客),杨玉环","蒙恬,海月,戈娅,裴擒虎,赵怀真"
杨玉环,赵怀真,4,阵营2 胜利,"花木兰,安琪拉,公孙离,百里玄策,赵怀真","关羽,女娲,蚩奼,橘右京,杨玉环"
杨玉环,赵怀真,5,阵营2 胜利,"司空震,武则天,公孙离,镜,杨玉环","关羽,大乔,元流之子(射手),暃,赵怀真"
杨玉环,赵怀真,6,阵营2 胜利,"蒙恬,武则天,李信,暃,赵怀真","元歌,海诺,元流之子(射手),杨戬,杨玉环"
杨玉环,赵怀真,7,阵营1 胜利,"老夫子,貂蝉,蚩奼,曜,赵怀真","蒙恬,小乔,元流之子(射手),阿古朵,杨玉环"
杨玉环,赵怀真,8,阵营1 胜利,"老夫子,沈梦溪,元流之子(射手),马超,赵怀真","曹操,小乔,戈娅,露娜,杨玉环"
杨玉环,赵怀真,9,阵营2 胜利,"白起,嫦娥,蚩奼,马超,杨玉环","夏洛特,不知火舞,公孙离,韩信,赵怀真"
杨玉环,赵怀真,10,阵营2 胜利,"哪吒,沈梦溪,苍,马超,赵怀真","芈月,甄姬,公孙离,韩信,杨玉环"
杨玉环,赵怀真,11,阵营1 胜利,"花木兰,沈梦溪,敖隐,露娜,赵怀真","东皇太一,司马懿,公孙离,孙悟空,杨玉环"
杨玉环,赵怀真,12,阵营2 胜利,"元歌,海诺,孙尚香,裴擒虎,杨玉环","司空震,不知火舞,元流之子(射手),露娜,赵怀真"
杨玉环,赵怀真,13,阵营1 胜利,"曹操,弈星,李信,镜,杨玉环","芈月,嫦娥,孙权,孙悟空,赵怀真"
杨玉环,赵怀真,14,阵营1 胜利,"元歌,诸葛亮,虞姬,露娜,赵怀真","亚瑟,甄姬,公孙离,韩信,杨玉环"
杨玉环,赵怀真,15,阵营1 胜利,"元歌,诸葛亮,虞姬,影,杨玉环","杨戬,不知火舞,百里守约,裴擒虎,赵怀真"
杨玉环,赵怀真,16,阵营1 胜利,"蒙恬,干将莫邪,元流之子(射手),马超,杨玉环","元歌,女娲,蚩奼,韩信,赵怀真"
杨玉环,赵怀真,17,阵营2 胜利,"哪吒,张良,蚩奼,裴擒虎,杨玉环","孙悟空,武则天,孙尚香,露娜,赵怀真"
杨玉环,赵怀真,18,阵营1 胜利,"司空震,沈梦溪,敖隐,典韦,杨玉环","关羽,女娲,虞姬,云中君,赵怀真"
杨玉环,赵怀真,19,阵营1 胜利,"达摩,姜子牙,孙权,裴擒虎,赵怀真","狂铁,小乔,后羿,赵云,杨玉环"
杨玉环,空空儿,1,阵营2 胜利,"狂铁,安琪拉,百里守约,露娜,空空儿","孙悟空,小乔,蚩奼,宫本武藏,杨玉环"
杨玉环,空空儿,2,阵营2 胜利,"猪八戒,嫦娥,公孙离,镜,杨玉环","橘右京,大乔,蚩奼,韩信,空空儿"
杨玉环,空空儿,3,阵营2 胜利,"关羽,嫦娥,元流之子(射手),大司命,空空儿","程咬金,沈梦溪,狄仁杰,裴擒虎,杨玉环"
杨玉环,空空儿,4,阵营1 胜利,"白起,嫦娥,司空震,裴擒虎,杨玉环","蒙恬,嬴政,蚩奼,司马懿,空空儿"
杨玉环,空空儿,5,阵营2 胜利,"蚩奼,小乔,戈娅,梦奇,空空儿","影,海月,元流之子(射手),阿古朵,杨玉环"
杨玉环,空空儿,6,阵营2 胜利,"蒙恬,西施,虞姬,云缨,杨玉环","孙策,沈梦溪,元流之子(射手),大司命,空空儿"
杨玉环,空空儿,7,阵营2 胜利,"元歌,诸葛亮,戈娅,赵云,杨玉环","哪吒,安琪拉,元流之子(射手),李元芳,空空儿"
杨玉环,空空儿,8,阵营1 胜利,"蒙恬,周瑜,元流之子(射手),暃,空空儿","蚩奼,甄姬,李信,猪八戒,杨玉环"
杨玉环,空空儿,9,阵营2 胜利,"蚩奼,诸葛亮,戈娅,百里玄策,杨玉环","司空震,甄姬,孙权,马超,空空儿"
杨玉环,空空儿,10,阵营2 胜利,"海诺,甄姬,艾琳,暃,空空儿","元歌,海月,戈娅,露娜,杨玉环"
杨玉环,空空儿,11,阵营2 胜利,"元歌,诸葛亮,后羿,裴擒虎,杨玉环","影,小乔,元流之子(射手),盘古,空空儿"
杨玉环,空空儿,12,阵营2 胜利,"关羽,上官婉儿,元流之子(射手),镜,空空儿","狂铁,诸葛亮,孙权,司马懿,杨玉环"
杨玉环,空空儿,13,阵营2 胜利,"蚩奼,沈梦溪,后羿,马超,杨玉环","孙悟空,不知火舞,公孙离,云缨,空空儿"
杨玉环,空空儿,14,阵营1 胜利,"曹操,海月,敖隐,阿古朵,空空儿","狂铁,沈梦溪,虞姬,赵云,杨玉环"
杨玉环,空空儿,15,阵营2 胜利,"老夫子,不知火舞,百里守约,暃,杨玉环","哪吒,大乔,元流之子(射手),裴擒虎,空空儿"
杨玉环,空空儿,16,阵营2 胜利,"关羽,沈梦溪,敖隐,马超,空空儿","哪吒,海诺,李信,云缨,杨玉环"
杨玉环,空空儿,17,阵营1 胜利,"司空震,海诺,蚩奼,韩信,空空儿","老夫子,沈梦溪,公孙离,百里玄策,杨玉环"
杨玉环,空空儿,18,阵营1 胜利,"老夫子,不知火舞,戈娅,韩信,空空儿","哪吒,嫦娥,蚩奼,典韦,杨玉环"
杨玉环,空空儿,19,阵营1 胜利,"猪八戒,大乔,元流之子(射手),橘右京,杨玉环","花木兰,沈梦溪,蚩奼,李白,空空儿"
杨玉环,少司缘,1,阵营1 胜利,"梦奇,周瑜,孙尚香,云缨,少司缘","元歌,墨子,蚩奼,李元芳,杨玉环"
杨玉环,少司缘,2,阵营1 胜利,"项羽,沈梦溪,虞姬,铠,少司缘","芈月,嫦娥,李信,云缨,杨玉环"
杨玉环,少司缘,3,阵营2 胜利,"狂铁,武则天,元流之子(射手),韩信,杨玉环","元流之子(坦克),安琪拉,李信,裴擒虎,少司缘"
杨玉环,少司缘,4,阵营2 胜利,"元歌,沈梦溪,戈娅,宫本武藏,杨玉环","影,海诺,公孙离,李白,少司缘"
杨玉环,少司缘,5,阵营1 胜利,"元歌,武则天,蚩奼,橘右京,少司缘","达摩,诸葛亮,元流之子(射手),裴擒虎,杨玉环"
杨玉环,少司缘,6,阵营1 胜利,"影,甄姬,百里守约,暃,少司缘","哪吒,武则天,元流之子(射手),橘右京,杨玉环"
杨玉环,少司缘,7,阵营2 胜利,"盘古,海诺,蚩奼,大司命,杨玉环","姬小满,小乔,孙权,典韦,少司缘"
杨玉环,少司缘,8,阵营2 胜利,"哪吒,诸葛亮,虞姬,阿古朵,少司缘","狂铁,海月,戈娅,孙悟空,杨玉环"
杨玉环,少司缘,9,阵营2 胜利,"蒙恬,沈梦溪,公孙离,娜可露露,少司缘","狂铁,大乔,苍,澜,杨玉环"
杨玉环,少司缘,10,阵营2 胜利,"芈月,貂蝉,狄仁杰,百里玄策,少司缘","亚连,小乔,孙权,兰陵王,杨玉环"
杨玉环,少司缘,11,阵营1 胜利,"关羽,沈梦溪,蚩奼,雅典娜,少司缘","花木兰,海诺,元流之子(射手),暃,杨玉环"
杨玉环,少司缘,12,阵营2 胜利,"兰陵王,嫦娥,李信,云缨,杨玉环","元歌,墨子,元流之子(射手),司马懿,少司缘"
杨玉环,少司缘,13,阵营2 胜利,"吕布,小乔,敖隐,宫本武藏,少司缘","狂铁,貂蝉,元流之子(射手),赵云,杨玉环"
杨玉环,少司缘,14,阵营2 胜利,"司空震,金蝉,李信,赵云,少司缘","元歌,海诺,百里守约,铠,杨玉环"
杨玉环,少司缘,15,阵营1 胜利,"老夫子,王昭君,戈娅,阿古朵,少司缘","狂铁,安琪拉,艾琳,娜可露露,杨玉环"
杨玉环,少司缘,16,阵营1 胜利,"狂铁,海月,苍,马超,少司缘","司空震,女娲,虞姬,云缨,杨玉环"
杨玉环,少司缘,17,阵营1 胜利,"影,女娲,敖隐,典韦,杨玉环","曹操,嫦娥,苍,百里玄策,少司缘"
杨玉环,少司缘,18,阵营2 胜利,"老夫子,小乔,艾琳,兰陵王,少司缘","夏侯惇,海诺,敖隐,韩信,杨玉环"
杨玉环,少司缘,19,阵营2 胜利,"老夫子,女娲,元流之子(射手),娜可露露,杨玉环","孙策,嫦娥,孙尚香,元流之子(刺客),少司缘"
杨玉环,元流之子(坦克),1,阵营2 胜利,"花木兰,沈梦溪,元流之子(射手),橘右京,杨玉环","孙策,貂蝉,莱西奥,梦奇,元流之子(坦克)"
杨玉环,元流之子(坦克),2,阵营2 胜利,"狂铁,干将莫邪,元流之子(射手),韩信,杨玉环","白起,妲己,百里守约,诸葛亮,元流之子(坦克)"
杨玉环,元流之子(坦克),3,阵营2 胜利,"老夫子,沈梦溪,苍,孙悟空,元流之子(坦克)","哪吒,嫦娥,马可波罗,百里玄策,杨玉环"
杨玉环,元流之子(坦克),4,阵营1 胜利,"关羽,海月,戈娅,云缨,杨玉环","影,嬴政,狄仁杰,雅典娜,元流之子(坦克)"
杨玉环,元流之子(坦克),5,阵营2 胜利,"哪吒,嫦娥,戈娅,镜,元流之子(坦克)","曹操,上官婉儿,李信,裴擒虎,杨玉环"
杨玉环,元流之子(坦克),6,阵营1 胜利,"狂铁,女娲,敖隐,元流之子(刺客),杨玉环","姬小满,沈梦溪,后羿,百里玄策,元流之子(坦克)"
杨玉环,元流之子(坦克),7,阵营1 胜利,"狂铁,女娲,虞姬,诸葛亮,元流之子(坦克)","元歌,王昭君,公孙离,暃,杨玉环"
杨玉环,元流之子(坦克),8,阵营1 胜利,"蒙恬,嫦娥,元流之子(射手),大司命,杨玉环","蚩奼,大乔,公孙离,阿轲,元流之子(坦克)"
杨玉环,元流之子(坦克),9,阵营2 胜利,"司空震,小乔,蚩奼,云中君,元流之子(坦克)","芈月,沈梦溪,狄仁杰,韩信,杨玉环"
杨玉环,元流之子(坦克),10,阵营1 胜利,"蒙恬,女娲,艾琳,云缨,杨玉环","关羽,海月,虞姬,百里玄策,元流之子(坦克)"
杨玉环,元流之子(坦克),11,阵营2 胜利,"元歌,沈梦溪,戈娅,赵云,元流之子(坦克)","影,姜子牙,艾琳,刘备,杨玉环"
杨玉环,元流之子(坦克),12,阵营1 胜利,"曹操,金蝉,后羿,马超,元流之子(坦克)","钟无艳,海诺,敖隐,百里玄策,杨玉环"
杨玉环,元流之子(坦克),13,阵营1 胜利,"蒙恬,干将莫邪,蚩奼,裴擒虎,元流之子(坦克)","夏洛特,沈梦溪,元流之子(射手),橘右京,杨玉环"
杨玉环,元流之子(坦克),14,阵营2 胜利,"元歌,大乔,孙权,裴擒虎,元流之子(坦克)","哪吒,安琪拉,艾琳,孙悟空,杨玉环"
杨玉环,元流之子(坦克),15,阵营1 胜利,"孙策,武则天,公孙离,司马懿,元流之子(坦克)","关羽,王昭君,蚩奼,韩信,杨玉环"
杨玉环,元流之子(坦克),16,阵营1 胜利,"哪吒,小乔,公孙离,李白,杨玉环","花木兰,周瑜,虞姬,典韦,元流之子(坦克)"
杨玉环,元流之子(坦克),17,阵营1 胜利,"元歌,武则天,百里守约,裴擒虎,元流之子(坦克)","姬小满,沈梦溪,蚩奼,赵云,杨玉环"
杨玉环,元流之子(坦克),18,阵营1 胜利,"司空震,武则天,敖隐,云缨,元流之子(坦克)","兰陵王,王昭君,伽罗,赵云,杨玉环"
杨玉环,元流之子(坦克),19,阵营2 胜利,"关羽,海诺,公孙离,镜,元流之子(坦克)","兰陵王,女娲,蚩奼,裴擒虎,杨玉环"
杨玉环,元流之子(辅助),1,阵营1 胜利,"司空震,不知火舞,后羿,马超,元流之子(辅助)","老夫子,王昭君,蚩奼,露娜,杨玉环"
杨玉环,元流之子(辅助),2,阵营2 胜利,"夏洛特,武则天,蚩奼,韩信,元流之子(辅助)","蒙恬,小乔,公孙离,百里玄策,杨玉环"
杨玉环,元流之子(辅助),3,阵营2 胜利,"狂铁,不知火舞,李信,雅典娜,杨玉环","花木兰,嫦娥,敖隐,裴擒虎,元流之子(辅助)"
杨玉环,元流之子(辅助),4,阵营2 胜利,"影,金蝉,孙权,橘右京,杨玉环","哪吒,沈梦溪,狄仁杰,云中君,元流之子(辅助)"
杨玉环,元流之子(辅助),5,阵营2 胜利,"哪吒,海诺,狄仁杰,兰陵王,元流之子(辅助)","吕布,嫦娥,李信,暃,杨玉环"
杨玉环,元流之子(辅助),6,阵营2 胜利,"关羽,不知火舞,苍,马超,杨玉环","老夫子,嫦娥,公孙离,阿古朵,元流之子(辅助)"
杨玉环,元流之子(辅助),7,阵营2 胜利,"曹操,不知火舞,敖隐,赵云,元流之子(辅助)","关羽,沈梦溪,后羿,李元芳,杨玉环"
杨玉环,元流之子(辅助),8,阵营1 胜利,"司空震,诸葛亮,元流之子(射手),暃,杨玉环","花木兰,沈梦溪,百里守约,韩信,元流之子(辅助)"
杨玉环,元流之子(辅助),9,阵营2 胜利,"影,貂蝉,公孙离,镜,杨玉环","曹操,小乔,孙权,裴擒虎,元流之子(辅助)"
杨玉环,元流之子(辅助),10,阵营2 胜利,"曹操,女娲,狄仁杰,马超,元流之子(辅助)","司空震,周瑜,艾琳,裴擒虎,杨玉环"
杨玉环,元流之子(辅助),11,阵营1 胜利,"曹操,西施,元流之子(射手),韩信,杨玉环","白起,武则天,虞姬,裴擒虎,元流之子(辅助)"
杨玉环,元流之子(辅助),12,阵营1 胜利,"影,大乔,戈娅,裴擒虎,元流之子(辅助)","元歌,嫦娥,狄仁杰,兰陵王,杨玉环"
杨玉环,元流之子(辅助),13,阵营1 胜利,"狂铁,诸葛亮,孙权,孙悟空,杨玉环","哪吒,扁鹊,戈娅,大司命,元流之子(辅助)"
杨玉环,元流之子(辅助),14,阵营2 胜利,"程咬金,武则天,元流之子(射手),暃,杨玉环","狂铁,不知火舞,虞姬,赵云,元流之子(辅助)"
杨玉环,元流之子(辅助),15,阵营1 胜利,"狂铁,海月,百里守约,马超,元流之子(辅助)","元歌,武则天,蚩奼,阿轲,杨玉环"
杨玉环,元流之子(辅助),16,阵营2 胜利,"梦奇,小乔,狄仁杰,镜,元流之子(辅助)","司空震,西施,虞姬,百里玄策,杨玉环"
杨玉环,元流之子(辅助),17,阵营2 胜利,"元歌,甄姬,蚩奼,露娜,元流之子(辅助)","海诺,高渐离,戈娅,李白,杨玉环"
杨玉环,元流之子(辅助),18,阵营1 胜利,"元歌,海诺,戈娅,孙悟空,元流之子(辅助)","曹操,高渐离,公孙离,曜,杨玉环"
杨玉环,元流之子(辅助),19,阵营2 胜利,"狂铁,嫦娥,敖隐,李元芳,元流之子(辅助)","曹操,公孙离,沈梦溪,云缨,杨玉环"
蔡文姬,太乙真人,1,阵营2 胜利,"元歌,武则天,马可波罗,韩信,太乙真人","夏洛特,杨玉环,元流之子(射手),猪八戒,蔡文姬"
蔡文姬,太乙真人,2,阵营2 胜利,"影,嫦娥,敖隐,露娜,太乙真人","钟无艳,不知火舞,元流之子(射手),赵云,蔡文姬"
蔡文姬,太乙真人,3,阵营2 胜利,"狂铁,诸葛亮,敖隐,司马懿,太乙真人","白起,女娲,李信,赵云,蔡文姬"
蔡文姬,太乙真人,4,阵营2 胜利,"铠,嬴政,公孙离,云缨,太乙真人","白起,小乔,蚩奼,杨戬,蔡文姬"
蔡文姬,太乙真人,5,阵营2 胜利,"马超,诸葛亮,公孙离,李元芳,太乙真人","司空震,貂蝉,蚩奼,裴擒虎,蔡文姬"
蔡文姬,太乙真人,6,阵营1 胜利,"司空震,姜子牙,蚩奼,典韦,蔡文姬","马超,西施,公孙离,云中君,太乙真人"
蔡文姬,太乙真人,7,阵营2 胜利,"关羽,诸葛亮,蚩奼,裴擒虎,太乙真人","夏洛特,西施,后羿,阿轲,蔡文姬"
蔡文姬,太乙真人,8,阵营1 胜利,"司空震,沈梦溪,元流之子(射手),曜,太乙真人","哪吒,女娲,公孙离,马超,蔡文姬"
蔡文姬,太乙真人,9,阵营1 胜利,"马超,西施,蚩奼,孙悟空,蔡文姬","白起,高渐离,元流之子(射手),阿古朵,太乙真人"
蔡文姬,太乙真人,10,阵营1 胜利,"花木兰,武则天,敖隐,镜,太乙真人","元歌,安琪拉,虞姬,韩信,蔡文姬"
蔡文姬,太乙真人,11,阵营2 胜利,"马超,甄姬,元流之子(射手),云缨,蔡文姬","花木兰,嫦娥,戈娅,杨戬,太乙真人"
蔡文姬,太乙真人,12,阵营1 胜利,"杨戬,干将莫邪,孙权,李元芳,太乙真人","司空震,嫦娥,元流之子(射手),云缨,蔡文姬"
蔡文姬,太乙真人,13,阵营2 胜利,"元歌,姜子牙,孙权,宫本武藏,太乙真人","花木兰,诸葛亮,虞姬,阿古朵,蔡文姬"
蔡文姬,太乙真人,14,阵营1 胜利,"元歌,嫦娥,狄仁杰,暃,太乙真人","梦奇,海诺,艾琳,赵云,蔡文姬"
蔡文姬,太乙真人,15,阵营2 胜利,"夏洛特,西施,戈娅,大司命,蔡文姬","程咬金,姜子牙,元流之子(射手),裴擒虎,太乙真人"
蔡文姬,太乙真人,16,阵营2 胜利,"蒙恬,女娲,虞姬,娜可露露,蔡文姬","狂铁,诸葛亮,蒙犽,大司命,太乙真人"
蔡文姬,太乙真人,17,阵营1 胜利,"曹操,弈星,公孙离,马超,太乙真人","哪吒,小乔,蒙犽,刘备,蔡文姬"
蔡文姬,太乙真人,18,阵营2 胜利,"司空震,女娲,敖隐,宫本武藏,蔡文姬","芈月,元流之子(法师),苍,阿轲,太乙真人"
蔡文姬,太乙真人,19,阵营2 胜利,"蚩奼,西施,狄仁杰,赵云,太乙真人","花木兰,武则天,元流之子(射手),韩信,蔡文姬"
蔡文姬,东皇太一,1,阵营1 胜利,"影,甄姬,孙权,哪吒,蔡文姬","曹操,海诺,后羿,暃,东皇太一"
蔡文姬,东皇太一,2,阵营2 胜利,"影,不知火舞,敖隐,暃,东皇太一","亚瑟,貂蝉,元流之子(射手),韩信,蔡文姬"
蔡文姬,东皇太一,3,阵营2 胜利,"白起,沈梦溪,苍,大司命,蔡文姬","夏侯惇,干将莫邪,李元芳,宫本武藏,东皇太一"
蔡文姬,东皇太一,4,阵营1 胜利,"老夫子,女娲,元流之子(射手),孙悟空,蔡文姬","项羽,武则天,孙权,兰陵王,东皇太一"
蔡文姬,东皇太一,5,阵营2 胜利,"司空震,沈梦溪,戈娅,宫本武藏,东皇太一","马超,弈星,元流之子(射手),大司命,蔡文姬"
蔡文姬,东皇太一,6,阵营2 胜利,"元歌,不知火舞,蚩奼,司马懿,蔡文姬","马超,安琪拉,孙权,百里玄策,东皇太一"
蔡文姬,东皇太一,7,阵营1 胜利,"司空震,嫦娥,孙权,大司命,东皇太一","马超,大乔,戈娅,典韦,蔡文姬"
蔡文姬,东皇太一,8,阵营1 胜利,"曹操,嫦娥,戈娅,元流之子(刺客),东皇太一","白起,周瑜,元流之子(射手),裴擒虎,蔡文姬"
蔡文姬,东皇太一,9,阵营1 胜利,"影,貂蝉,元流之子(射手),阿古朵,东皇太一","哪吒,诸葛亮,蚩奼,暃,蔡文姬"
蔡文姬,东皇太一,10,阵营1 胜利,"狂铁,小乔,蚩奼,孙悟空,东皇太一","元歌,诸葛亮,元流之子(射手),杨戬,蔡文姬"
蔡文姬,东皇太一,11,阵营1 胜利,"关羽,女娲,敖隐,百里玄策,东皇太一","老夫子,武则天,戈娅,阿古朵,蔡文姬"
蔡文姬,东皇太一,12,阵营2 胜利,"狂铁,沈梦溪,蚩奼,裴擒虎,东皇太一","姬小满,不知火舞,虞姬,镜,蔡文姬"
蔡文姬,东皇太一,13,阵营2 胜利,"司空震,嫦娥,百里守约,宫本武藏,蔡文姬","马超,小乔,后羿,裴擒虎,东皇太一"
蔡文姬,东皇太一,14,阵营1 胜利,"杨戬,上官婉儿,元流之子(射手),曜,东皇太一","盘古,海月,蚩奼,阿古朵,蔡文姬"
蔡文姬,东皇太一,15,阵营1 胜利,"芈月,米莱狄,蚩奼,暃,蔡文姬","海诺,沈梦溪,莱西奥,裴擒虎,东皇太一"
蔡文姬,东皇太一,16,阵营2 胜利,"达摩,李信,貂蝉,娜可露露,蔡文姬","猪八戒,高渐离,戈娅,马超,东皇太一"
蔡文姬,东皇太一,17,阵营1 胜利,"吕布,貂蝉,敖隐,赵云,东皇太一","狂铁,女娲,后羿,马超,蔡文姬"
蔡文姬,东皇太一,18,阵营1 胜利,"姬小满,嫦娥,蚩奼,铠,蔡文姬","狂铁,杨玉环,孙尚香,典韦,东皇太一"
蔡文姬,东皇太一,19,阵营2 胜利,"狂铁,女娲,司空震,百里玄策,东皇太一","元歌,沈梦溪,蚩奼,暃,蔡文姬"
蔡文姬,大禹,1,阵营2 胜利,"关羽,女娲,戈娅,镜,大禹","元歌,弈星,蚩奼,韩信,蔡文姬"
蔡文姬,大禹,2,阵营2 胜利,"元歌,嫦娥,元流之子(射手),暃,大禹","马超,甄姬,孙权,澜,蔡文姬"
蔡文姬,大禹,3,阵营1 胜利,"白起,武则天,戈娅,雅典娜,蔡文姬","哪吒,海诺,蚩奼,裴擒虎,大禹"
蔡文姬,大禹,4,阵营2 胜利,"蒙恬,武则天,元流之子(射手),司马懿,大禹","狂铁,嫦娥,苍,铠,蔡文姬"
蔡文姬,大禹,5,阵营2 胜利,"司空震,女娲,敖隐,阿古朵,蔡文姬","杨戬,大乔,元流之子(射手),露娜,大禹"
蔡文姬,大禹,6,阵营2 胜利,"曹操,武则天,孙权,镜,蔡文姬","刘邦,不知火舞,元流之子(射手),云缨,大禹"
蔡文姬,大禹,7,阵营2 胜利,"狂铁,沈梦溪,公孙离,司马懿,蔡文姬","花木兰,武则天,苍,阿古朵,大禹"
蔡文姬,大禹,8,阵营2 胜利,"老夫子,上官婉儿,狄仁杰,铠,蔡文姬","哪吒,甄姬,艾琳,娜可露露,大禹"
蔡文姬,大禹,9,阵营2 胜利,"花木兰,海月,公孙离,镜,蔡文姬","哪吒,甄姬,蚩奼,杨戬,大禹"
蔡文姬,大禹,10,阵营1 胜利,"哪吒,嫦娥,戈娅,裴擒虎,蔡文姬","司空震,诸葛亮,公孙离,孙悟空,大禹"
蔡文姬,大禹,11,阵营2 胜利,"项羽,沈梦溪,虞姬,大司命,蔡文姬","哪吒,小乔,李信,诸葛亮,大禹"
蔡文姬,大禹,12,阵营2 胜利,"元歌,沈梦溪,虞姬,司马懿,大禹","司空震,诸葛亮,元流之子(射手),赵云,蔡文姬"
蔡文姬,大禹,13,阵营2 胜利,"夏侯惇,诸葛亮,孙权,云缨,蔡文姬","狂铁,女娲,后羿,阿古朵,大禹"
蔡文姬,大禹,14,阵营2 胜利,"项羽,海月,元流之子(射手),诸葛亮,大禹","白起,甄姬,戈娅,李元芳,蔡文姬"
蔡文姬,大禹,15,阵营2 胜利,"关羽,沈梦溪,戈娅,露娜,蔡文姬","蒙恬,不知火舞,元流之子(射手),云缨,大禹"
蔡文姬,大禹,16,阵营2 胜利,"影,沈梦溪,敖隐,司马懿,大禹","元歌,高渐离,百里守约,阿轲,蔡文姬"
蔡文姬,大禹,17,阵营1 胜利,"芈月,沈梦溪,元流之子(射手),赵云,大禹","老夫子,安琪拉,百里守约,铠,蔡文姬"
蔡文姬,大禹,18,阵营1 胜利,"老夫子,高渐离,李信,猪八戒,大禹","司空震,武则天,元流之子(射手),暃,蔡文姬"
蔡文姬,大禹,19,阵营1 胜利,"曹操,诸葛亮,李信,镜,大禹","狂铁,妲己,公孙离,露娜,蔡文姬"
蔡文姬,鬼谷子,1,阵营2 胜利,"哪吒,海诺,孙权,暃,蔡文姬","马超,沈梦溪,虞姬,韩信,鬼谷子"
蔡文姬,鬼谷子,2,阵营2 胜利,"元歌,貂蝉,公孙离,赵云,蔡文姬","夏洛特,安琪拉,虞姬,韩信,鬼谷子"
蔡文姬,鬼谷子,3,阵营2 胜利,"影,海月,戈娅,暃,蔡文姬","老夫子,嫦娥,蚩奼,大司命,鬼谷子"
蔡文姬,鬼谷子,4,阵营2 胜利,"狂铁,貂蝉,戈娅,哪吒,鬼谷子","花木兰,女娲,狄仁杰,典韦,蔡文姬"
蔡文姬,鬼谷子,5,阵营1 胜利,"老夫子,甄姬,孙权,裴擒虎,蔡文姬","司空震,海诺,戈娅,梦奇,鬼谷子"
蔡文姬,鬼谷子,6,阵营1 胜利,"马超,嫦娥,鲁班七号,宫本武藏,蔡文姬","影,高渐离,公孙离,裴擒虎,鬼谷子"
蔡文姬,鬼谷子,7,阵营2 胜利,"哪吒,姜子牙,元流之子(射手),曜,蔡文姬","老夫子,沈梦溪,李信,韩信,鬼谷子"
蔡文姬,鬼谷子,8,阵营2 胜利,"白起,沈梦溪,苍,孙悟空,鬼谷子","夏洛特,嫦娥,虞姬,百里玄策,蔡文姬"
蔡文姬,鬼谷子,9,阵营1 胜利,"曹操,高渐离,孙权,雅典娜,蔡文姬","马超,甄姬,蚩奼,娜可露露,鬼谷子"
蔡文姬,鬼谷子,10,阵营1 胜利,"司空震,海诺,元流之子(射手),镜,鬼谷子","花木兰,诸葛亮,公孙离,元流之子(刺客),蔡文姬"
蔡文姬,鬼谷子,11,阵营2 胜利,"程咬金,王昭君,元流之子(射手),兰陵王,蔡文姬","蚩奼,貂蝉,戈娅,曜,鬼谷子"
蔡文姬,鬼谷子,12,阵营2 胜利,"达摩,沈梦溪,孙权,暃,鬼谷子","曹操,杨玉环,元流之子(射手),孙悟空,蔡文姬"
蔡文姬,鬼谷子,13,阵营2 胜利,"白起,安琪拉,狄仁杰,云缨,蔡文姬","哪吒,大乔,蚩奼,元流之子(坦克),鬼谷子"
蔡文姬,鬼谷子,14,阵营2 胜利,"夏洛特,女娲,戈娅,马超,鬼谷子","狂铁,海诺,后羿,镜,蔡文姬"
蔡文姬,鬼谷子,15,阵营1 胜利,"蚩奼,沈梦溪,戈娅,孙悟空,鬼谷子","关羽,女娲,艾琳,马超,蔡文姬"
蔡文姬,鬼谷子,16,阵营1 胜利,"关羽,安琪拉,元流之子(射手),澜,鬼谷子","钟无艳,上官婉儿,莱西奥,李白,蔡文姬"
蔡文姬,鬼谷子,17,阵营1 胜利,"狂铁,姜子牙,蚩奼,马超,蔡文姬","蒙恬,高渐离,戈娅,司马懿,鬼谷子"
蔡文姬,鬼谷子,18,阵营2 胜利,"司空震,甄姬,李信,马超,蔡文姬","蚩奼,沈梦溪,戈娅,韩信,鬼谷子"
蔡文姬,鬼谷子,19,阵营2 胜利,"刘邦,嫦娥,元流之子(射手),暃,蔡文姬","白起,海月,戈娅,孙悟空,鬼谷子"
蔡文姬,大乔,1,阵营2 胜利,"关羽,沈梦溪,狄仁杰,云缨,蔡文姬","蒙恬,海月,蚩奼,百里玄策,大乔"
蔡文姬,大乔,2,阵营2 胜利,"夏洛特,沈梦溪,狄仁杰,暃,大乔","狂铁,海月,苍,裴擒虎,蔡文姬"
蔡文姬,大乔,3,阵营1 胜利,"狂铁,女娲,艾琳,镜,蔡文姬","影,姜子牙,元流之子(射手),典韦,大乔"
蔡文姬,大乔,4,阵营1 胜利,"狂铁,海诺,艾琳,典韦,大乔","花木兰,貂蝉,元流之子(射手),百里玄策,蔡文姬"
蔡文姬,大乔,5,阵营2 胜利,"蒙恬,诸葛亮,戈娅,盘古,蔡文姬","哪吒,高渐离,元流之子(射手),影,大乔"
蔡文姬,大乔,6,阵营2 胜利,"梦奇,干将莫邪,戈娅,镜,大乔","元歌,杨玉环,百里守约,阿古朵,蔡文姬"
蔡文姬,大乔,7,阵营2 胜利,"司空震,沈梦溪,元流之子(射手),诸葛亮,大乔","花木兰,海月,后羿,韩信,蔡文姬"
蔡文姬,大乔,8,阵营2 胜利,"元歌,诸葛亮,苍,云缨,蔡文姬","夏洛特,西施,元流之子(射手),梦奇,大乔"
蔡文姬,大乔,9,阵营2 胜利,"马超,甄姬,苍,暃,蔡文姬","司空震,女娲,元流之子(射手),澜,大乔"
蔡文姬,大乔,10,阵营2 胜利,"狂铁,沈梦溪,敖隐,橘右京,蔡文姬","夏洛特,小乔,虞姬,杨戬,大乔"
蔡文姬,大乔,11,阵营2 胜利,"花木兰,海诺,孙权,马超,蔡文姬","司空震,甄姬,公孙离,阿古朵,大乔"
蔡文姬,大乔,12,阵营2 胜利,"廉颇,海月,公孙离,橘右京,大乔","哪吒,沈梦溪,元流之子(射手),诸葛亮,蔡文姬"
蔡文姬,大乔,13,阵营1 胜利,"哪吒,诸葛亮,孙权,阿古朵,大乔","老夫子,元流之子(法师),戈娅,孙悟空,蔡文姬"
蔡文姬,大乔,14,阵营1 胜利,"关羽,海诺,后羿,马超,蔡文姬","狂铁,干将莫邪,戈娅,哪吒,大乔"
蔡文姬,大乔,15,阵营2 胜利,"孙策,弈星,敖隐,镜,蔡文姬","曹操,不知火舞,后羿,韩信,大乔"
蔡文姬,大乔,16,阵营2 胜利,"蚩奼,嫦娥,元流之子(射手),赵云,蔡文姬","白起,元流之子(法师),艾琳,大司命,大乔"
蔡文姬,大乔,17,阵营1 胜利,"芈月,小乔,孙权,百里玄策,大乔","哪吒,女娲,元流之子(射手),阿古朵,蔡文姬"
蔡文姬,大乔,18,阵营2 胜利,"老夫子,海诺,百里守约,百里玄策,蔡文姬","花木兰,貂蝉,公孙离,韩信,大乔"
蔡文姬,大乔,19,阵营2 胜利,"哪吒,沈梦溪,狄仁杰,云缨,蔡文姬","元歌,干将莫邪,虞姬,百里玄策,大乔"
蔡文姬,苏烈,1,阵营1 胜利,"杨戬,小乔,公孙离,裴擒虎,蔡文姬","影,扁鹊,元流之子(射手),哪吒,苏烈"
蔡文姬,苏烈,2,阵营1 胜利,"哪吒,诸葛亮,戈娅,铠,蔡文姬","项羽,王昭君,孙权,典韦,苏烈"
蔡文姬,苏烈,3,阵营1 胜利,"影,甄姬,百里守约,云缨,苏烈","元歌,不知火舞,鲁班七号,裴擒虎,蔡文姬"
蔡文姬,苏烈,4,阵营2 胜利,"司空震,嫦娥,后羿,暃,蔡文姬","元歌,貂蝉,公孙离,铠,苏烈"
蔡文姬,苏烈,5,阵营2 胜利,"猪八戒,嬴政,公孙离,韩信,苏烈","曹操,沈梦溪,元流之子(射手),大司命,蔡文姬"
蔡文姬,苏烈,6,阵营2 胜利,"狂铁,周瑜,蒙犽,裴擒虎,蔡文姬","亚瑟,沈梦溪,孙权,雅典娜,苏烈"
蔡文姬,苏烈,7,阵营1 胜利,"花木兰,沈梦溪,李信,橘右京,蔡文姬","狂铁,嫦娥,元流之子(射手),兰陵王,苏烈"
蔡文姬,苏烈,8,阵营2 胜利,"猪八戒,海月,蚩奼,典韦,苏烈","杨戬,弈星,戈娅,镜,蔡文姬"
蔡文姬,苏烈,9,阵营1 胜利,"夏洛特,元流之子(法师),戈娅,孙悟空,蔡文姬","司空震,沈梦溪,蚩奼,宫本武藏,苏烈"
蔡文姬,苏烈,10,阵营2 胜利,"蒙恬,甄姬,虞姬,哪吒,苏烈","狂铁,妲己,李信,澜,蔡文姬"
蔡文姬,苏烈,11,阵营2 胜利,"哪吒,海月,元流之子(射手),马超,苏烈","影,沈梦溪,百里守约,暃,蔡文姬"
蔡文姬,苏烈,12,阵营2 胜利,"狂铁,甄姬,虞姬,云中君,蔡文姬","姬小满,嫦娥,敖隐,雅典娜,苏烈"
蔡文姬,苏烈,13,阵营2 胜利,"白起,武则天,敖隐,司马懿,蔡文姬","花木兰,大乔,元流之子(射手),曜,苏烈"
蔡文姬,苏烈,14,阵营2 胜利,"马超,大乔,元流之子(射手),橘右京,苏烈","蚩奼,嫦娥,孙权,暃,蔡文姬"
蔡文姬,苏烈,15,阵营1 胜利,"哪吒,诸葛亮,虞姬,马超,苏烈","元歌,元流之子(法师),艾琳,裴擒虎,蔡文姬"
蔡文姬,苏烈,16,阵营2 胜利,"司空震,高渐离,元流之子(射手),阿古朵,蔡文姬","老夫子,大乔,蚩奼,赵云,苏烈"
蔡文姬,苏烈,17,阵营2 胜利,"哪吒,不知火舞,戈娅,裴擒虎,蔡文姬","达摩,女娲,蚩奼,孙悟空,苏烈"
蔡文姬,苏烈,18,阵营1 胜利,"钟无艳,海月,虞姬,猪八戒,蔡文姬","达摩,海诺,元流之子(射手),阿古朵,苏烈"
蔡文姬,苏烈,19,阵营2 胜利,"蒙恬,沈梦溪,莱西奥,铠,蔡文姬","影,女娲,孙尚香,李白,苏烈"
蔡文姬,明世隐,1,阵营2 胜利,"貂蝉,甄姬,蚩奼,阿古朵,蔡文姬","影,嫦娥,元流之子(射手),韩信,明世隐"
蔡文姬,明世隐,2,阵营1 胜利,"杨戬,海月,虞姬,百里玄策,蔡文姬","孙策,嫦娥,元流之子(射手),韩信,明世隐"
蔡文姬,明世隐,3,阵营2 胜利,"孙策,小乔,虞姬,阿古朵,明世隐","狂铁,海诺,后羿,诸葛亮,蔡文姬"
蔡文姬,明世隐,4,阵营2 胜利,"关羽,大乔,元流之子(射手),马超,蔡文姬","哪吒,貂蝉,敖隐,宫本武藏,明世隐"
蔡文姬,明世隐,5,阵营2 胜利,"关羽,西施,狄仁杰,裴擒虎,明世隐","蚩奼,弈星,元流之子(射手),橘右京,蔡文姬"
蔡文姬,明世隐,6,阵营2 胜利,"蚩奼,西施,元流之子(射手),暃,蔡文姬","夏洛特,上官婉儿,狄仁杰,阿古朵,明世隐"
蔡文姬,明世隐,7,阵营1 胜利,"哪吒,甄姬,戈娅,裴擒虎,明世隐","蒙恬,沈梦溪,虞姬,赵云,蔡文姬"
蔡文姬,明世隐,8,阵营2 胜利,"芈月,元流之子(法师),蚩奼,李白,蔡文姬","达摩,海月,元流之子(射手),铠,明世隐"
蔡文姬,明世隐,9,阵营1 胜利,"关羽,海诺,元流之子(射手),铠,明世隐","狂铁,貂蝉,虞姬,马超,蔡文姬"
蔡文姬,明世隐,10,阵营2 胜利,"哪吒,海诺,公孙离,裴擒虎,明世隐","影,诸葛亮,蚩奼,司马懿,蔡文姬"
蔡文姬,明世隐,11,阵营2 胜利,"兰陵王,沈梦溪,敖隐,赵云,蔡文姬","司空震,米莱狄,后羿,影,明世隐"
蔡文姬,瑶,1,阵营1 胜利,"狂铁,小乔,孙尚香,云中君,蔡文姬","白起,沈梦溪,马可波罗,韩信,瑶"
蔡文姬,瑶,2,阵营1 胜利,"兰陵王,沈梦溪,敖隐,孙悟空,瑶","关羽,嫦娥,后羿,宫本武藏,蔡文姬"
蔡文姬,瑶,3,阵营1 胜利,"姬小满,诸葛亮,元流之子(射手),暃,蔡文姬","老夫子,沈梦溪,公孙离,马超,瑶"
蔡文姬,瑶,4,阵营1 胜利,"狂铁,女娲,戈娅,曜,瑶","杨戬,小乔,蚩奼,孙悟空,蔡文姬"
蔡文姬,瑶,5,阵营1 胜利,"狂铁,上官婉儿,元流之子(射手),典韦,蔡文姬","钟无艳,沈梦溪,苍,赵云,瑶"
蔡文姬,瑶,6,阵营2 胜利,"老夫子,女娲,狄仁杰,韩信,瑶","影,海月,孙尚香,李白,蔡文姬"
蔡文姬,瑶,7,阵营2 胜利,"蒙恬,女娲,百里守约,暃,瑶","影,沈梦溪,戈娅,裴擒虎,蔡文姬"
蔡文姬,瑶,8,阵营2 胜利,"元歌,海月,虞姬,裴擒虎,蔡文姬","曹操,嫦娥,蚩奼,韩信,瑶"
蔡文姬,瑶,9,阵营1 胜利,"蒙恬,嫦娥,元流之子(射手),阿古朵,蔡文姬","影,海诺,戈娅,镜,瑶"
蔡文姬,瑶,10,阵营2 胜利,"司空震,武则天,戈娅,猪八戒,瑶","元歌,甄姬,虞姬,孙悟空,蔡文姬"
蔡文姬,瑶,11,阵营1 胜利,"芈月,诸葛亮,蚩奼,孙悟空,瑶","影,小乔,元流之子(射手),铠,蔡文姬"
蔡文姬,瑶,12,阵营1 胜利,"哪吒,沈梦溪,公孙离,云缨,蔡文姬","司空震,海月,元流之子(射手),韩信,瑶"
蔡文姬,瑶,13,阵营1 胜利,"貂蝉,甄姬,蚩奼,马超,瑶","赵怀真,沈梦溪,元流之子(射手),暃,蔡文姬"
蔡文姬,瑶,14,阵营1 胜利,"哪吒,小乔,李信,韩信,瑶","夏洛特,大乔,孙权,阿轲,蔡文姬"
蔡文姬,瑶,15,阵营2 胜利,"老夫子,甄姬,元流之子(射手),司马懿,蔡文姬","花木兰,沈梦溪,鲁班七号,赵云,瑶"
蔡文姬,瑶,16,阵营1 胜利,"盘古,沈梦溪,戈娅,司马懿,蔡文姬","白起,武则天,公孙离,暃,瑶"
蔡文姬,瑶,17,阵营1 胜利,"姬小满,嫦娥,公孙离,百里玄策,瑶","兰陵王,女娲,元流之子(射手),孙悟空,蔡文姬"
蔡文姬,瑶,18,阵营1 胜利,"老夫子,小乔,李元芳,马超,瑶","花木兰,沈梦溪,虞姬,云缨,蔡文姬"
蔡文姬,瑶,19,阵营2 胜利,"孙策,沈梦溪,元流之子(射手),孙悟空,瑶","司空震,干将莫邪,孙权,铠,蔡文姬"
蔡文姬,盾山,1,阵营1 胜利,"司空震,小乔,狄仁杰,暃,盾山","哪吒,西施,蚩奼,李元芳,蔡文姬"
蔡文姬,盾山,2,阵营1 胜利,"曹操,弈星,百里守约,曜,盾山","狂铁,不知火舞,蚩奼,镜,蔡文姬"
蔡文姬,盾山,3,阵营1 胜利,"猪八戒,诸葛亮,蚩奼,阿古朵,蔡文姬","狂铁,女娲,狄仁杰,橘右京,盾山"
蔡文姬,盾山,4,阵营2 胜利,"老夫子,甄姬,敖隐,露娜,盾山","孙策,大乔,李信,铠,蔡文姬"
蔡文姬,盾山,5,阵营1 胜利,"项羽,上官婉儿,鲁班七号,镜,盾山","马超,不知火舞,艾琳,云缨,蔡文姬"
蔡文姬,盾山,6,阵营2 胜利,"司空震,小乔,伽罗,司马懿,蔡文姬","廉颇,甄姬,艾琳,宫本武藏,盾山"
蔡文姬,盾山,7,阵营1 胜利,"芈月,沈梦溪,狄仁杰,大司命,盾山","元歌,女娲,蚩奼,云缨,蔡文姬"
蔡文姬,盾山,8,阵营2 胜利,"芈月,貂蝉,虞姬,典韦,盾山","老夫子,高渐离,百里守约,澜,蔡文姬"
蔡文姬,盾山,9,阵营2 胜利,"关羽,沈梦溪,戈娅,哪吒,蔡文姬","刘邦,小乔,艾琳,元流之子(刺客),盾山"
蔡文姬,盾山,10,阵营2 胜利,"狂铁,女娲,蒙犽,镜,蔡文姬","关羽,不知火舞,艾琳,暃,盾山"
蔡文姬,盾山,11,阵营1 胜利,"元歌,武则天,元流之子(射手),裴擒虎,蔡文姬","关羽,上官婉儿,艾琳,云缨,盾山"
蔡文姬,盾山,12,阵营2 胜利,"元歌,干将莫邪,艾琳,梦奇,盾山","关羽,杨玉环,元流之子(射手),宫本武藏,蔡文姬"
蔡文姬,盾山,13,阵营1 胜利,"蒙恬,弈星,蚩奼,赵云,盾山","狂铁,不知火舞,元流之子(射手),阿古朵,蔡文姬"
蔡文姬,盾山,14,阵营1 胜利,"哪吒,嫦娥,李信,元流之子(刺客),盾山","花木兰,高渐离,公孙离,铠,蔡文姬"
蔡文姬,盾山,15,阵营1 胜利,"哪吒,貂蝉,艾琳,暃,盾山","芈月,弈星,蚩奼,阿古朵,蔡文姬"
蔡文姬,盾山,16,阵营2 胜利,"狂铁,周瑜,艾琳,阿古朵,盾山","司空震,武则天,元流之子(射手),杨戬,蔡文姬"
蔡文姬,盾山,17,阵营2 胜利,"关羽,甄姬,李元芳,马超,盾山","姬小满,女娲,戈娅,孙悟空,蔡文姬"
蔡文姬,盾山,18,阵营1 胜利,"蚩奼,大乔,虞姬,赵云,盾山","关羽,沈梦溪,李信,孙悟空,蔡文姬"
蔡文姬,盾山,19,阵营1 胜利,"蒙恬,甄姬,鲁班七号,韩信,盾山","老夫子,不知火舞,元流之子(射手),大司命,蔡文姬"
蔡文姬,西施,1,阵营2 胜利,"孙策,诸葛亮,敖隐,娜可露露,西施","项羽,元流之子(法师),百里守约,暃,蔡文姬"
蔡文姬,西施,2,阵营2 胜利,"关羽,嫦娥,戈娅,阿古朵,蔡文姬","夏洛特,小乔,元流之子(射手),镜,西施"
蔡文姬,西施,3,阵营2 胜利,"马超,不知火舞,元流之子(射手),大司命,西施","司空震,嬴政,后羿,百里玄策,蔡文姬"
蔡文姬,西施,4,阵营1 胜利,"达摩,嫦娥,艾琳,阿轲,西施","司空震,小乔,公孙离,铠,蔡文姬"
蔡文姬,西施,5,阵营1 胜利,"夏洛特,海月,敖隐,诸葛亮,蔡文姬","马超,不知火舞,元流之子(射手),铠,西施"
蔡文姬,西施,6,阵营2 胜利,"元歌,嫦娥,元流之子(射手),裴擒虎,西施","马超,元流之子(法师),百里守约,镜,蔡文姬"
蔡文姬,西施,7,阵营2 胜利,"老夫子,女娲,孙尚香,雅典娜,西施","马超,甄姬,孙权,元流之子(刺客),蔡文姬"
蔡文姬,鲁班大师,1,阵营1 胜利,"马超,海月,元流之子(射手),赵云,蔡文姬","孙策,嬴政,公孙离,元流之子(刺客),鲁班大师"
蔡文姬,鲁班大师,2,阵营2 胜利,"蒙恬,元流之子(法师),公孙离,哪吒,蔡文姬","曹操,弈星,狄仁杰,元流之子(刺客),鲁班大师"
蔡文姬,鲁班大师,3,阵营2 胜利,"关羽,杨玉环,元流之子(射手),韩信,鲁班大师","曹操,不知火舞,公孙离,裴擒虎,蔡文姬"
蔡文姬,鲁班大师,4,阵营2 胜利,"蚩奼,安琪拉,公孙离,孙悟空,鲁班大师","亚瑟,沈梦溪,元流之子(射手),盘古,蔡文姬"
蔡文姬,鲁班大师,5,阵营1 胜利,"马超,姜子牙,蚩奼,云中君,蔡文姬","哪吒,嫦娥,孙权,诸葛亮,鲁班大师"
蔡文姬,鲁班大师,6,阵营2 胜利,"影,西施,元流之子(射手),典韦,蔡文姬","杨戬,沈梦溪,李信,司马懿,鲁班大师"
蔡文姬,鲁班大师,7,阵营1 胜利,"元歌,嫦娥,狄仁杰,橘右京,鲁班大师","夏洛特,貂蝉,蒙犽,李元芳,蔡文姬"
蔡文姬,鲁班大师,8,阵营1 胜利,"哪吒,杨玉环,孙尚香,阿古朵,蔡文姬","狂铁,小乔,孙权,云缨,鲁班大师"
蔡文姬,鲁班大师,9,阵营2 胜利,"元歌,上官婉儿,元流之子(射手),云缨,鲁班大师","哪吒,诸葛亮,孙权,镜,蔡文姬"
蔡文姬,鲁班大师,10,阵营1 胜利,"吕布,海月,元流之子(射手),韩信,蔡文姬","老夫子,女娲,公孙离,宫本武藏,鲁班大师"
蔡文姬,鲁班大师,11,阵营2 胜利,"关羽,周瑜,元流之子(射手),百里玄策,鲁班大师","姬小满,诸葛亮,狄仁杰,元流之子(刺客),蔡文姬"
蔡文姬,鲁班大师,12,阵营2 胜利,"老夫子,诸葛亮,元流之子(射手),大司命,鲁班大师","蚩奼,嫦娥,戈娅,云中君,蔡文姬"
蔡文姬,鲁班大师,13,阵营1 胜利,"马超,西施,敖隐,李白,鲁班大师","杨戬,杨玉环,元流之子(射手),裴擒虎,蔡文姬"
蔡文姬,鲁班大师,14,阵营2 胜利,"狂铁,女娲,蚩奼,马超,鲁班大师","哪吒,元流之子(法师),公孙离,孙悟空,蔡文姬"
蔡文姬,鲁班大师,15,阵营1 胜利,"元歌,嫦娥,蚩奼,裴擒虎,鲁班大师","曹操,周瑜,元流之子(射手),橘右京,蔡文姬"
蔡文姬,鲁班大师,16,阵营2 胜利,"影,诸葛亮,元流之子(射手),裴擒虎,蔡文姬","花木兰,嫦娥,戈娅,赵云,鲁班大师"
蔡文姬,鲁班大师,17,阵营1 胜利,"夏洛特,不知火舞,元流之子(射手),暃,鲁班大师","白起,貂蝉,戈娅,镜,蔡文姬"
蔡文姬,鲁班大师,18,阵营1 胜利,"元歌,武则天,马可波罗,云缨,鲁班大师","影,弈星,蚩奼,韩信,蔡文姬"
蔡文姬,鲁班大师,19,阵营2 胜利,"曹操,甄姬,狄仁杰,典韦,鲁班大师","元流之子(坦克),不知火舞,黄忠,宫本武藏,蔡文姬"
蔡文姬,桑启,1,阵营1 胜利,"钟无艳,西施,敖隐,裴擒虎,蔡文姬","哪吒,小乔,后羿,暃,桑启"
蔡文姬,桑启,2,阵营1 胜利,"哪吒,沈梦溪,戈娅,百里玄策,桑启","亚瑟,诸葛亮,元流之子(射手),典韦,蔡文姬"
蔡文姬,桑启,3,阵营1 胜利,"姬小满,杨玉环,公孙离,阿古朵,桑启","白起,弈星,戈娅,镜,蔡文姬"
蔡文姬,桑启,4,阵营2 胜利,"夏洛特,干将莫邪,戈娅,云缨,桑启","蚩奼,海诺,后羿,裴擒虎,蔡文姬"
蔡文姬,桑启,5,阵营2 胜利,"狂铁,安琪拉,元流之子(射手),司马懿,蔡文姬","司空震,沈梦溪,孙权,镜,桑启"
蔡文姬,桑启,6,阵营2 胜利,"影,大乔,后羿,赵云,桑启","马超,甄姬,元流之子(射手),暃,蔡文姬"
蔡文姬,桑启,7,阵营2 胜利,"花木兰,沈梦溪,孙权,裴擒虎,蔡文姬","亚连,诸葛亮,戈娅,元流之子(刺客),桑启"
蔡文姬,桑启,8,阵营2 胜利,"孙策,嫦娥,元流之子(射手),大司命,桑启","白起,沈梦溪,孙权,裴擒虎,蔡文姬"
蔡文姬,桑启,9,阵营1 胜利,"元歌,沈梦溪,戈娅,赵云,蔡文姬","关羽,女娲,艾琳,橘右京,桑启"
蔡文姬,桑启,10,阵营1 胜利,"芈月,小乔,戈娅,阿古朵,蔡文姬","曹操,海月,元流之子(射手),镜,桑启"
蔡文姬,桑启,11,阵营1 胜利,"蒙恬,沈梦溪,艾琳,雅典娜,蔡文姬","哪吒,不知火舞,虞姬,孙悟空,桑启"
蔡文姬,桑启,12,阵营1 胜利,"马超,姜子牙,孙权,大司命,蔡文姬","蚩奼,高渐离,敖隐,暃,桑启"
蔡文姬,桑启,13,阵营2 胜利,"姬小满,女娲,蚩奼,孙悟空,蔡文姬","元歌,高渐离,百里守约,韩信,桑启"
蔡文姬,桑启,14,阵营1 胜利,"老夫子,上官婉儿,戈娅,暃,蔡文姬","哪吒,甄姬,百里守约,露娜,桑启"
蔡文姬,桑启,15,阵营2 胜利,"关羽,杨玉环,孙权,韩信,蔡文姬","蒙恬,嫦娥,戈娅,典韦,桑启"
蔡文姬,桑启,16,阵营1 胜利,"蒙恬,嫦娥,后羿,裴擒虎,蔡文姬","元歌,女娲,公孙离,阿古朵,桑启"
蔡文姬,桑启,17,阵营2 胜利,"狂铁,不知火舞,元流之子(射手),阿古朵,蔡文姬","曹操,大乔,孙权,镜,桑启"
蔡文姬,桑启,18,阵营2 胜利,"孙策,女娲,后羿,马超,蔡文姬","曹操,不知火舞,虞姬,云缨,桑启"
蔡文姬,桑启,19,阵营1 胜利,"花木兰,嫦娥,李元芳,盘古,蔡文姬","狂铁,大乔,孙权,百里玄策,桑启"
蔡文姬,赵怀真,1,阵营2 胜利,"狂铁,女娲,敖隐,杨戬,赵怀真","哪吒,甄姬,李信,裴擒虎,蔡文姬"
蔡文姬,赵怀真,2,阵营2 胜利,"哪吒,干将莫邪,元流之子(射手),马超,蔡文姬","关羽,嫦娥,敖隐,裴擒虎,赵怀真"
蔡文姬,赵怀真,3,阵营1 胜利,"芈月,甄姬,戈娅,阿轲,赵怀真","蒙恬,沈梦溪,公孙离,大司命,蔡文姬"
蔡文姬,赵怀真,4,阵营1 胜利,"老夫子,沈梦溪,戈娅,铠,蔡文姬","孙策,小乔,元流之子(射手),镜,赵怀真"
蔡文姬,赵怀真,5,阵营2 胜利,"白起,安琪拉,公孙离,韩信,蔡文姬","元歌,沈梦溪,虞姬,雅典娜,赵怀真"
蔡文姬,赵怀真,6,阵营2 胜利,"蒙恬,武则天,扁鹊,大司命,蔡文姬","蚩奼,貂蝉,戈娅,橘右京,赵怀真"
蔡文姬,赵怀真,7,阵营2 胜利,"芈月,诸葛亮,元流之子(射手),暃,赵怀真","花木兰,干将莫邪,敖隐,铠,蔡文姬"
蔡文姬,赵怀真,8,阵营2 胜利,"影,海诺,阿古朵,裴擒虎,蔡文姬","司空震,貂蝉,元流之子(射手),云缨,赵怀真"
蔡文姬,赵怀真,9,阵营1 胜利,"曹操,女娲,敖隐,铠,赵怀真","猪八戒,海诺,元流之子(射手),暃,蔡文姬"
蔡文姬,赵怀真,10,阵营1 胜利,"孙策,沈梦溪,公孙离,橘右京,蔡文姬","蚩奼,女娲,敖隐,百里玄策,赵怀真"
蔡文姬,赵怀真,11,阵营2 胜利,"夏洛特,不知火舞,敖隐,宫本武藏,赵怀真","狂铁,杨玉环,蒙犽,裴擒虎,蔡文姬"
蔡文姬,赵怀真,12,阵营2 胜利,"曹操,女娲,元流之子(射手),澜,赵怀真","亚瑟,小乔,莱西奥,百里玄策,蔡文姬"
蔡文姬,赵怀真,13,阵营1 胜利,"影,不知火舞,元流之子(射手),橘右京,赵怀真","大司命,嬴政,蚩奼,阿古朵,蔡文姬"
蔡文姬,赵怀真,14,阵营1 胜利,"亚瑟,高渐离,孙权,韩信,蔡文姬","蚩奼,武则天,虞姬,阿古朵,赵怀真"
蔡文姬,赵怀真,15,阵营1 胜利,"姬小满,沈梦溪,公孙离,司马懿,赵怀真","狂铁,貂蝉,艾琳,宫本武藏,蔡文姬"
蔡文姬,赵怀真,16,阵营1 胜利,"曹操,沈梦溪,孙权,元流之子(刺客),蔡文姬","影,不知火舞,元流之子(射手),韩信,赵怀真"
蔡文姬,赵怀真,17,阵营1 胜利,"花木兰,西施,艾琳,云缨,赵怀真","兰陵王,武则天,敖隐,曜,蔡文姬"
蔡文姬,赵怀真,18,阵营2 胜利,"亚连,海诺,艾琳,马超,赵怀真","项羽,海月,李信,镜,蔡文姬"
蔡文姬,赵怀真,19,阵营2 胜利,"曹操,嫦娥,虞姬,韩信,蔡文姬","司空震,女娲,蚩奼,雅典娜,赵怀真"
蔡文姬,空空儿,1,阵营1 胜利,"哪吒,大乔,虞姬,裴擒虎,空空儿","影,女娲,元流之子(射手),露娜,蔡文姬"
蔡文姬,空空儿,2,阵营2 胜利,"元歌,貂蝉,孙权,大司命,空空儿","花木兰,沈梦溪,元流之子(射手),裴擒虎,蔡文姬"
蔡文姬,空空儿,3,阵营2 胜利,"花木兰,嫦娥,孙权,雅典娜,蔡文姬","元歌,貂蝉,蚩奼,马超,空空儿"
蔡文姬,空空儿,4,阵营2 胜利,"元歌,女娲,公孙离,韩信,蔡文姬","夏洛特,武则天,元流之子(射手),孙悟空,空空儿"
蔡文姬,空空儿,5,阵营1 胜利,"关羽,弈星,百里守约,马超,蔡文姬","司空震,嫦娥,孙权,宫本武藏,空空儿"
蔡文姬,空空儿,6,阵营2 胜利,"芈月,诸葛亮,百里守约,元流之子(坦克),空空儿","元歌,嫦娥,艾琳,雅典娜,蔡文姬"
蔡文姬,空空儿,7,阵营1 胜利,"哪吒,甄姬,孙权,暃,空空儿","蚩奼,貂蝉,公孙离,阿古朵,蔡文姬"
蔡文姬,空空儿,8,阵营1 胜利,"元歌,女娲,孙权,澜,蔡文姬","关羽,沈梦溪,后羿,云缨,空空儿"
蔡文姬,空空儿,9,阵营1 胜利,"狂铁,沈梦溪,元流之子(射手),裴擒虎,空空儿","老夫子,海诺,元歌,镜,蔡文姬"
蔡文姬,空空儿,10,阵营2 胜利,"夏洛特,沈梦溪,蚩奼,裴擒虎,蔡文姬","关羽,海月,元流之子(射手),百里玄策,空空儿"
蔡文姬,空空儿,11,阵营1 胜利,"关羽,海诺,公孙离,马超,蔡文姬","达摩,甄姬,戈娅,宫本武藏,空空儿"
蔡文姬,空空儿,12,阵营2 胜利,"关羽,诸葛亮,元流之子(射手),裴擒虎,空空儿","曹操,干将莫邪,戈娅,铠,蔡文姬"
蔡文姬,空空儿,13,阵营1 胜利,"白起,杨玉环,孙权,大司命,空空儿","马超,武则天,戈娅,露娜,蔡文姬"
蔡文姬,空空儿,14,阵营2 胜利,"曹操,高渐离,艾琳,元流之子(坦克),空空儿","白起,沈梦溪,孙权,露娜,蔡文姬"
蔡文姬,空空儿,15,阵营1 胜利,"狂铁,武则天,元流之子(射手),云缨,蔡文姬","白起,女娲,百里守约,铠,空空儿"
蔡文姬,空空儿,16,阵营1 胜利,,未集齐10人
蔡文姬,空空儿,17,阵营2 胜利,,未集齐10人
蔡文姬,空空儿,18,阵营1 胜利,"亚连,不知火舞,敖隐,兰陵王,空空儿","孙策,嬴政,百里守约,铠,蔡文姬"
蔡文姬,空空儿,19,阵营2 胜利,"蒙恬,嫦娥,孙权,韩信,空空儿","老夫子,小乔,戈娅,马超,蔡文姬"
蔡文姬,少司缘,1,阵营1 胜利,"曹操,上官婉儿,李信,司马懿,蔡文姬","孙悟空,西施,孙权,韩信,少司缘"
蔡文姬,少司缘,2,阵营1 胜利,"项羽,女娲,后羿,赵云,蔡文姬","哪吒,西施,元流之子(射手),裴擒虎,少司缘"
蔡文姬,少司缘,3,阵营1 胜利,"达摩,不知火舞,孙权,赵云,少司缘","曹操,海月,李信,孙悟空,蔡文姬"
蔡文姬,少司缘,4,阵营1 胜利,"夏洛特,甄姬,后羿,李元芳,少司缘","白起,不知火舞,元流之子(射手),暃,蔡文姬"
蔡文姬,少司缘,5,阵营1 胜利,"影,海月,戈娅,典韦,蔡文姬","孙策,沈梦溪,元流之子(射手),盘古,少司缘"
蔡文姬,少司缘,6,阵营2 胜利,"影,甄姬,孙权,韩信,少司缘","哪吒,小乔,蚩奼,赵云,蔡文姬"
蔡文姬,少司缘,7,阵营2 胜利,"老夫子,沈梦溪,蚩奼,宫本武藏,蔡文姬","狂铁,诸葛亮,戈娅,裴擒虎,少司缘"
蔡文姬,少司缘,8,阵营2 胜利,"元歌,小乔,元流之子(射手),铠,少司缘","老夫子,弈星,李信,诸葛亮,蔡文姬"
蔡文姬,少司缘,9,阵营1 胜利,"哪吒,王昭君,元流之子(射手),云缨,蔡文姬","夏洛特,杨玉环,蚩奼,裴擒虎,少司缘"
蔡文姬,少司缘,10,阵营1 胜利,"老夫子,大乔,元流之子(射手),诸葛亮,蔡文姬","曹操,甄姬,蚩奼,猪八戒,少司缘"
蔡文姬,少司缘,11,阵营2 胜利,"关羽,金蝉,戈娅,露娜,少司缘","马超,杨玉环,孙权,杨戬,蔡文姬"
蔡文姬,少司缘,12,阵营1 胜利,"曹操,女娲,艾琳,李元芳,蔡文姬","狂铁,西施,戈娅,哪吒,少司缘"
蔡文姬,少司缘,13,阵营1 胜利,"元歌,杨玉环,蚩奼,暃,少司缘","哪吒,嫦娥,元流之子(射手),阿古朵,蔡文姬"
蔡文姬,少司缘,14,阵营2 胜利,"关羽,甄姬,敖隐,云缨,蔡文姬","花木兰,嫦娥,艾琳,司马懿,少司缘"
蔡文姬,少司缘,15,阵营2 胜利,"夏侯惇,海诺,敖隐,铠,少司缘","司空震,嬴政,狄仁杰,阿古朵,蔡文姬"
蔡文姬,少司缘,16,阵营1 胜利,"元歌,墨子,虞姬,马超,少司缘","哪吒,不知火舞,老夫子,雅典娜,蔡文姬"
蔡文姬,少司缘,17,阵营1 胜利,"老夫子,西施,元流之子(射手),杨戬,少司缘","蒙恬,大乔,蚩奼,诸葛亮,蔡文姬"
蔡文姬,少司缘,18,阵营2 胜利,"狂铁,不知火舞,敖隐,韩信,少司缘","马超,武则天,虞姬,李白,蔡文姬"
蔡文姬,少司缘,19,阵营2 胜利,"影,海月,公孙离,镜,少司缘","司空震,女娲,元流之子(射手),暃,蔡文姬"
蔡文姬,元流之子(坦克),1,阵营2 胜利,"影,大乔,李信,铠,蔡文姬","狂铁,高渐离,鲁班七号,百里玄策,元流之子(坦克)"
蔡文姬,元流之子(坦克),2,阵营2 胜利,"哪吒,貂蝉,公孙离,司马懿,蔡文姬","杨戬,嫦娥,戈娅,刘备,元流之子(坦克)"
蔡文姬,元流之子(坦克),3,阵营2 胜利,"蒙恬,海月,艾琳,大司命,元流之子(坦克)","哪吒,弈星,元流之子(射手),韩信,蔡文姬"
蔡文姬,元流之子(坦克),4,阵营1 胜利,"马超,甄姬,孙尚香,暃,元流之子(坦克)","蒙恬,诸葛亮,莱西奥,曹操,蔡文姬"
蔡文姬,元流之子(坦克),5,阵营2 胜利,"老夫子,嫦娥,戈娅,马超,元流之子(坦克)","哪吒,武则天,孙权,铠,蔡文姬"
蔡文姬,元流之子(坦克),6,阵营2 胜利,"夏洛特,小乔,公孙离,露娜,元流之子(坦克)","司空震,沈梦溪,蚩奼,镜,蔡文姬"
蔡文姬,元流之子(坦克),7,阵营2 胜利,"狂铁,貂蝉,元流之子(射手),镜,蔡文姬","蚩奼,王昭君,苍,杨戬,元流之子(坦克)"
蔡文姬,元流之子(坦克),8,阵营2 胜利,"影,沈梦溪,扁鹊,赵云,元流之子(坦克)","司空震,诸葛亮,李信,裴擒虎,蔡文姬"
蔡文姬,元流之子(坦克),9,阵营1 胜利,"花木兰,杨玉环,元流之子(射手),诸葛亮,蔡文姬","曹操,大乔,公孙离,百里玄策,元流之子(坦克)"
蔡文姬,元流之子(坦克),10,阵营2 胜利,"元歌,甄姬,蚩奼,暃,蔡文姬","曹操,嫦娥,公孙离,韩信,元流之子(坦克)"
蔡文姬,元流之子(坦克),11,阵营1 胜利,"哪吒,不知火舞,敖隐,赵云,蔡文姬","影,沈梦溪,虞姬,孙悟空,元流之子(坦克)"
蔡文姬,元流之子(坦克),12,阵营2 胜利,"马超,嬴政,公孙离,阿古朵,蔡文姬","老夫子,弈星,戈娅,云缨,元流之子(坦克)"
蔡文姬,元流之子(坦克),13,阵营1 胜利,"蚩奼,海诺,元流之子(射手),大司命,蔡文姬","兰陵王,沈梦溪,艾琳,云缨,元流之子(坦克)"
蔡文姬,元流之子(坦克),14,阵营1 胜利,,未集齐10人
蔡文姬,元流之子(坦克),15,阵营1 胜利,"马超,女娲,戈娅,元流之子(刺客),蔡文姬","老夫子,杨玉环,苍,影,裴擒虎"
蔡文姬,元流之子(坦克),16,阵营2 胜利,"蒙恬,安琪拉,戈娅,孙悟空,蔡文姬","元歌,王昭君,孙权,裴擒虎,元流之子(坦克)"
蔡文姬,元流之子(坦克),17,阵营2 胜利,"花木兰,上官婉儿,元流之子(射手),孙悟空,蔡文姬","关羽,武则天,戈娅,宫本武藏,元流之子(坦克)"
蔡文姬,元流之子(坦克),18,阵营1 胜利,"影,米莱狄,孙权,曜,蔡文姬","哪吒,女娲,蚩奼,宫本武藏,元流之子(坦克)"
蔡文姬,元流之子(坦克),19,阵营1 胜利,"元歌,大乔,孙尚香,曜,蔡文姬","曹操,沈梦溪,李信,影,元流之子(坦克)"
蔡文姬,元流之子(辅助),1,阵营2 胜利,"曹操,海月,老夫子,哪吒,元流之子(辅助)","狂铁,大乔,李信,裴擒虎,蔡文姬"
蔡文姬,元流之子(辅助),2,阵营2 胜利,"蒙恬,杨玉环,敖隐,镜,蔡文姬","狂铁,嫦娥,虞姬,雅典娜,元流之子(辅助)"
蔡文姬,元流之子(辅助),3,阵营1 胜利,"狂铁,海诺,孙权,裴擒虎,蔡文姬","蒙恬,周瑜,狄仁杰,孙悟空,元流之子(辅助)"
蔡文姬,元流之子(辅助),4,阵营1 胜利,"杨戬,沈梦溪,敖隐,马超,蔡文姬","哪吒,小乔,扁鹊,猪八戒,元流之子(辅助)"
蔡文姬,元流之子(辅助),5,阵营2 胜利,"元歌,不知火舞,艾琳,宫本武藏,蔡文姬","影,弈星,戈娅,裴擒虎,元流之子(辅助)"
蔡文姬,元流之子(辅助),6,阵营1 胜利,"老夫子,不知火舞,敖隐,赵云,蔡文姬","哪吒,杨玉环,后羿,镜,元流之子(辅助)"
蔡文姬,元流之子(辅助),7,阵营1 胜利,"老夫子,女娲,鲁班七号,大司命,元流之子(辅助)","关羽,不知火舞,戈娅,裴擒虎,蔡文姬"
蔡文姬,元流之子(辅助),8,阵营1 胜利,"影,嫦娥,蚩奼,暃,蔡文姬","橘右京,大乔,虞姬,杨戬,元流之子(辅助)"
蔡文姬,元流之子(辅助),9,阵营1 胜利,"花木兰,大乔,艾琳,百里玄策,蔡文姬","老夫子,武则天,戈娅,暃,元流之子(辅助)"
蔡文姬,元流之子(辅助),10,阵营1 胜利,"夏洛特,沈梦溪,敖隐,刘备,元流之子(辅助)","杨戬,小乔,戈娅,曜,蔡文姬"
蔡文姬,元流之子(辅助),11,阵营2 胜利,"狂铁,沈梦溪,敖隐,云缨,蔡文姬","杨戬,甄姬,孙权,雅典娜,元流之子(辅助)"
蔡文姬,元流之子(辅助),12,阵营2 胜利,"猪八戒,嫦娥,公孙离,暃,蔡文姬","关羽,女娲,蚩奼,阿轲,元流之子(辅助)"
蔡文姬,元流之子(辅助),13,阵营2 胜利,"亚连,元流之子(法师),莱西奥,雅典娜,蔡文姬","孙策,海月,虞姬,百里玄策,元流之子(辅助)"
蔡文姬,元流之子(辅助),14,阵营2 胜利,"蒙恬,沈梦溪,艾琳,孙悟空,蔡文姬","影,西施,狄仁杰,橘右京,元流之子(辅助)"
蔡文姬,元流之子(辅助),15,阵营1 胜利,"夏洛特,大乔,狄仁杰,曜,元流之子(辅助)","曹操,上官婉儿,元流之子(射手),司马懿,蔡文姬"
蔡文姬,元流之子(辅助),16,阵营1 胜利,"马超,甄姬,敖隐,大司命,元流之子(辅助)","老夫子,武则天,公孙离,裴擒虎,蔡文姬"
蔡文姬,元流之子(辅助),17,阵营2 胜利,"夏侯惇,沈梦溪,元流之子(射手),铠,蔡文姬","蒙恬,杨玉环,狄仁杰,澜,元流之子(辅助)"
蔡文姬,元流之子(辅助),18,阵营2 胜利,"司空震,不知火舞,蚩奼,韩信,元流之子(辅助)","曹操,西施,戈娅,刘备,蔡文姬"
蔡文姬,元流之子(辅助),19,阵营2 胜利,"老夫子,大乔,虞姬,暃,元流之子(辅助)","狂铁,海月,元流之子(射手),典韦,蔡文姬"
太乙真人,东皇太一,1,阵营2 胜利,"关羽,小乔,敖隐,哪吒,东皇太一","花木兰,西施,苍,镜,太乙真人"
太乙真人,东皇太一,2,阵营1 胜利,"曹操,大乔,蚩奼,娜可露露,东皇太一","兰陵王,女娲,虞姬,刘备,太乙真人"
太乙真人,东皇太一,3,阵营1 胜利,"老夫子,嫦娥,蚩奼,孙悟空,东皇太一","夏洛特,高渐离,李信,镜,太乙真人"
太乙真人,东皇太一,4,阵营1 胜利,"哪吒,小乔,敖隐,橘右京,东皇太一","芈月,安琪拉,苍,镜,太乙真人"
太乙真人,东皇太一,5,阵营2 胜利,"关羽,沈梦溪,戈娅,镜,东皇太一","狂铁,金蝉,公孙离,阿轲,太乙真人"
太乙真人,东皇太一,6,阵营2 胜利,"狂铁,女娲,戈娅,云缨,太乙真人","姬小满,貂蝉,公孙离,暃,东皇太一"
太乙真人,东皇太一,7,阵营2 胜利,"狂铁,小乔,元流之子(射手),百里玄策,东皇太一","司空震,海诺,公孙离,杨戬,太乙真人"
太乙真人,东皇太一,8,阵营2 胜利,"蒙恬,海诺,孙尚香,宫本武藏,太乙真人","关羽,甄姬,公孙离,杨戬,东皇太一"
太乙真人,东皇太一,9,阵营1 胜利,"元歌,貂蝉,李信,孙悟空,太乙真人","关羽,诸葛亮,戈娅,雅典娜,东皇太一"
太乙真人,东皇太一,10,阵营1 胜利,"蒙恬,上官婉儿,戈娅,马超,东皇太一","关羽,武则天,元流之子(射手),阿轲,太乙真人"
太乙真人,东皇太一,11,阵营1 胜利,"关羽,大乔,孙权,百里玄策,东皇太一","哪吒,小乔,元流之子(射手),雅典娜,太乙真人"
太乙真人,东皇太一,12,阵营2 胜利,"老夫子,海诺,莱西奥,镜,太乙真人","蒙恬,不知火舞,元流之子(射手),刘备,东皇太一"
太乙真人,东皇太一,13,阵营2 胜利,"芈月,米莱狄,戈娅,韩信,东皇太一","兰陵王,女娲,孙权,云缨,太乙真人"
太乙真人,东皇太一,14,阵营1 胜利,"关羽,女娲,孙权,云缨,东皇太一","元歌,姜子牙,苍,镜,太乙真人"
太乙真人,东皇太一,15,阵营2 胜利,"杨戬,弈星,戈娅,阿古朵,太乙真人","狂铁,上官婉儿,敖隐,孙悟空,东皇太一"
太乙真人,东皇太一,16,阵营2 胜利,"影,甄姬,敖隐,韩信,太乙真人","蒙恬,小乔,虞姬,暃,东皇太一"
太乙真人,东皇太一,17,阵营2 胜利,"花木兰,嫦娥,李信,元流之子(刺客),东皇太一","曹操,沈梦溪,后羿,云中君,太乙真人"
太乙真人,东皇太一,18,阵营1 胜利,"蚩奼,女娲,公孙离,铠,东皇太一","元歌,诸葛亮,李信,阿古朵,太乙真人"
太乙真人,东皇太一,19,阵营2 胜利,"哪吒,武则天,元流之子(射手),赵云,东皇太一","元歌,高渐离,蚩奼,铠,太乙真人"
太乙真人,大禹,1,阵营1 胜利,"元歌,甄姬,元流之子(射手),孙悟空,大禹","马超,海诺,戈娅,盘古,太乙真人"
太乙真人,大禹,2,阵营1 胜利,"芈月,女娲,元流之子(射手),阿古朵,太乙真人","姬小满,不知火舞,戈娅,裴擒虎,大禹"
太乙真人,大禹,3,阵营2 胜利,"哪吒,海月,元流之子(射手),孙悟空,太乙真人","影,沈梦溪,司空震,赵云,大禹"
太乙真人,大禹,4,阵营2 胜利,"哪吒,沈梦溪,虞姬,典韦,大禹","影,金蝉,元流之子(射手),马超,太乙真人"
太乙真人,大禹,5,阵营1 胜利,"老夫子,元流之子(法师),李信,孙悟空,太乙真人","狂铁,不知火舞,孙权,百里玄策,大禹"
太乙真人,大禹,6,阵营2 胜利,"蒙恬,诸葛亮,苍,蚩奼,大禹","狂铁,武则天,元流之子(射手),云缨,太乙真人"
太乙真人,大禹,7,阵营2 胜利,"曹操,西施,戈娅,诸葛亮,大禹","狂铁,元流之子(法师),公孙离,裴擒虎,太乙真人"
太乙真人,大禹,8,阵营1 胜利,"钟无艳,诸葛亮,李元芳,云缨,太乙真人","夏洛特,女娲,百里守约,裴擒虎,大禹"
太乙真人,大禹,9,阵营2 胜利,"蚩奼,武则天,敖隐,铠,大禹","狂铁,西施,黄忠,阿古朵,太乙真人"
太乙真人,大禹,10,阵营1 胜利,"夏洛特,小乔,元流之子(射手),裴擒虎,大禹","马超,女娲,公孙离,澜,太乙真人"
太乙真人,大禹,11,阵营2 胜利,"老夫子,甄姬,蚩奼,阿轲,太乙真人","曹操,诸葛亮,艾琳,赵云,大禹"
太乙真人,大禹,12,阵营2 胜利,"司空震,米莱狄,蚩奼,裴擒虎,太乙真人","老夫子,女娲,公孙离,娜可露露,大禹"
太乙真人,大禹,13,阵营1 胜利,"姬小满,嫦娥,元流之子(射手),露娜,太乙真人","花木兰,小乔,李信,诸葛亮,大禹"
太乙真人,大禹,14,阵营1 胜利,"影,女娲,戈娅,马超,太乙真人","刘邦,甄姬,公孙离,孙悟空,大禹"
太乙真人,大禹,15,阵营2 胜利,"老夫子,貂蝉,元流之子(射手),云缨,太乙真人","哪吒,不知火舞,公孙离,阿古朵,大禹"
太乙真人,大禹,16,阵营2 胜利,"老夫子,甄姬,蚩奼,云缨,大禹","达摩,海诺,艾琳,镜,太乙真人"
太乙真人,大禹,17,阵营2 胜利,"关羽,沈梦溪,鲁班七号,云缨,太乙真人","花木兰,米莱狄,苍,李元芳,大禹"
太乙真人,大禹,18,阵营2 胜利,"蒙恬,大乔,敖隐,阿古朵,太乙真人","元歌,甄姬,李信,阿轲,大禹"
太乙真人,大禹,19,阵营1 胜利,"司空震,弈星,元流之子(射手),司马懿,大禹","影,杨玉环,狄仁杰,暃,太乙真人"
太乙真人,鬼谷子,1,阵营2 胜利,"元歌,诸葛亮,敖隐,裴擒虎,鬼谷子","兰陵王,西施,百里守约,李白,太乙真人"
太乙真人,鬼谷子,2,阵营1 胜利,"元歌,嫦娥,元流之子(射手),百里玄策,太乙真人","司空震,小乔,孙权,铠,鬼谷子"
太乙真人,鬼谷子,3,阵营1 胜利,"哪吒,高渐离,元流之子(射手),马超,鬼谷子","元歌,嫦娥,戈娅,娜可露露,太乙真人"
太乙真人,鬼谷子,4,阵营1 胜利,"关羽,诸葛亮,元流之子(射手),裴擒虎,鬼谷子","狂铁,海月,戈娅,镜,太乙真人"
太乙真人,鬼谷子,5,阵营2 胜利,"花木兰,诸葛亮,李信,云缨,鬼谷子","关羽,大乔,敖隐,百里玄策,太乙真人"
太乙真人,鬼谷子,6,阵营1 胜利,"关羽,不知火舞,蚩奼,孙悟空,太乙真人","项羽,沈梦溪,戈娅,澜,鬼谷子"
太乙真人,鬼谷子,7,阵营1 胜利,"马超,海月,百里守约,大司命,鬼谷子","杨戬,貂蝉,蚩奼,百里玄策,太乙真人"
太乙真人,鬼谷子,8,阵营1 胜利,"哪吒,海月,蚩奼,露娜,太乙真人","蒙恬,杨玉环,后羿,李元芳,鬼谷子"
太乙真人,鬼谷子,9,阵营2 胜利,"夏洛特,西施,李信,马超,鬼谷子","司空震,女娲,元流之子(射手),暃,太乙真人"
太乙真人,鬼谷子,10,阵营2 胜利,"狂铁,杨玉环,蚩奼,马超,鬼谷子","司空震,女娲,百里守约,百里玄策,太乙真人"
太乙真人,鬼谷子,11,阵营2 胜利,"狂铁,姜子牙,苍,诸葛亮,鬼谷子","马超,嫦娥,元流之子(射手),阿古朵,太乙真人"
太乙真人,鬼谷子,12,阵营2 胜利,"蒙恬,女娲,戈娅,赵云,鬼谷子","老夫子,诸葛亮,元流之子(射手),曜,太乙真人"
太乙真人,鬼谷子,13,阵营1 胜利,"曹操,干将莫邪,蚩奼,赵云,鬼谷子","元歌,金蝉,公孙离,澜,太乙真人"
太乙真人,鬼谷子,14,阵营1 胜利,"孙策,女娲,苍,典韦,太乙真人","花木兰,诸葛亮,公孙离,司马懿,鬼谷子"
太乙真人,鬼谷子,15,阵营2 胜利,"关羽,武则天,后羿,雅典娜,鬼谷子","达摩,海月,敖隐,韩信,太乙真人"
太乙真人,鬼谷子,16,阵营1 胜利,"影,不知火舞,马可波罗,宫本武藏,鬼谷子","曹操,大乔,孙权,刘备,太乙真人"
太乙真人,鬼谷子,17,阵营2 胜利,"曹操,不知火舞,蚩奼,铠,鬼谷子","哪吒,小乔,虞姬,杨戬,太乙真人"
太乙真人,鬼谷子,18,阵营2 胜利,"达摩,杨玉环,虞姬,暃,太乙真人","哪吒,嫦娥,蚩奼,铠,鬼谷子"
太乙真人,鬼谷子,19,阵营2 胜利,"白起,诸葛亮,公孙离,韩信,鬼谷子","狂铁,杨玉环,苍,杨戬,太乙真人"
太乙真人,大乔,1,阵营1 胜利,"蒙恬,不知火舞,戈娅,典韦,大乔","亚瑟,沈梦溪,孙权,马超,太乙真人"
太乙真人,大乔,2,阵营2 胜利,"夏洛特,甄姬,公孙离,百里玄策,大乔","白起,女娲,老夫子,李元芳,太乙真人"
太乙真人,大乔,3,阵营1 胜利,"夏洛特,西施,元流之子(射手),猪八戒,太乙真人","司空震,海诺,虞姬,镜,大乔"
太乙真人,大乔,4,阵营1 胜利,"老夫子,西施,公孙离,宫本武藏,太乙真人","姬小满,杨玉环,蚩奼,哪吒,大乔"
太乙真人,大乔,5,阵营1 胜利,"蚩奼,西施,元流之子(射手),露娜,太乙真人","司空震,女娲,后羿,镜,大乔"
太乙真人,大乔,6,阵营1 胜利,"关羽,嫦娥,蚩奼,马超,大乔","影,杨玉环,百里守约,韩信,太乙真人"
太乙真人,大乔,7,阵营1 胜利,"嫦娥,杨玉环,虞姬,阿古朵,大乔","孙策,沈梦溪,公孙离,韩信,太乙真人"
太乙真人,大乔,8,阵营1 胜利,"蒙恬,沈梦溪,敖隐,大司命,太乙真人","狂铁,貂蝉,苍,雅典娜,大乔"
太乙真人,大乔,9,阵营2 胜利,"芈月,嫦娥,孙尚香,司马懿,太乙真人","元歌,不知火舞,戈娅,李白,大乔"
太乙真人,大乔,10,阵营2 胜利,"司空震,弈星,敖隐,赵云,大乔","狂铁,嬴政,后羿,云中君,太乙真人"
太乙真人,大乔,11,阵营1 胜利,"影,女娲,鲁班七号,镜,太乙真人","白起,杨玉环,元流之子(射手),阿古朵,大乔"
太乙真人,大乔,12,阵营1 胜利,"司空震,海月,戈娅,雅典娜,大乔","曹操,不知火舞,孙权,铠,太乙真人"
太乙真人,大乔,13,阵营2 胜利,"关羽,嫦娥,苍,韩信,大乔","孙策,元流之子(法师),后羿,李白,太乙真人"
太乙真人,大乔,14,阵营1 胜利,"司空震,海诺,戈娅,铠,太乙真人","曹操,弈星,蚩奼,曜,大乔"
太乙真人,大乔,15,阵营2 胜利,"元歌,嫦娥,李信,阿古朵,大乔","杨戬,王昭君,元流之子(射手),暃,太乙真人"
太乙真人,大乔,16,阵营1 胜利,"曹操,安琪拉,公孙离,镜,大乔","关羽,武则天,元流之子(射手),马超,太乙真人"
太乙真人,大乔,17,阵营1 胜利,"海诺,女娲,后羿,百里玄策,太乙真人","司空震,武则天,李信,司马懿,大乔"
太乙真人,大乔,18,阵营2 胜利,"元歌,诸葛亮,司空震,露娜,大乔","关羽,沈梦溪,鲁班七号,百里玄策,太乙真人"
太乙真人,大乔,19,阵营2 胜利,"马超,海月,苍,宫本武藏,大乔","狂铁,高渐离,公孙离,赵云,太乙真人"
太乙真人,苏烈,1,阵营1 胜利,"影,女娲,马可波罗,暃,苏烈","司空震,西施,蒙犽,诸葛亮,太乙真人"
太乙真人,苏烈,2,阵营2 胜利,"关羽,诸葛亮,李信,孙悟空,苏烈","马超,武则天,孙权,阿古朵,太乙真人"
太乙真人,苏烈,3,阵营1 胜利,"达摩,上官婉儿,李信,阿轲,苏烈","哪吒,海诺,戈娅,铠,太乙真人"
太乙真人,苏烈,4,阵营2 胜利,"影,甄姬,戈娅,李元芳,苏烈","姬小满,小乔,元流之子(射手),诸葛亮,太乙真人"
太乙真人,苏烈,5,阵营2 胜利,"元歌,周瑜,敖隐,百里玄策,苏烈","夏洛特,海诺,狄仁杰,阿古朵,太乙真人"
太乙真人,苏烈,6,阵营2 胜利,"芈月,大乔,蚩奼,韩信,太乙真人","元歌,嫦娥,虞姬,杨戬,苏烈"
太乙真人,苏烈,7,阵营1 胜利,"曹操,武则天,蚩奼,露娜,苏烈","达摩,嫦娥,元流之子(射手),橘右京,太乙真人"
太乙真人,苏烈,8,阵营1 胜利,"杨戬,杨玉环,元流之子(射手),盘古,苏烈","关羽,武则天,虞姬,马超,太乙真人"
太乙真人,苏烈,9,阵营2 胜利,"哪吒,嫦娥,元流之子(射手),橘右京,太乙真人","老夫子,西施,戈娅,裴擒虎,苏烈"
太乙真人,苏烈,10,阵营1 胜利,"关羽,弈星,李元芳,云中君,太乙真人","曹操,小乔,戈娅,韩信,苏烈"
太乙真人,苏烈,11,阵营1 胜利,"芈月,王昭君,元流之子(射手),阿古朵,苏烈","哪吒,大乔,李信,百里玄策,太乙真人"
太乙真人,苏烈,12,阵营2 胜利,"蒙恬,嫦娥,公孙离,马超,苏烈","老夫子,姜子牙,戈娅,孙悟空,太乙真人"
太乙真人,苏烈,13,阵营2 胜利,"兰陵王,杨玉环,元流之子(射手),阿轲,太乙真人","元歌,周瑜,虞姬,铠,苏烈"
太乙真人,苏烈,14,阵营1 胜利,"元歌,大乔,百里守约,诸葛亮,苏烈","狂铁,杨玉环,狄仁杰,司马懿,太乙真人"
太乙真人,苏烈,15,阵营1 胜利,"关羽,女娲,李信,铠,太乙真人","白起,甄姬,元流之子(射手),宫本武藏,苏烈"
太乙真人,苏烈,16,阵营1 胜利,"曹操,上官婉儿,蚩奼,裴擒虎,太乙真人","花木兰,西施,孙权,诸葛亮,苏烈"
太乙真人,苏烈,17,阵营2 胜利,"狂铁,女娲,孙权,韩信,苏烈","司空震,小乔,蒙犽,赵云,太乙真人"
太乙真人,苏烈,18,阵营2 胜利,"司空震,小乔,后羿,司马懿,苏烈","哪吒,沈梦溪,李信,孙悟空,太乙真人"
太乙真人,苏烈,19,阵营1 胜利,"姬小满,小乔,戈娅,诸葛亮,苏烈","狂铁,貂蝉,司空震,云中君,太乙真人"
太乙真人,明世隐,1,阵营1 胜利,"狂铁,姜子牙,公孙离,云缨,太乙真人","关羽,女娲,元流之子(射手),阿轲,明世隐"
太乙真人,明世隐,2,阵营1 胜利,"司空震,嫦娥,戈娅,铠,明世隐","曹操,上官婉儿,元流之子(射手),橘右京,太乙真人"
太乙真人,明世隐,3,阵营1 胜利,"狂铁,大乔,伽罗,宫本武藏,太乙真人","影,嫦娥,公孙离,娜可露露,明世隐"
太乙真人,明世隐,4,阵营2 胜利,"老夫子,海诺,孙权,元流之子(刺客),明世隐","杨戬,嫦娥,元流之子(射手),裴擒虎,太乙真人"
太乙真人,明世隐,5,阵营2 胜利,"司空震,海诺,元流之子(射手),孙悟空,明世隐","白起,嬴政,莱西奥,镜,太乙真人"
太乙真人,明世隐,6,阵营1 胜利,"司空震,女娲,百里守约,露娜,太乙真人","影,上官婉儿,戈娅,云缨,明世隐"
太乙真人,明世隐,7,阵营2 胜利,"姬小满,沈梦溪,元流之子(射手),镜,明世隐","刘邦,小乔,蚩奼,雅典娜,太乙真人"
太乙真人,明世隐,8,阵营1 胜利,"亚连,沈梦溪,戈娅,暃,太乙真人","曹操,大乔,李信,云中君,明世隐"
太乙真人,明世隐,9,阵营1 胜利,"关羽,沈梦溪,元流之子(射手),铠,太乙真人","哪吒,上官婉儿,公孙离,诸葛亮,明世隐"
太乙真人,明世隐,10,阵营1 胜利,"司空震,嫦娥,虞姬,露娜,太乙真人","关羽,海月,元流之子(射手),孙悟空,明世隐"
太乙真人,明世隐,11,阵营2 胜利,"亚连,海月,艾琳,赵云,太乙真人","元歌,不知火舞,狄仁杰,裴擒虎,明世隐"
太乙真人,明世隐,12,阵营2 胜利,"影,女娲,敖隐,云缨,明世隐","白起,沈梦溪,公孙离,雅典娜,太乙真人"
太乙真人,明世隐,13,阵营2 胜利,"芈月,嫦娥,戈娅,镜,明世隐","项羽,杨玉环,蚩奼,娜可露露,太乙真人"
太乙真人,明世隐,14,阵营2 胜利,"司空震,沈梦溪,元流之子(射手),露娜,太乙真人","白起,武则天,戈娅,典韦,明世隐"
太乙真人,明世隐,15,阵营1 胜利,"狂铁,不知火舞,敖隐,镜,明世隐","梦奇,甄姬,虞姬,橘右京,太乙真人"
太乙真人,明世隐,16,阵营2 胜利,"蚩奼,甄姬,公孙离,裴擒虎,太乙真人","哪吒,诸葛亮,元流之子(射手),大司命,明世隐"
太乙真人,明世隐,17,阵营2 胜利,"影,高渐离,孙权,镜,明世隐","刘邦,沈梦溪,蚩奼,宫本武藏,太乙真人"
太乙真人,明世隐,18,阵营2 胜利,"蒙恬,海月,百里守约,露娜,太乙真人","元歌,杨玉环,狄仁杰,阿古朵,明世隐"
太乙真人,明世隐,19,阵营1 胜利,"老夫子,女娲,艾琳,大司命,太乙真人","司空震,沈梦溪,蚩奼,阿轲,明世隐"
太乙真人,瑶,1,阵营1 胜利,"哪吒,西施,戈娅,阿轲,瑶","老夫子,沈梦溪,孙权,刘备,太乙真人"
太乙真人,瑶,2,阵营1 胜利,"马超,甄姬,元流之子(射手),曜,太乙真人","司空震,沈梦溪,虞姬,裴擒虎,瑶"
太乙真人,瑶,3,阵营2 胜利,"狂铁,大乔,马可波罗,橘右京,瑶","曹操,米莱狄,蚩奼,元流之子(刺客),太乙真人"
太乙真人,瑶,4,阵营2 胜利,"司空震,沈梦溪,元流之子(射手),阿古朵,瑶","马超,嫦娥,蚩奼,赵云,太乙真人"
太乙真人,瑶,5,阵营1 胜利,"关羽,高渐离,蚩奼,司马懿,太乙真人","司空震,沈梦溪,戈娅,裴擒虎,瑶"
太乙真人,瑶,6,阵营1 胜利,"司空震,甄姬,李信,哪吒,瑶","达摩,周瑜,敖隐,李白,太乙真人"
太乙真人,瑶,7,阵营1 胜利,"狂铁,貂蝉,李元芳,橘右京,瑶","猪八戒,安琪拉,戈娅,杨戬,太乙真人"
太乙真人,瑶,8,阵营1 胜利,"花木兰,诸葛亮,元流之子(射手),赵云,太乙真人","蒙恬,女娲,公孙离,镜,瑶"
太乙真人,瑶,9,阵营2 胜利,"哪吒,貂蝉,戈娅,司马懿,瑶","蒙恬,不知火舞,蚩奼,云缨,太乙真人"
太乙真人,瑶,10,阵营2 胜利,"元歌,嫦娥,苍,镜,瑶","夏洛特,高渐离,艾琳,裴擒虎,太乙真人"
太乙真人,瑶,11,阵营1 胜利,"蒙恬,大乔,狄仁杰,百里玄策,太乙真人","影,武则天,元流之子(射手),马超,瑶"
太乙真人,瑶,12,阵营2 胜利,"狂铁,甄姬,元流之子(射手),孙悟空,瑶","孙策,安琪拉,阿古朵,暃,太乙真人"
太乙真人,瑶,13,阵营1 胜利,"影,海月,元流之子(射手),杨戬,太乙真人","司空震,沈梦溪,公孙离,赵云,瑶"
太乙真人,瑶,14,阵营1 胜利,"蒙恬,沈梦溪,戈娅,哪吒,瑶","元歌,妲己,狄仁杰,百里玄策,太乙真人"
太乙真人,瑶,15,阵营1 胜利,"花木兰,王昭君,百里守约,典韦,太乙真人","影,嫦娥,后羿,阿古朵,瑶"
太乙真人,瑶,16,阵营1 胜利,"司空震,诸葛亮,元流之子(射手),暃,瑶","元歌,女娲,敖隐,橘右京,太乙真人"
太乙真人,瑶,17,阵营2 胜利,"猪八戒,甄姬,苍,百里玄策,瑶","老夫子,沈梦溪,后羿,韩信,太乙真人"
太乙真人,瑶,18,阵营2 胜利,"元歌,不知火舞,艾琳,云缨,太乙真人","狂铁,貂蝉,蚩奼,马超,瑶"
太乙真人,瑶,19,阵营2 胜利,"哪吒,杨玉环,百里守约,梦奇,太乙真人","兰陵王,不知火舞,孙权,裴擒虎,瑶"
太乙真人,盾山,1,阵营1 胜利,"司空震,沈梦溪,元流之子(射手),雅典娜,盾山","橘右京,女娲,后羿,孙悟空,太乙真人"
太乙真人,盾山,2,阵营1 胜利,"花木兰,沈梦溪,鲁班七号,曜,盾山","哪吒,嫦娥,孙权,宫本武藏,太乙真人"
太乙真人,盾山,3,阵营2 胜利,"影,嫦娥,敖隐,阿古朵,太乙真人","蚩奼,小乔,艾琳,暃,盾山"
太乙真人,盾山,4,阵营2 胜利,"芈月,嫦娥,孙尚香,典韦,盾山","程咬金,沈梦溪,元流之子(射手),铠,太乙真人"
太乙真人,盾山,5,阵营2 胜利,"元歌,干将莫邪,司空震,大司命,盾山","蚩奼,甄姬,孙权,诸葛亮,太乙真人"
太乙真人,盾山,6,阵营2 胜利,"曹操,甄姬,狄仁杰,澜,盾山","哪吒,海月,元流之子(射手),赵云,太乙真人"
太乙真人,盾山,7,阵营1 胜利,"钟无艳,甄姬,艾琳,裴擒虎,盾山","关羽,诸葛亮,元流之子(射手),百里玄策,太乙真人"
太乙真人,盾山,8,阵营2 胜利,"姬小满,沈梦溪,狄仁杰,大司命,太乙真人","钟无艳,西施,孙尚香,哪吒,盾山"
太乙真人,盾山,9,阵营1 胜利,"影,海诺,元流之子(射手),大司命,太乙真人","狂铁,小乔,艾琳,韩信,盾山"
太乙真人,盾山,10,阵营2 胜利,"元歌,安琪拉,鲁班七号,李元芳,盾山","杨戬,女娲,蚩奼,刘备,太乙真人"
太乙真人,盾山,11,阵营1 胜利,"曹操,不知火舞,蚩奼,橘右京,太乙真人","哪吒,武则天,狄仁杰,梦奇,盾山"
太乙真人,盾山,12,阵营2 胜利,,未集齐10人
太乙真人,盾山,13,阵营2 胜利,,未集齐10人
太乙真人,盾山,14,阵营1 胜利,,未集齐10人
太乙真人,盾山,15,阵营2 胜利,"蚩奼,武则天,艾琳,韩信,盾山","夏洛特,诸葛亮,鲁班七号,云缨,太乙真人"
太乙真人,盾山,16,阵营2 胜利,"老夫子,嫦娥,艾琳,铠,盾山","狂铁,不知火舞,元流之子(射手),孙悟空,太乙真人"
太乙真人,盾山,17,阵营1 胜利,"孙策,海诺,元流之子(射手),露娜,盾山","狂铁,高渐离,蚩奼,暃,太乙真人"
太乙真人,盾山,18,阵营2 胜利,"蒙恬,海月,孙权,暃,太乙真人","狂铁,西施,狄仁杰,杨戬,盾山"
太乙真人,盾山,19,阵营1 胜利,"夏洛特,小乔,鲁班七号,阿轲,盾山","老夫子,大乔,孙尚香,哪吒,太乙真人"
太乙真人,西施,1,阵营2 胜利,"影,沈梦溪,元流之子(射手),暃,太乙真人","关羽,周瑜,公孙离,韩信,西施"
太乙真人,西施,2,阵营2 胜利,"哪吒,金蝉,蚩奼,诸葛亮,太乙真人","白起,嫦娥,百里守约,马超,西施"
太乙真人,西施,3,阵营2 胜利,"达摩,女娲,戈娅,哪吒,太乙真人","曹操,沈梦溪,元流之子(射手),孙悟空,西施"
太乙真人,西施,4,阵营1 胜利,"姬小满,女娲,百里守约,元流之子(刺客),西施","达摩,海月,孙尚香,曜,太乙真人"
太乙真人,西施,5,阵营2 胜利,"老夫子,沈梦溪,元流之子(射手),宫本武藏,太乙真人","狂铁,嫦娥,百里守约,孙悟空,西施"
太乙真人,西施,6,阵营2 胜利,"老夫子,嫦娥,元流之子(射手),赵云,太乙真人","夏洛特,姜子牙,李信,云缨,西施"
太乙真人,西施,7,阵营1 胜利,"姬小满,杨玉环,李信,暃,太乙真人","老夫子,嫦娥,戈娅,司马懿,西施"
太乙真人,西施,8,阵营1 胜利,"影,米莱狄,孙权,铠,太乙真人","蚩奼,杨玉环,戈娅,诸葛亮,西施"
太乙真人,西施,9,阵营2 胜利,"刘邦,武则天,戈娅,裴擒虎,太乙真人","亚连,嫦娥,蚩奼,杨戬,西施"
太乙真人,西施,10,阵营1 胜利,"关羽,小乔,后羿,镜,西施","廉颇,甄姬,公孙离,裴擒虎,太乙真人"
太乙真人,西施,11,阵营1 胜利,"哪吒,安琪拉,李信,澜,西施","影,女娲,元流之子(射手),镜,太乙真人"
太乙真人,西施,12,阵营2 胜利,"元歌,海月,敖隐,雅典娜,太乙真人","司空震,诸葛亮,戈娅,裴擒虎,西施"
太乙真人,西施,13,阵营1 胜利,"蚩奼,嬴政,狄仁杰,云缨,太乙真人","曹操,女娲,李信,韩信,西施"
太乙真人,西施,14,阵营2 胜利,"哪吒,沈梦溪,元歌,雅典娜,西施","曹操,上官婉儿,蚩奼,百里玄策,太乙真人"
太乙真人,西施,15,阵营1 胜利,"元歌,杨玉环,百里守约,云缨,西施","花木兰,沈梦溪,李信,影,太乙真人"
太乙真人,西施,16,阵营2 胜利,"马超,海月,公孙离,露娜,西施","亚瑟,不知火舞,蚩奼,镜,太乙真人"
太乙真人,西施,17,阵营1 胜利,"蒙恬,安琪拉,敖隐,赵云,西施","吕布,杨玉环,虞姬,裴擒虎,太乙真人"
太乙真人,西施,18,阵营1 胜利,"蚩奼,貂蝉,敖隐,韩信,西施","老夫子,海月,虞姬,裴擒虎,太乙真人"
太乙真人,西施,19,阵营2 胜利,"马超,女娲,戈娅,兰陵王,太乙真人","老夫子,海月,元流之子(射手),镜,西施"
太乙真人,鲁班大师,1,阵营2 胜利,"孙策,不知火舞,百里守约,露娜,太乙真人","夏洛特,杨玉环,元流之子(射手),百里玄策,鲁班大师"
太乙真人,鲁班大师,2,阵营2 胜利,"曹操,女娲,艾琳,暃,鲁班大师","花木兰,杨玉环,虞姬,马超,太乙真人"
太乙真人,鲁班大师,3,阵营1 胜利,"狂铁,元流之子(法师),蚩奼,司马懿,太乙真人","元歌,沈梦溪,元流之子(射手),橘右京,鲁班大师"
太乙真人,鲁班大师,4,阵营1 胜利,"影,元流之子(法师),孙权,露娜,太乙真人","程咬金,沈梦溪,元流之子(射手),孙悟空,鲁班大师"
太乙真人,鲁班大师,5,阵营2 胜利,,未集齐10人
太乙真人,鲁班大师,6,阵营1 胜利,,未集齐10人
太乙真人,鲁班大师,7,阵营1 胜利,,未集齐10人
太乙真人,鲁班大师,8,阵营1 胜利,,未集齐10人
太乙真人,鲁班大师,9,阵营1 胜利,"戈娅,女娲,哪吒,阿古朵,鲁班大师","芈月,海诺,苍,孙悟空,太乙真人"
太乙真人,鲁班大师,10,阵营2 胜利,"花木兰,弈星,公孙离,橘右京,鲁班大师","蒙恬,海诺,蒙犽,元流之子(刺客),太乙真人"
太乙真人,鲁班大师,11,阵营2 胜利,"曹操,女娲,敖隐,杨戬,太乙真人","马超,杨玉环,李信,影,鲁班大师"
太乙真人,鲁班大师,12,阵营1 胜利,"关羽,大乔,元流之子(射手),铠,太乙真人","花木兰,女娲,后羿,阿古朵,鲁班大师"
太乙真人,鲁班大师,13,阵营2 胜利,"老夫子,沈梦溪,公孙离,马超,太乙真人","夏洛特,小乔,孙权,司马懿,鲁班大师"
太乙真人,鲁班大师,14,阵营2 胜利,"亚连,嬴政,敖隐,元流之子(刺客),鲁班大师","老夫子,干将莫邪,虞姬,杨戬,太乙真人"
太乙真人,鲁班大师,15,阵营1 胜利,"元歌,海月,虞姬,杨戬,太乙真人","兰陵王,沈梦溪,莱西奥,云缨,鲁班大师"
太乙真人,鲁班大师,16,阵营2 胜利,"花木兰,海月,元流之子(射手),暃,鲁班大师","狂铁,嬴政,公孙离,曹操,太乙真人"
太乙真人,鲁班大师,17,阵营1 胜利,"哪吒,海诺,元流之子(射手),百里玄策,太乙真人","元歌,上官婉儿,蚩奼,裴擒虎,鲁班大师"
太乙真人,鲁班大师,18,阵营1 胜利,"白起,西施,蚩奼,娜可露露,鲁班大师","吕布,不知火舞,戈娅,橘右京,太乙真人"
太乙真人,鲁班大师,19,阵营2 胜利,"元歌,沈梦溪,戈娅,镜,鲁班大师","哪吒,海诺,后羿,阿轲,太乙真人"
太乙真人,桑启,1,阵营1 胜利,"老夫子,不知火舞,艾琳,孙悟空,太乙真人","曹操,沈梦溪,苍,暃,桑启"
太乙真人,桑启,2,阵营2 胜利,"曹操,嫦娥,戈娅,哪吒,桑启","元歌,小乔,元流之子(射手),铠,太乙真人"
太乙真人,桑启,3,阵营2 胜利,"夏洛特,上官婉儿,公孙离,云缨,太乙真人","关羽,貂蝉,蚩奼,百里玄策,桑启"
太乙真人,桑启,4,阵营1 胜利,"蒙恬,女娲,公孙离,典韦,桑启","曹操,嫦娥,元流之子(射手),赵云,太乙真人"
太乙真人,桑启,5,阵营2 胜利,"夏洛特,嫦娥,元流之子(射手),云缨,桑启","哪吒,貂蝉,戈娅,镜,太乙真人"
太乙真人,桑启,6,阵营2 胜利,"影,海月,李元芳,韩信,桑启","哪吒,上官婉儿,后羿,典韦,太乙真人"
太乙真人,桑启,7,阵营1 胜利,"姬小满,沈梦溪,公孙离,橘右京,桑启","元歌,弈星,元流之子(射手),裴擒虎,太乙真人"
太乙真人,桑启,8,阵营1 胜利,"杨戬,大乔,百里守约,雅典娜,太乙真人","夏洛特,沈梦溪,蚩奼,裴擒虎,桑启"
太乙真人,桑启,9,阵营1 胜利,"亚连,大乔,蚩奼,雅典娜,太乙真人","亚瑟,元流之子(法师),虞姬,马超,桑启"
太乙真人,桑启,10,阵营2 胜利,"司空震,沈梦溪,戈娅,裴擒虎,太乙真人","老夫子,杨玉环,元流之子(射手),雅典娜,桑启"
太乙真人,桑启,11,阵营2 胜利,"猪八戒,嫦娥,元流之子(射手),露娜,桑启","狂铁,弈星,蚩奼,诸葛亮,太乙真人"
太乙真人,桑启,12,阵营2 胜利,"哪吒,甄姬,元流之子(射手),孙悟空,桑启","亚瑟,貂蝉,李信,露娜,太乙真人"
太乙真人,桑启,13,阵营1 胜利,"蚩奼,高渐离,戈娅,宫本武藏,太乙真人","哪吒,金蝉,马可波罗,铠,桑启"
太乙真人,桑启,14,阵营1 胜利,"兰陵王,西施,元流之子(射手),露娜,太乙真人","狂铁,嫦娥,蚩奼,赵云,桑启"
太乙真人,桑启,15,阵营1 胜利,"马超,弈星,艾琳,镜,太乙真人","蒙恬,嫦娥,虞姬,露娜,桑启"
太乙真人,桑启,16,阵营1 胜利,"影,貂蝉,艾琳,橘右京,太乙真人","花木兰,不知火舞,虞姬,兰陵王,桑启"
太乙真人,桑启,17,阵营2 胜利,"梦奇,女娲,芈月,裴擒虎,太乙真人","狂铁,沈梦溪,公孙离,司马懿,桑启"
太乙真人,桑启,18,阵营1 胜利,"亚连,西施,狄仁杰,阿古朵,桑启","影,嫦娥,孙权,典韦,太乙真人"
太乙真人,桑启,19,阵营1 胜利,"花木兰,王昭君,敖隐,镜,桑启","狂铁,嫦娥,元流之子(射手),盘古,太乙真人"
太乙真人,赵怀真,1,阵营1 胜利,"钟无艳,杨玉环,元流之子(射手),裴擒虎,太乙真人","蒙恬,诸葛亮,鲁班七号,赵云,赵怀真"
太乙真人,赵怀真,2,阵营2 胜利,"蚩奼,杨玉环,苍,裴擒虎,赵怀真","哪吒,姜子牙,公孙离,李元芳,太乙真人"
太乙真人,赵怀真,3,阵营1 胜利,"哪吒,海月,孙权,百里玄策,太乙真人","影,沈梦溪,元流之子(射手),阿轲,赵怀真"
太乙真人,赵怀真,4,阵营1 胜利,"元歌,杨玉环,公孙离,赵云,太乙真人","花木兰,沈梦溪,艾琳,裴擒虎,赵怀真"
太乙真人,赵怀真,5,阵营1 胜利,"曹操,上官婉儿,元流之子(射手),云缨,太乙真人","关羽,女娲,蚩奼,诸葛亮,赵怀真"
太乙真人,赵怀真,6,阵营2 胜利,"廉颇,嬴政,鲁班七号,赵云,太乙真人","芈月,嫦娥,元流之子(射手),李白,赵怀真"
太乙真人,赵怀真,7,阵营2 胜利,"花木兰,嬴政,后羿,元流之子(刺客),太乙真人","夏洛特,甄姬,蚩奼,铠,赵怀真"
太乙真人,赵怀真,8,阵营2 胜利,"哪吒,高渐离,孙权,裴擒虎,太乙真人","芈月,大乔,元流之子(射手),铠,赵怀真"
太乙真人,赵怀真,9,阵营1 胜利,"曹操,女娲,蚩奼,橘右京,赵怀真","司空震,沈梦溪,元流之子(射手),诸葛亮,太乙真人"
太乙真人,赵怀真,10,阵营2 胜利,"影,沈梦溪,李信,李白,太乙真人","曹操,女娲,戈娅,大司命,赵怀真"
太乙真人,赵怀真,11,阵营2 胜利,"司空震,嫦娥,李信,曜,赵怀真","戈娅,高渐离,曹操,孙悟空,太乙真人"
太乙真人,赵怀真,12,阵营1 胜利,"亚瑟,武则天,虞姬,橘右京,赵怀真","杨戬,诸葛亮,元流之子(射手),裴擒虎,太乙真人"
太乙真人,赵怀真,13,阵营2 胜利,"曹操,沈梦溪,元流之子(射手),裴擒虎,太乙真人","达摩,小乔,后羿,大司命,赵怀真"
太乙真人,赵怀真,14,阵营2 胜利,"哪吒,貂蝉,敖隐,裴擒虎,太乙真人","蒙恬,杨玉环,公孙离,韩信,赵怀真"
太乙真人,赵怀真,15,阵营2 胜利,"狂铁,武则天,公孙离,镜,赵怀真","马超,海月,元流之子(射手),云缨,太乙真人"
太乙真人,赵怀真,16,阵营1 胜利,"元歌,安琪拉,元流之子(射手),露娜,赵怀真","兰陵王,小乔,鲁班七号,猪八戒,太乙真人"
太乙真人,赵怀真,17,阵营2 胜利,"雅典娜,甄姬,元流之子(射手),暃,太乙真人","元歌,海诺,戈娅,裴擒虎,赵怀真"
太乙真人,赵怀真,18,阵营1 胜利,"哪吒,嫦娥,敖隐,裴擒虎,太乙真人","梦奇,女娲,公孙离,云中君,赵怀真"
太乙真人,赵怀真,19,阵营1 胜利,"曹操,小乔,敖隐,云中君,太乙真人","吕布,诸葛亮,公孙离,铠,赵怀真"
太乙真人,空空儿,1,阵营2 胜利,"司空震,杨玉环,李信,裴擒虎,空空儿","杨戬,干将莫邪,元流之子(射手),阿轲,太乙真人"
太乙真人,空空儿,2,阵营2 胜利,"影,海月,黄忠,暃,太乙真人","夏侯惇,西施,蚩奼,韩信,空空儿"
太乙真人,空空儿,3,阵营1 胜利,"司空震,嫦娥,元流之子(射手),诸葛亮,太乙真人","李信,不知火舞,百里守约,杨戬,空空儿"
太乙真人,空空儿,4,阵营2 胜利,"曹操,米莱狄,戈娅,阿古朵,太乙真人","哪吒,沈梦溪,元流之子(射手),云缨,空空儿"
太乙真人,空空儿,5,阵营1 胜利,"哪吒,嫦娥,元流之子(射手),孙悟空,空空儿","蚩奼,海诺,公孙离,云缨,太乙真人"
太乙真人,空空儿,6,阵营2 胜利,"狂铁,杨玉环,苍,赵云,太乙真人","关羽,弈星,蚩奼,镜,空空儿"
太乙真人,空空儿,7,阵营2 胜利,"芈月,沈梦溪,虞姬,赵云,太乙真人","蒙恬,甄姬,蚩奼,露娜,空空儿"
太乙真人,空空儿,8,阵营1 胜利,"狂铁,貂蝉,戈娅,百里玄策,太乙真人","蚩奼,西施,元流之子(射手),铠,空空儿"
太乙真人,空空儿,9,阵营1 胜利,"元歌,姜子牙,虞姬,马超,空空儿","芈月,武则天,元流之子(射手),大司命,太乙真人"
太乙真人,空空儿,10,阵营2 胜利,"元歌,大乔,敖隐,赵云,空空儿","哪吒,女娲,戈娅,诸葛亮,太乙真人"
太乙真人,空空儿,11,阵营1 胜利,"姬小满,沈梦溪,百里守约,马超,空空儿","孙策,大乔,孙权,阿轲,太乙真人"
太乙真人,空空儿,12,阵营1 胜利,"元歌,西施,公孙离,阿古朵,空空儿","蚩奼,海诺,虞姬,雅典娜,太乙真人"
太乙真人,空空儿,13,阵营2 胜利,"关羽,元流之子(法师),孙权,赵云,空空儿","芈月,海诺,元流之子(射手),露娜,太乙真人"
太乙真人,空空儿,14,阵营1 胜利,"司空震,海诺,敖隐,暃,太乙真人","马超,女娲,后羿,梦奇,空空儿"
太乙真人,空空儿,15,阵营1 胜利,"马超,海诺,公孙离,赵云,太乙真人","白起,女娲,虞姬,诸葛亮,空空儿"
太乙真人,空空儿,16,阵营1 胜利,"关羽,沈梦溪,蚩奼,韩信,空空儿","老夫子,嫦娥,元流之子(射手),暃,太乙真人"
太乙真人,空空儿,17,阵营2 胜利,"狂铁,诸葛亮,元流之子(射手),马超,空空儿","杨戬,干将莫邪,蒙犽,暃,太乙真人"
太乙真人,空空儿,18,阵营1 胜利,"狂铁,女娲,公孙离,孙悟空,空空儿","花木兰,沈梦溪,元流之子(射手),镜,太乙真人"
太乙真人,空空儿,19,阵营2 胜利,"孙策,武则天,敖隐,镜,空空儿","花木兰,嫦娥,虞姬,阿古朵,太乙真人"
太乙真人,少司缘,1,阵营1 胜利,"花木兰,戈娅,武则天,马超,太乙真人","关羽,大乔,孙权,澜,少司缘"
太乙真人,少司缘,2,阵营1 胜利,"兰陵王,嫦娥,敖隐,马超,少司缘","狂铁,干将莫邪,阿古朵,韩信,太乙真人"
太乙真人,少司缘,3,阵营1 胜利,"孙策,沈梦溪,蚩奼,大司命,太乙真人","司空震,不知火舞,戈娅,杨戬,少司缘"
太乙真人,少司缘,4,阵营2 胜利,"杨戬,周瑜,蚩奼,百里玄策,少司缘","司空震,女娲,鲁班七号,裴擒虎,太乙真人"
太乙真人,少司缘,5,阵营1 胜利,"达摩,诸葛亮,戈娅,元流之子(刺客),少司缘","杨戬,不知火舞,公孙离,暃,太乙真人"
太乙真人,少司缘,6,阵营1 胜利,"曹操,张良,蚩奼,孙悟空,少司缘","马超,不知火舞,虞姬,百里玄策,太乙真人"
太乙真人,少司缘,7,阵营2 胜利,"狂铁,杨玉环,元流之子(射手),曹操,少司缘","司空震,沈梦溪,公孙离,暃,太乙真人"
太乙真人,少司缘,8,阵营1 胜利,"司空震,沈梦溪,公孙离,暃,少司缘","白起,嫦娥,元流之子(射手),韩信,太乙真人"
太乙真人,少司缘,9,阵营1 胜利,"司空震,元流之子(法师),虞姬,娜可露露,少司缘","夏洛特,甄姬,蚩奼,兰陵王,太乙真人"
太乙真人,少司缘,10,阵营1 胜利,"曹操,小乔,虞姬,镜,少司缘","刘邦,海月,元流之子(射手),澜,太乙真人"
太乙真人,少司缘,11,阵营2 胜利,"猪八戒,西施,元流之子(射手),韩信,少司缘","夏洛特,女娲,李信,露娜,太乙真人"
太乙真人,少司缘,12,阵营1 胜利,"哪吒,甄姬,公孙离,暃,太乙真人","夏洛特,小乔,蚩奼,杨戬,少司缘"
太乙真人,少司缘,13,阵营1 胜利,"梦奇,小乔,李信,云缨,少司缘","花木兰,西施,苍,橘右京,太乙真人"
太乙真人,少司缘,14,阵营1 胜利,"蒙恬,小乔,元流之子(射手),暃,少司缘","白起,海月,李信,元流之子(刺客),太乙真人"
太乙真人,少司缘,15,阵营1 胜利,"狂铁,小乔,元流之子(射手),兰陵王,少司缘","元歌,杨玉环,苍,韩信,太乙真人"
太乙真人,少司缘,16,阵营2 胜利,"元歌,诸葛亮,蚩奼,马超,太乙真人","关羽,沈梦溪,虞姬,暃,少司缘"
太乙真人,少司缘,17,阵营1 胜利,"狂铁,墨子,戈娅,镜,少司缘","关羽,元流之子(法师),白起,铠,太乙真人"
太乙真人,少司缘,18,阵营1 胜利,,未集齐10人
太乙真人,少司缘,19,阵营1 胜利,"芈月,武则天,孙权,镜,少司缘","蒙恬,嫦娥,蚩奼,典韦,太乙真人"
太乙真人,元流之子(坦克),1,阵营2 胜利,"关羽,嫦娥,戈娅,裴擒虎,太乙真人","马超,女娲,后羿,诸葛亮,元流之子(坦克)"
太乙真人,元流之子(坦克),2,阵营2 胜利,"曹操,金蝉,戈娅,哪吒,元流之子(坦克)","影,沈梦溪,公孙离,宫本武藏,太乙真人"
太乙真人,元流之子(坦克),3,阵营1 胜利,"海诺,女娲,公孙离,裴擒虎,元流之子(坦克)","影,妲己,莱西奥,暃,太乙真人"
太乙真人,元流之子(坦克),4,阵营1 胜利,"关羽,沈梦溪,莱西奥,诸葛亮,太乙真人","元歌,武则天,敖隐,百里玄策,元流之子(坦克)"
太乙真人,元流之子(坦克),5,阵营1 胜利,"蒙恬,女娲,敖隐,铠,元流之子(坦克)","夏洛特,海诺,孙尚香,百里玄策,太乙真人"
太乙真人,元流之子(坦克),6,阵营2 胜利,"姬小满,海月,公孙离,马超,元流之子(坦克)","亚瑟,安琪拉,戈娅,刘备,太乙真人"
太乙真人,元流之子(坦克),7,阵营2 胜利,"关羽,元流之子(法师),戈娅,云中君,太乙真人","哪吒,周瑜,李信,韩信,元流之子(坦克)"
太乙真人,元流之子(坦克),8,阵营1 胜利,"马超,沈梦溪,狄仁杰,暃,太乙真人","元歌,武则天,蚩奼,宫本武藏,元流之子(坦克)"
太乙真人,元流之子(坦克),9,阵营1 胜利,"芈月,貂蝉,元流之子(射手),百里玄策,太乙真人","元歌,嫦娥,戈娅,司马懿,元流之子(坦克)"
太乙真人,元流之子(坦克),10,阵营1 胜利,"影,杨玉环,戈娅,露娜,太乙真人","司空震,沈梦溪,孙权,司马懿,元流之子(坦克)"
太乙真人,元流之子(坦克),11,阵营1 胜利,"元歌,不知火舞,蚩奼,裴擒虎,太乙真人","影,海月,狄仁杰,云中君,元流之子(坦克)"
太乙真人,元流之子(坦克),12,阵营2 胜利,"蚩奼,嫦娥,元流之子(射手),典韦,太乙真人","元歌,海诺,戈娅,诸葛亮,元流之子(坦克)"
太乙真人,元流之子(坦克),13,阵营2 胜利,"达摩,诸葛亮,公孙离,孙悟空,太乙真人","元歌,高渐离,后羿,娜可露露,元流之子(坦克)"
太乙真人,元流之子(坦克),14,阵营2 胜利,"达摩,嫦娥,苍,曜,元流之子(坦克)","影,上官婉儿,元流之子(射手),孙悟空,太乙真人"
太乙真人,元流之子(坦克),15,阵营2 胜利,"蚩奼,沈梦溪,元流之子(射手),孙悟空,太乙真人","影,女娲,戈娅,大司命,元流之子(坦克)"
太乙真人,元流之子(坦克),16,阵营1 胜利,"花木兰,貂蝉,戈娅,镜,太乙真人","蒙恬,不知火舞,李信,裴擒虎,元流之子(坦克)"
太乙真人,元流之子(坦克),17,阵营2 胜利,,未集齐10人
太乙真人,元流之子(坦克),18,阵营2 胜利,"老夫子,上官婉儿,戈娅,铠,太乙真人","杨戬,杨玉环,虞姬,马超,元流之子(坦克)"
太乙真人,元流之子(坦克),19,阵营1 胜利,"司空震,甄姬,虞姬,铠,太乙真人","曹操,小乔,孙权,马超,元流之子(坦克)"
太乙真人,元流之子(辅助),1,阵营1 胜利,"元歌,大乔,戈娅,镜,元流之子(辅助)","芈月,不知火舞,孙权,元流之子(刺客),太乙真人"
太乙真人,元流之子(辅助),2,阵营2 胜利,"影,女娲,鲁班七号,赵云,太乙真人","关羽,诸葛亮,狄仁杰,大司命,元流之子(辅助)"
太乙真人,元流之子(辅助),3,阵营2 胜利,"元歌,诸葛亮,艾琳,韩信,元流之子(辅助)","孙策,沈梦溪,元流之子(射手),裴擒虎,太乙真人"
太乙真人,元流之子(辅助),4,阵营2 胜利,"蒙恬,西施,孙权,铠,太乙真人","影,上官婉儿,戈娅,暃,元流之子(辅助)"
太乙真人,元流之子(辅助),5,阵营1 胜利,"蒙恬,诸葛亮,元流之子(射手),马超,太乙真人","蚩奼,沈梦溪,狄仁杰,大司命,元流之子(辅助)"
太乙真人,元流之子(辅助),6,阵营1 胜利,"刘邦,小乔,苍,典韦,太乙真人","蒙恬,扁鹊,李信,暃,元流之子(辅助)"
太乙真人,元流之子(辅助),7,阵营1 胜利,"哪吒,嫦娥,孙权,裴擒虎,元流之子(辅助)","元歌,沈梦溪,孙尚香,曹操,太乙真人"
太乙真人,元流之子(辅助),8,阵营1 胜利,"蒙恬,海诺,元流之子(射手),韩信,太乙真人","元歌,大乔,公孙离,赵云,元流之子(辅助)"
太乙真人,元流之子(辅助),9,阵营2 胜利,"马超,武则天,狄仁杰,露娜,元流之子(辅助)","亚连,周瑜,蚩奼,云缨,太乙真人"
太乙真人,元流之子(辅助),10,阵营2 胜利,"白起,沈梦溪,后羿,暃,元流之子(辅助)","司空震,元流之子(法师),蚩奼,铠,太乙真人"
太乙真人,元流之子(辅助),11,阵营1 胜利,"曹操,小乔,元流之子(射手),暃,太乙真人","大司命,沈梦溪,百里守约,宫本武藏,元流之子(辅助)"
太乙真人,元流之子(辅助),12,阵营2 胜利,"蒙恬,姜子牙,孙权,镜,太乙真人","夏洛特,海月,狄仁杰,裴擒虎,元流之子(辅助)"
太乙真人,元流之子(辅助),13,阵营2 胜利,"曹操,安琪拉,狄仁杰,云缨,太乙真人","哪吒,干将莫邪,艾琳,宫本武藏,元流之子(辅助)"
太乙真人,元流之子(辅助),14,阵营1 胜利,"大司命,西施,元歌,司马懿,太乙真人","关羽,沈梦溪,戈娅,裴擒虎,元流之子(辅助)"
太乙真人,元流之子(辅助),15,阵营2 胜利,"司空震,高渐离,虞姬,阿古朵,元流之子(辅助)","老夫子,貂蝉,元流之子(射手),典韦,太乙真人"
太乙真人,元流之子(辅助),16,阵营1 胜利,"关羽,高渐离,孙权,娜可露露,元流之子(辅助)","花木兰,小乔,元流之子(射手),裴擒虎,太乙真人"
太乙真人,元流之子(辅助),17,阵营1 胜利,"孙策,高渐离,百里守约,镜,元流之子(辅助)","元歌,安琪拉,元流之子(射手),诸葛亮,太乙真人"
太乙真人,元流之子(辅助),18,阵营2 胜利,"姬小满,杨玉环,艾琳,雅典娜,太乙真人","老夫子,沈梦溪,戈娅,云缨,元流之子(辅助)"
太乙真人,元流之子(辅助),19,阵营1 胜利,"夏侯惇,女娲,狄仁杰,宫本武藏,元流之子(辅助)","曹操,沈梦溪,元流之子(射手),赵云,太乙真人"
东皇太一,大禹,1,阵营1 胜利,"姬小满,小乔,敖隐,元流之子(刺客),大禹","刘邦,女娲,李信,露娜,东皇太一"
东皇太一,大禹,2,阵营1 胜利,"蒙恬,西施,蚩奼,典韦,大禹","影,海月,元流之子(射手),韩信,东皇太一"
东皇太一,大禹,3,阵营2 胜利,"影,沈梦溪,孙权,铠,东皇太一","曹操,杨玉环,元流之子(射手),百里玄策,大禹"
东皇太一,大禹,4,阵营1 胜利,"元歌,诸葛亮,狄仁杰,韩信,大禹","影,女娲,孙权,百里玄策,东皇太一"
东皇太一,大禹,5,阵营1 胜利,"关羽,小乔,蚩奼,嫦娥,东皇太一","白起,杨玉环,苍,孙悟空,大禹"
东皇太一,大禹,6,阵营1 胜利,"司空震,甄姬,百里守约,镜,东皇太一","狂铁,女娲,元流之子(射手),赵云,大禹"
东皇太一,大禹,7,阵营2 胜利,"杨戬,甄姬,戈娅,大司命,东皇太一","曹操,女娲,李信,镜,大禹"
东皇太一,大禹,8,阵营1 胜利,"廉颇,貂蝉,元流之子(射手),韩信,大禹","老夫子,女娲,苍,阿古朵,东皇太一"
东皇太一,大禹,9,阵营2 胜利,"关羽,沈梦溪,虞姬,韩信,东皇太一","哪吒,不知火舞,孙权,诸葛亮,大禹"
东皇太一,大禹,10,阵营1 胜利,"老夫子,大乔,戈娅,大司命,大禹","哪吒,海诺,百里守约,裴擒虎,东皇太一"
东皇太一,大禹,11,阵营2 胜利,"哪吒,女娲,艾琳,云缨,东皇太一","狂铁,武则天,元流之子(射手),暃,大禹"
东皇太一,大禹,12,阵营2 胜利,"关羽,海诺,孙尚香,暃,东皇太一","老夫子,安琪拉,元流之子(射手),赵云,大禹"
东皇太一,大禹,13,阵营1 胜利,"狂铁,女娲,敖隐,镜,东皇太一","芈月,不知火舞,李信,娜可露露,大禹"
东皇太一,大禹,14,阵营2 胜利,"关羽,嫦娥,公孙离,杨戬,东皇太一","马超,金蝉,蚩奼,镜,大禹"
东皇太一,大禹,15,阵营1 胜利,"影,不知火舞,元流之子(射手),露娜,东皇太一","花木兰,海月,李信,裴擒虎,大禹"
东皇太一,大禹,16,阵营1 胜利,"老夫子,姜子牙,蚩奼,赵云,大禹","马超,小乔,孙权,暃,东皇太一"
东皇太一,大禹,17,阵营2 胜利,"蒙恬,安琪拉,元流之子(射手),宫本武藏,东皇太一","老夫子,海诺,狄仁杰,孙悟空,大禹"
东皇太一,大禹,18,阵营2 胜利,"关羽,貂蝉,元流之子(射手),裴擒虎,大禹","花木兰,沈梦溪,虞姬,娜可露露,东皇太一"
东皇太一,大禹,19,阵营2 胜利,"蒙恬,貂蝉,蒙犽,裴擒虎,大禹","马超,嫦娥,元流之子(射手),兰陵王,东皇太一"
东皇太一,鬼谷子,1,阵营2 胜利,"司空震,不知火舞,公孙离,元流之子(刺客),东皇太一","亚瑟,武则天,元流之子(射手),宫本武藏,鬼谷子"
东皇太一,鬼谷子,2,阵营1 胜利,"影,不知火舞,蚩奼,典韦,鬼谷子","哪吒,女娲,元流之子(射手),裴擒虎,东皇太一"
东皇太一,鬼谷子,3,阵营1 胜利,"赵怀真,干将莫邪,元流之子(射手),大司命,鬼谷子","梦奇,周瑜,戈娅,韩信,东皇太一"
东皇太一,鬼谷子,4,阵营1 胜利,"狂铁,海诺,戈娅,马超,东皇太一","蒙恬,杨玉环,公孙离,娜可露露,鬼谷子"
东皇太一,鬼谷子,5,阵营1 胜利,"吕布,上官婉儿,戈娅,元流之子(刺客),鬼谷子","蚩奼,沈梦溪,公孙离,镜,东皇太一"
东皇太一,鬼谷子,6,阵营2 胜利,"哪吒,沈梦溪,艾琳,镜,鬼谷子","影,干将莫邪,元流之子(射手),娜可露露,东皇太一"
东皇太一,鬼谷子,7,阵营1 胜利,"哪吒,甄姬,公孙离,韩信,鬼谷子","元歌,武则天,虞姬,诸葛亮,东皇太一"
东皇太一,鬼谷子,8,阵营2 胜利,"曹操,上官婉儿,蚩奼,裴擒虎,东皇太一","影,武则天,元流之子(射手),镜,鬼谷子"
东皇太一,鬼谷子,9,阵营2 胜利,"关羽,沈梦溪,戈娅,元流之子(坦克),鬼谷子","猪八戒,姜子牙,蚩奼,诸葛亮,东皇太一"
东皇太一,鬼谷子,10,阵营2 胜利,"赵云,女娲,公孙离,百里玄策,鬼谷子","达摩,高渐离,元流之子(射手),裴擒虎,东皇太一"
东皇太一,鬼谷子,11,阵营2 胜利,"哪吒,武则天,孙尚香,刘备,鬼谷子","影,大乔,百里守约,雅典娜,东皇太一"
东皇太一,鬼谷子,12,阵营1 胜利,"夏洛特,甄姬,敖隐,橘右京,东皇太一","狂铁,嫦娥,苍,赵云,鬼谷子"
东皇太一,鬼谷子,13,阵营1 胜利,"元歌,诸葛亮,孙权,宫本武藏,东皇太一","蒙恬,弈星,苍,雅典娜,鬼谷子"
东皇太一,鬼谷子,14,阵营2 胜利,"曹操,沈梦溪,莱西奥,梦奇,鬼谷子","狂铁,不知火舞,元流之子(射手),橘右京,东皇太一"
东皇太一,鬼谷子,15,阵营2 胜利,"蚩奼,海月,孙尚香,百里玄策,鬼谷子","狂铁,沈梦溪,元流之子(射手),云缨,东皇太一"
东皇太一,鬼谷子,16,阵营1 胜利,"哪吒,王昭君,李信,刘备,鬼谷子","蒙恬,不知火舞,戈娅,裴擒虎,东皇太一"
东皇太一,鬼谷子,17,阵营1 胜利,"哪吒,女娲,元流之子(射手),裴擒虎,东皇太一","影,武则天,蚩奼,大司命,鬼谷子"
东皇太一,鬼谷子,18,阵营2 胜利,"哪吒,女娲,元流之子(射手),大司命,鬼谷子","影,嫦娥,蚩奼,橘右京,东皇太一"
东皇太一,鬼谷子,19,阵营1 胜利,"亚连,诸葛亮,戈娅,韩信,东皇太一","老夫子,嬴政,元流之子(射手),赵云,鬼谷子"
东皇太一,大乔,1,阵营1 胜利,"白起,女娲,元流之子(射手),云缨,大乔","蚩奼,小乔,戈娅,裴擒虎,东皇太一"
东皇太一,大乔,2,阵营2 胜利,"花木兰,小乔,敖隐,百里玄策,大乔","老夫子,嫦娥,公孙离,大司命,东皇太一"
东皇太一,大乔,3,阵营2 胜利,"关羽,女娲,艾琳,典韦,东皇太一","影,武则天,元流之子(射手),裴擒虎,大乔"
东皇太一,大乔,4,阵营2 胜利,,未集齐10人
东皇太一,大乔,5,阵营2 胜利,"哪吒,沈梦溪,元流之子(射手),露娜,东皇太一","司空震,貂蝉,蚩奼,暃,大乔"
东皇太一,大乔,6,阵营1 胜利,"元歌,海月,后羿,韩信,东皇太一","夏洛特,诸葛亮,狄仁杰,云缨,大乔"
东皇太一,大乔,7,阵营2 胜利,"马超,貂蝉,虞姬,裴擒虎,大乔","元歌,高渐离,公孙离,韩信,东皇太一"
东皇太一,大乔,8,阵营1 胜利,"司空震,不知火舞,蒙犽,露娜,大乔","花木兰,沈梦溪,蚩奼,裴擒虎,东皇太一"
东皇太一,大乔,9,阵营1 胜利,"杨戬,张良,公孙离,百里玄策,大乔","蚩奼,上官婉儿,后羿,盘古,东皇太一"
东皇太一,大乔,10,阵营2 胜利,"司空震,小乔,戈娅,镜,东皇太一","钟无艳,上官婉儿,公孙离,孙悟空,大乔"
东皇太一,大乔,11,阵营2 胜利,"影,嫦娥,李元芳,典韦,大乔","哪吒,干将莫邪,孙权,裴擒虎,东皇太一"
东皇太一,大乔,12,阵营1 胜利,"姬小满,高渐离,敖隐,影,东皇太一","蒙恬,西施,虞姬,阿古朵,大乔"
东皇太一,大乔,13,阵营2 胜利,"赵怀真,女娲,后羿,云缨,大乔","蒙恬,王昭君,戈娅,孙悟空,东皇太一"
东皇太一,大乔,14,阵营1 胜利,"关羽,嫦娥,元流之子(射手),铠,东皇太一","亚连,女娲,虞姬,韩信,大乔"
东皇太一,大乔,15,阵营1 胜利,"钟无艳,沈梦溪,李信,孙悟空,东皇太一","曹操,嫦娥,元流之子(射手),雅典娜,大乔"
东皇太一,大乔,16,阵营2 胜利,"关羽,高渐离,孙尚香,裴擒虎,东皇太一","兰陵王,沈梦溪,戈娅,典韦,大乔"
东皇太一,大乔,17,阵营2 胜利,"猪八戒,嬴政,孙权,杨戬,东皇太一","狂铁,海诺,艾琳,镜,大乔"
东皇太一,大乔,18,阵营1 胜利,"马超,武则天,元流之子(射手),司马懿,东皇太一","哪吒,甄姬,狄仁杰,镜,大乔"
东皇太一,大乔,19,阵营2 胜利,"蒙恬,姜子牙,元流之子(射手),宫本武藏,大乔","司空震,女娲,莱西奥,刘备,东皇太一"
东皇太一,苏烈,1,阵营1 胜利,"蚩奼,诸葛亮,公孙离,裴擒虎,苏烈","司空震,小乔,李元芳,典韦,东皇太一"
东皇太一,苏烈,2,阵营2 胜利,"杨戬,武则天,苍,铠,苏烈","吕布,女娲,虞姬,镜,东皇太一"
东皇太一,苏烈,3,阵营2 胜利,"钟无艳,女娲,戈娅,阿轲,东皇太一","老夫子,嫦娥,虞姬,大司命,苏烈"
东皇太一,苏烈,4,阵营1 胜利,"关羽,嫦娥,虞姬,盘古,苏烈","马超,大乔,孙权,镜,东皇太一"
东皇太一,苏烈,5,阵营2 胜利,"哪吒,嫦娥,黄忠,铠,苏烈","司空震,女娲,后羿,孙悟空,东皇太一"
东皇太一,苏烈,6,阵营2 胜利,"达摩,女娲,戈娅,雅典娜,苏烈","蒙恬,不知火舞,狄仁杰,裴擒虎,东皇太一"
东皇太一,苏烈,7,阵营1 胜利,"狂铁,沈梦溪,公孙离,暃,东皇太一","猪八戒,元流之子(法师),蚩奼,露娜,苏烈"
东皇太一,苏烈,8,阵营2 胜利,"夏洛特,海月,戈娅,李白,苏烈","马超,上官婉儿,公孙离,云缨,东皇太一"
东皇太一,苏烈,9,阵营2 胜利,"哪吒,元流之子(法师),司空震,云缨,苏烈","程咬金,女娲,蚩奼,曜,东皇太一"
东皇太一,苏烈,10,阵营2 胜利,,未集齐10人
东皇太一,苏烈,11,阵营1 胜利,"元歌,武则天,蚩奼,铠,东皇太一","影,嫦娥,公孙离,阿古朵,苏烈"
东皇太一,苏烈,12,阵营1 胜利,"孙策,大乔,狄仁杰,盘古,东皇太一","曹操,西施,戈娅,裴擒虎,苏烈"
东皇太一,苏烈,13,阵营1 胜利,"蚩奼,貂蝉,公孙离,梦奇,东皇太一","刘邦,不知火舞,元流之子(射手),镜,苏烈"
东皇太一,苏烈,14,阵营2 胜利,"兰陵王,海月,元流之子(射手),裴擒虎,东皇太一","关羽,西施,公孙离,诸葛亮,苏烈"
东皇太一,苏烈,15,阵营1 胜利,"狂铁,安琪拉,蚩奼,孙悟空,东皇太一","影,武则天,公孙离,铠,苏烈"
东皇太一,苏烈,16,阵营2 胜利,"姬小满,嫦娥,蚩奼,马超,苏烈","曹操,沈梦溪,艾琳,韩信,东皇太一"
东皇太一,苏烈,17,阵营1 胜利,"关羽,弈星,蚩奼,猪八戒,东皇太一","司空震,甄姬,公孙离,云缨,苏烈"
东皇太一,苏烈,18,阵营1 胜利,"兰陵王,沈梦溪,后羿,夏侯惇,东皇太一","老夫子,上官婉儿,艾琳,铠,苏烈"
东皇太一,苏烈,19,阵营1 胜利,"蒙恬,上官婉儿,艾琳,裴擒虎,苏烈","赵怀真,海诺,孙权,镜,东皇太一"
东皇太一,明世隐,1,阵营1 胜利,"曹操,武则天,马可波罗,马超,东皇太一","哪吒,甄姬,公孙离,阿古朵,明世隐"
东皇太一,明世隐,2,阵营1 胜利,"老夫子,上官婉儿,莱西奥,裴擒虎,东皇太一","马超,海诺,后羿,宫本武藏,明世隐"
东皇太一,明世隐,3,阵营1 胜利,"亚瑟,高渐离,元流之子(射手),云缨,明世隐","蒙恬,甄姬,虞姬,雅典娜,东皇太一"
东皇太一,瑶,1,阵营1 胜利,"白起,沈梦溪,戈娅,露娜,瑶","马超,安琪拉,元流之子(射手),裴擒虎,东皇太一"
东皇太一,瑶,2,阵营2 胜利,"亚连,元流之子(法师),公孙离,哪吒,东皇太一","芈月,女娲,戈娅,大司命,瑶"
东皇太一,瑶,3,阵营2 胜利,"影,女娲,孙权,杨戬,瑶","关羽,金蝉,虞姬,雅典娜,东皇太一"
东皇太一,瑶,4,阵营2 胜利,"马超,诸葛亮,蚩奼,裴擒虎,瑶","花木兰,嫦娥,后羿,宫本武藏,东皇太一"
东皇太一,瑶,5,阵营1 胜利,"夏洛特,女娲,戈娅,阿古朵,东皇太一","马超,杨玉环,蚩奼,宫本武藏,瑶"
东皇太一,瑶,6,阵营2 胜利,"白起,诸葛亮,艾琳,雅典娜,东皇太一","老夫子,武则天,蚩奼,赵云,瑶"
东皇太一,瑶,7,阵营2 胜利,"狂铁,海月,元流之子(射手),裴擒虎,东皇太一","吕布,女娲,公孙离,云缨,瑶"
东皇太一,瑶,8,阵营1 胜利,"司空震,不知火舞,虞姬,露娜,瑶","花木兰,嫦娥,蚩奼,盘古,东皇太一"
东皇太一,瑶,9,阵营1 胜利,"孙策,小乔,戈娅,露娜,瑶","花木兰,女娲,蚩奼,杨戬,东皇太一"
东皇太一,瑶,10,阵营2 胜利,"元歌,武则天,孙权,阿古朵,东皇太一","蒙恬,沈梦溪,戈娅,曜,瑶"
东皇太一,瑶,11,阵营2 胜利,"曹操,女娲,戈娅,赵云,瑶","梦奇,沈梦溪,元流之子(射手),盘古,东皇太一"
东皇太一,瑶,12,阵营2 胜利,"老夫子,海诺,元流之子(射手),裴擒虎,东皇太一","曹操,嬴政,孙尚香,马超,瑶"
东皇太一,瑶,13,阵营1 胜利,"大乔,钟无艳,元流之子(射手),司马懿,东皇太一","老夫子,米莱狄,马可波罗,梦奇,瑶"
东皇太一,瑶,14,阵营2 胜利,"钟无艳,沈梦溪,貂蝉,盘古,瑶","关羽,海月,元流之子(射手),宫本武藏,东皇太一"
东皇太一,瑶,15,阵营1 胜利,"吕布,嫦娥,蚩奼,裴擒虎,瑶","元歌,高渐离,戈娅,宫本武藏,东皇太一"
东皇太一,瑶,16,阵营2 胜利,"白起,高渐离,公孙离,马超,瑶","曹操,女娲,百里守约,百里玄策,东皇太一"
东皇太一,瑶,17,阵营1 胜利,"狂铁,沈梦溪,戈娅,韩信,东皇太一","关羽,干将莫邪,元流之子(射手),孙悟空,瑶"
东皇太一,瑶,18,阵营1 胜利,"老夫子,大乔,艾琳,云缨,东皇太一","白起,沈梦溪,公孙离,裴擒虎,瑶"
东皇太一,瑶,19,阵营1 胜利,"关羽,安琪拉,孙权,马超,瑶","亚瑟,杨玉环,元流之子(射手),宫本武藏,东皇太一"
东皇太一,盾山,1,阵营1 胜利,"狂铁,嫦娥,孙权,云缨,东皇太一","关羽,安琪拉,元流之子(射手),镜,盾山"
东皇太一,盾山,2,阵营2 胜利,"哪吒,不知火舞,蚩奼,云缨,盾山","老夫子,嫦娥,鲁班七号,宫本武藏,东皇太一"
东皇太一,盾山,3,阵营2 胜利,"亚瑟,嫦娥,狄仁杰,诸葛亮,盾山","吕布,不知火舞,孙权,暃,东皇太一"
东皇太一,盾山,4,阵营1 胜利,"花木兰,小乔,敖隐,韩信,盾山","元歌,沈梦溪,元流之子(射手),镜,东皇太一"
东皇太一,盾山,5,阵营2 胜利,"夏洛特,甄姬,元流之子(射手),大司命,盾山","狂铁,海诺,艾琳,孙悟空,东皇太一"
东皇太一,盾山,6,阵营1 胜利,"元歌,不知火舞,戈娅,元流之子(刺客),东皇太一","关羽,沈梦溪,鲁班七号,暃,盾山"
东皇太一,盾山,7,阵营1 胜利,"关羽,上官婉儿,艾琳,赵云,盾山","老夫子,高渐离,李信,云中君,东皇太一"
东皇太一,盾山,8,阵营2 胜利,"曹操,不知火舞,艾琳,云中君,盾山","影,女娲,元歌,橘右京,东皇太一"
东皇太一,盾山,9,阵营1 胜利,"老夫子,甄姬,艾琳,裴擒虎,盾山","司空震,大乔,元流之子(射手),孙悟空,东皇太一"
东皇太一,盾山,10,阵营1 胜利,"元流之子(坦克),大乔,戈娅,韩信,东皇太一","哪吒,杨玉环,蚩奼,暃,盾山"
东皇太一,盾山,11,阵营2 胜利,"影,高渐离,虞姬,镜,东皇太一","元歌,嫦娥,李信,哪吒,盾山"
东皇太一,盾山,12,阵营2 胜利,"狂铁,大乔,艾琳,阿轲,盾山","元歌,嫦娥,元流之子(射手),宫本武藏,东皇太一"
东皇太一,盾山,13,阵营2 胜利,"狂铁,元流之子(法师),敖隐,裴擒虎,东皇太一","老夫子,西施,艾琳,铠,盾山"
东皇太一,盾山,14,阵营1 胜利,"夏洛特,海月,元流之子(射手),嫦娥,东皇太一","蚩奼,女娲,戈娅,哪吒,盾山"
东皇太一,盾山,15,阵营1 胜利,"关羽,海月,艾琳,裴擒虎,盾山","元歌,女娲,元流之子(射手),铠,东皇太一"
东皇太一,盾山,16,阵营2 胜利,"蒙恬,高渐离,蚩奼,李白,东皇太一","司空震,沈梦溪,孙权,刘备,盾山"
东皇太一,盾山,17,阵营1 胜利,"关羽,嬴政,敖隐,镜,盾山","狂铁,女娲,孙尚香,刘备,东皇太一"
东皇太一,盾山,18,阵营2 胜利,"狂铁,米莱狄,孙尚香,露娜,盾山","影,女娲,戈娅,百里玄策,东皇太一"
东皇太一,盾山,19,阵营1 胜利,"钟无艳,嬴政,狄仁杰,铠,盾山","花木兰,女娲,元流之子(射手),云中君,东皇太一"
东皇太一,西施,1,阵营1 胜利,"狂铁,大乔,元流之子(射手),司马懿,西施","姬小满,女娲,李信,镜,东皇太一"
东皇太一,西施,2,阵营1 胜利,"兰陵王,元流之子(法师),孙权,宫本武藏,西施","亚连,大乔,戈娅,暃,东皇太一"
东皇太一,西施,3,阵营1 胜利,"哪吒,武则天,百里守约,诸葛亮,西施","马超,不知火舞,后羿,暃,东皇太一"
东皇太一,西施,4,阵营2 胜利,"马超,安琪拉,苍,百里玄策,东皇太一","哪吒,女娲,戈娅,李白,西施"
东皇太一,西施,5,阵营2 胜利,"影,小乔,元流之子(射手),暃,西施","姬小满,杨玉环,戈娅,李白,东皇太一"
东皇太一,鲁班大师,1,阵营1 胜利,"雅典娜,小乔,苍,橘右京,东皇太一","孙策,海月,公孙离,赵云,鲁班大师"
东皇太一,鲁班大师,2,阵营2 胜利,"马超,周瑜,后羿,杨戬,东皇太一","老夫子,貂蝉,艾琳,孙悟空,鲁班大师"
东皇太一,鲁班大师,3,阵营2 胜利,"司空震,诸葛亮,戈娅,李白,鲁班大师","亚瑟,貂蝉,苍,裴擒虎,东皇太一"
东皇太一,鲁班大师,4,阵营1 胜利,"芈月,女娲,元流之子(射手),典韦,鲁班大师","司空震,武则天,苍,猪八戒,东皇太一"
东皇太一,鲁班大师,5,阵营1 胜利,"夏洛特,王昭君,苍,宫本武藏,鲁班大师","关羽,海诺,蚩奼,韩信,东皇太一"
东皇太一,鲁班大师,6,阵营2 胜利,"曹操,诸葛亮,苍,韩信,鲁班大师","花木兰,海月,蚩奼,暃,东皇太一"
东皇太一,鲁班大师,7,阵营1 胜利,"影,王昭君,元流之子(射手),橘右京,鲁班大师","哪吒,嫦娥,百里守约,裴擒虎,东皇太一"
东皇太一,鲁班大师,8,阵营1 胜利,"刘邦,海月,后羿,马超,鲁班大师","孙策,沈梦溪,敖隐,雅典娜,东皇太一"
东皇太一,鲁班大师,9,阵营2 胜利,"蒙恬,海月,李信,司马懿,鲁班大师","狂铁,杨玉环,戈娅,裴擒虎,东皇太一"
东皇太一,鲁班大师,10,阵营1 胜利,"哪吒,小乔,李信,刘备,鲁班大师","元歌,海月,元流之子(射手),橘右京,东皇太一"
东皇太一,鲁班大师,11,阵营2 胜利,"白起,武则天,戈娅,马超,东皇太一","狂铁,金蝉,鲁班七号,裴擒虎,鲁班大师"
东皇太一,鲁班大师,12,阵营2 胜利,"影,海月,敖隐,铠,东皇太一","哪吒,安琪拉,公孙离,橘右京,鲁班大师"
东皇太一,鲁班大师,13,阵营2 胜利,"姬小满,干将莫邪,孙权,韩信,东皇太一","花木兰,诸葛亮,鲁班七号,百里玄策,鲁班大师"
东皇太一,鲁班大师,14,阵营1 胜利,"马超,女娲,戈娅,裴擒虎,东皇太一","影,不知火舞,公孙离,澜,鲁班大师"
东皇太一,鲁班大师,15,阵营1 胜利,"狂铁,海月,虞姬,橘右京,东皇太一","吕布,上官婉儿,元流之子(射手),云中君,鲁班大师"
东皇太一,鲁班大师,16,阵营1 胜利,"亚瑟,沈梦溪,李元芳,裴擒虎,东皇太一","蒙恬,女娲,蒙犽,阿轲,鲁班大师"
东皇太一,鲁班大师,17,阵营1 胜利,"哪吒,大乔,元流之子(射手),铠,东皇太一","蚩奼,甄姬,敖隐,韩信,鲁班大师"
东皇太一,鲁班大师,18,阵营2 胜利,"曹操,沈梦溪,苍,宫本武藏,鲁班大师","蒙恬,诸葛亮,后羿,暃,东皇太一"
东皇太一,鲁班大师,19,阵营2 胜利,"曹操,女娲,元流之子(射手),暃,东皇太一","哪吒,大乔,蚩奼,百里玄策,鲁班大师"
东皇太一,桑启,1,阵营2 胜利,"哪吒,沈梦溪,马可波罗,镜,东皇太一","老夫子,大乔,公孙离,孙悟空,桑启"
东皇太一,桑启,2,阵营1 胜利,"哪吒,不知火舞,戈娅,司马懿,东皇太一","夏洛特,武则天,孙尚香,镜,桑启"
东皇太一,桑启,3,阵营2 胜利,"狂铁,安琪拉,百里守约,暃,东皇太一","亚连,杨玉环,虞姬,镜,桑启"
东皇太一,桑启,4,阵营1 胜利,"狂铁,嫦娥,戈娅,铠,桑启","老夫子,沈梦溪,元流之子(射手),裴擒虎,东皇太一"
东皇太一,桑启,5,阵营1 胜利,"关羽,女娲,元流之子(射手),曜,桑启","吕布,沈梦溪,蚩奼,百里玄策,东皇太一"
东皇太一,桑启,6,阵营2 胜利,"兰陵王,嫦娥,元流之子(射手),娜可露露,东皇太一","狂铁,貂蝉,艾琳,暃,桑启"
东皇太一,桑启,7,阵营1 胜利,"曹操,嫦娥,后羿,暃,桑启","马超,小乔,元流之子(射手),铠,东皇太一"
东皇太一,桑启,8,阵营1 胜利,"马超,高渐离,孙权,杨戬,东皇太一","白起,女娲,戈娅,露娜,桑启"
东皇太一,桑启,9,阵营1 胜利,"孙策,甄姬,狄仁杰,诸葛亮,东皇太一","杨戬,沈梦溪,元流之子(射手),孙悟空,桑启"
东皇太一,桑启,10,阵营1 胜利,"达摩,海月,元流之子(射手),百里玄策,东皇太一","元歌,大乔,戈娅,盘古,桑启"
东皇太一,桑启,11,阵营1 胜利,"关羽,诸葛亮,元流之子(射手),哪吒,东皇太一","狂铁,沈梦溪,苍,韩信,桑启"
东皇太一,桑启,12,阵营2 胜利,"姬小满,女娲,司空震,裴擒虎,桑启","元歌,小乔,狄仁杰,橘右京,东皇太一"
东皇太一,桑启,13,阵营2 胜利,"哪吒,杨玉环,苍,橘右京,东皇太一","狂铁,上官婉儿,狄仁杰,雅典娜,桑启"
东皇太一,桑启,14,阵营1 胜利,"影,大乔,戈娅,云缨,桑启","蒙恬,嫦娥,元流之子(射手),露娜,东皇太一"
东皇太一,桑启,15,阵营1 胜利,"司空震,嫦娥,马可波罗,宫本武藏,桑启","姬小满,小乔,后羿,大司命,东皇太一"
东皇太一,桑启,16,阵营1 胜利,"司空震,甄姬,蒙犽,云缨,东皇太一","关羽,上官婉儿,元流之子(射手),大司命,桑启"
东皇太一,桑启,17,阵营1 胜利,"关羽,武则天,李信,曜,桑启","元歌,海月,蚩奼,镜,东皇太一"
东皇太一,桑启,18,阵营1 胜利,"廉颇,不知火舞,狄仁杰,橘右京,桑启","老夫子,嫦娥,元流之子(射手),娜可露露,东皇太一"
东皇太一,桑启,19,阵营1 胜利,"曹操,干将莫邪,元流之子(射手),云缨,东皇太一","项羽,嬴政,莱西奥,暃,桑启"
东皇太一,赵怀真,1,阵营2 胜利,"马超,女娲,公孙离,诸葛亮,赵怀真","元歌,貂蝉,戈娅,娜可露露,东皇太一"
东皇太一,赵怀真,2,阵营2 胜利,"蚩奼,干将莫邪,苍,韩信,东皇太一","影,嫦娥,元流之子(射手),典韦,赵怀真"
东皇太一,赵怀真,3,阵营2 胜利,"关羽,不知火舞,元流之子(射手),韩信,赵怀真","蚩奼,诸葛亮,公孙离,孙悟空,东皇太一"
东皇太一,赵怀真,4,阵营2 胜利,"影,沈梦溪,艾琳,裴擒虎,东皇太一","哪吒,不知火舞,元流之子(射手),马超,赵怀真"
东皇太一,赵怀真,5,阵营2 胜利,"夏洛特,小乔,公孙离,云缨,东皇太一","哪吒,诸葛亮,戈娅,雅典娜,赵怀真"
东皇太一,赵怀真,6,阵营1 胜利,"孙策,女娲,李信,暃,赵怀真","曹操,姜子牙,苍,司马懿,东皇太一"
东皇太一,赵怀真,7,阵营2 胜利,"孙策,貂蝉,莱西奥,阿古朵,东皇太一","狂铁,沈梦溪,戈娅,芈月,赵怀真"
东皇太一,赵怀真,8,阵营1 胜利,"老夫子,诸葛亮,孙权,哪吒,东皇太一","司空震,嫦娥,戈娅,典韦,赵怀真"
东皇太一,赵怀真,9,阵营1 胜利,"狂铁,高渐离,敖隐,橘右京,赵怀真","曹操,小乔,元流之子(射手),雅典娜,东皇太一"
东皇太一,赵怀真,10,阵营2 胜利,"元歌,妲己,敖隐,暃,赵怀真","项羽,嫦娥,元流之子(射手),镜,东皇太一"
东皇太一,赵怀真,11,阵营2 胜利,"马超,海月,狄仁杰,暃,赵怀真","影,甄姬,后羿,梦奇,东皇太一"
东皇太一,赵怀真,12,阵营2 胜利,"马超,沈梦溪,百里守约,孙悟空,赵怀真","影,不知火舞,元流之子(射手),司空震,东皇太一"
东皇太一,赵怀真,13,阵营1 胜利,"哪吒,太乙真人,敖隐,嫦娥,赵怀真","影,干将莫邪,戈娅,马超,东皇太一"
东皇太一,赵怀真,14,阵营2 胜利,"亚瑟,小乔,孙权,李元芳,东皇太一","关羽,不知火舞,蚩奼,韩信,赵怀真"
东皇太一,赵怀真,15,阵营2 胜利,"狂铁,海月,公孙离,盘古,东皇太一","曹操,小乔,敖隐,暃,赵怀真"
东皇太一,赵怀真,16,阵营2 胜利,"貂蝉,嫦娥,百里守约,云中君,东皇太一","杨戬,小乔,孙权,宫本武藏,赵怀真"
东皇太一,赵怀真,17,阵营1 胜利,"兰陵王,上官婉儿,元流之子(射手),司马懿,东皇太一","亚瑟,高渐离,李元芳,阿古朵,赵怀真"
东皇太一,赵怀真,18,阵营1 胜利,"影,杨玉环,戈娅,裴擒虎,赵怀真","廉颇,海诺,公孙离,马超,东皇太一"
东皇太一,赵怀真,19,阵营1 胜利,"狂铁,不知火舞,元流之子(射手),马超,赵怀真","曹操,甄姬,虞姬,阿古朵,东皇太一"
东皇太一,空空儿,1,阵营1 胜利,"吕布,海月,敖隐,哪吒,空空儿","司空震,大乔,虞姬,猪八戒,东皇太一"
东皇太一,空空儿,2,阵营1 胜利,"达摩,沈梦溪,戈娅,裴擒虎,空空儿","白起,武则天,艾琳,雅典娜,东皇太一"
东皇太一,空空儿,3,阵营2 胜利,"暃,小乔,元流之子(射手),马超,东皇太一","夏洛特,貂蝉,蚩奼,露娜,空空儿"
东皇太一,空空儿,4,阵营2 胜利,"马超,西施,鲁班七号,百里玄策,东皇太一","孙策,嫦娥,元流之子(射手),诸葛亮,空空儿"
东皇太一,空空儿,5,阵营2 胜利,"影,弈星,元流之子(射手),李白,空空儿","夏洛特,沈梦溪,蚩奼,云中君,东皇太一"
东皇太一,空空儿,6,阵营2 胜利,"元歌,小乔,戈娅,百里玄策,空空儿","蒙恬,干将莫邪,公孙离,马超,东皇太一"
东皇太一,空空儿,7,阵营1 胜利,"老夫子,西施,虞姬,百里玄策,空空儿","亚瑟,大乔,狄仁杰,赵云,东皇太一"
东皇太一,空空儿,8,阵营1 胜利,"元歌,西施,虞姬,刘备,东皇太一","狂铁,诸葛亮,孙权,裴擒虎,空空儿"
东皇太一,空空儿,9,阵营1 胜利,"元流之子(坦克),大乔,公孙离,韩信,空空儿","影,沈梦溪,戈娅,百里玄策,东皇太一"
东皇太一,空空儿,10,阵营2 胜利,"司空震,沈梦溪,李信,铠,东皇太一","夏洛特,嫦娥,艾琳,橘右京,空空儿"
东皇太一,空空儿,11,阵营2 胜利,"曹操,妲己,苍,暃,空空儿","花木兰,沈梦溪,元流之子(射手),宫本武藏,东皇太一"
东皇太一,空空儿,12,阵营1 胜利,"蚩奼,沈梦溪,李信,元流之子(刺客),空空儿","狂铁,诸葛亮,元流之子(射手),韩信,东皇太一"
东皇太一,空空儿,13,阵营2 胜利,"司空震,貂蝉,公孙离,百里玄策,东皇太一","蚩奼,沈梦溪,孙权,橘右京,空空儿"
东皇太一,空空儿,14,阵营1 胜利,"哪吒,嫦娥,艾琳,元流之子(刺客),东皇太一","关羽,沈梦溪,虞姬,杨戬,空空儿"
东皇太一,空空儿,15,阵营2 胜利,"曹操,诸葛亮,马可波罗,云中君,东皇太一","影,沈梦溪,孙权,马超,空空儿"
东皇太一,空空儿,16,阵营1 胜利,"元歌,武则天,虞姬,澜,空空儿","狂铁,嬴政,元流之子(射手),镜,东皇太一"
东皇太一,空空儿,17,阵营2 胜利,"哪吒,海诺,敖隐,镜,空空儿","蚩奼,沈梦溪,元流之子(射手),裴擒虎,东皇太一"
东皇太一,空空儿,18,阵营2 胜利,"司空震,海月,李信,李白,空空儿","芈月,嫦娥,狄仁杰,典韦,东皇太一"
东皇太一,空空儿,19,阵营2 胜利,"影,海月,艾琳,诸葛亮,空空儿","姬小满,安琪拉,李信,赵云,东皇太一"
东皇太一,少司缘,1,阵营1 胜利,"影,海月,敖隐,阿古朵,东皇太一","马超,海诺,蚩奼,铠,少司缘"
东皇太一,少司缘,2,阵营2 胜利,"白起,沈梦溪,虞姬,裴擒虎,东皇太一","蒙恬,高渐离,苍,澜,少司缘"
东皇太一,少司缘,3,阵营1 胜利,"影,沈梦溪,蚩奼,夏侯惇,少司缘","达摩,小乔,孙权,云缨,东皇太一"
东皇太一,少司缘,4,阵营2 胜利,"花木兰,女娲,戈娅,诸葛亮,东皇太一","哪吒,不知火舞,莱西奥,典韦,少司缘"
东皇太一,少司缘,5,阵营1 胜利,"老夫子,嫦娥,蚩奼,镜,少司缘","海诺,元流之子(法师),公孙离,百里玄策,东皇太一"
东皇太一,少司缘,6,阵营2 胜利,"铠,沈梦溪,蚩奼,李元芳,东皇太一","孙策,杨玉环,戈娅,镜,少司缘"
东皇太一,少司缘,7,阵营1 胜利,"亚瑟,沈梦溪,后羿,娜可露露,东皇太一","夏侯惇,小乔,公孙离,韩信,少司缘"
东皇太一,少司缘,8,阵营1 胜利,"蚩奼,海诺,戈娅,马超,少司缘","司空震,貂蝉,元流之子(射手),铠,东皇太一"
东皇太一,少司缘,9,阵营1 胜利,"夏洛特,嫦娥,元流之子(射手),露娜,少司缘","花木兰,干将莫邪,狄仁杰,赵云,东皇太一"
东皇太一,少司缘,10,阵营2 胜利,"蒙恬,大乔,李信,韩信,少司缘","蚩奼,女娲,元流之子(射手),镜,东皇太一"
东皇太一,少司缘,11,阵营2 胜利,"哪吒,海诺,虞姬,大司命,东皇太一","蚩奼,安琪拉,孙权,露娜,少司缘"
东皇太一,少司缘,12,阵营1 胜利,"马超,弈星,元流之子(射手),暃,少司缘","司空震,杨玉环,戈娅,阿古朵,东皇太一"
东皇太一,少司缘,13,阵营2 胜利,"影,西施,公孙离,暃,少司缘","杨戬,不知火舞,虞姬,孙悟空,东皇太一"
东皇太一,少司缘,14,阵营2 胜利,"哪吒,沈梦溪,敖隐,阿古朵,少司缘","老夫子,杨玉环,后羿,宫本武藏,东皇太一"
东皇太一,少司缘,15,阵营2 胜利,"狂铁,沈梦溪,蚩奼,孙悟空,东皇太一","花木兰,武则天,元流之子(射手),赵云,少司缘"
东皇太一,少司缘,16,阵营2 胜利,"蒙恬,干将莫邪,苍,云缨,少司缘","哪吒,扁鹊,元流之子(射手),典韦,东皇太一"
东皇太一,少司缘,17,阵营2 胜利,"亚瑟,武则天,元流之子(射手),梦奇,东皇太一","元歌,安琪拉,后羿,阿古朵,少司缘"
东皇太一,少司缘,18,阵营2 胜利,"影,沈梦溪,马可波罗,梦奇,少司缘","亚瑟,海月,元流之子(射手),裴擒虎,东皇太一"
东皇太一,少司缘,19,阵营1 胜利,"关羽,沈梦溪,元流之子(射手),云缨,东皇太一","老夫子,戈娅,宫本武藏,少司缘,安琪拉"
东皇太一,元流之子(坦克),1,阵营1 胜利,"蚩奼,小乔,戈娅,韩信,元流之子(坦克)","曹操,诸葛亮,李信,李白,东皇太一"
东皇太一,元流之子(坦克),2,阵营1 胜利,"吕布,西施,蚩奼,裴擒虎,东皇太一","曹操,武则天,孙权,云缨,元流之子(坦克)"
东皇太一,元流之子(坦克),3,阵营2 胜利,"哪吒,诸葛亮,孙权,典韦,元流之子(坦克)","影,沈梦溪,公孙离,韩信,东皇太一"
东皇太一,元流之子(坦克),4,阵营2 胜利,"关羽,武则天,元流之子(射手),镜,东皇太一","司空震,嫦娥,蚩奼,赵云,元流之子(坦克)"
东皇太一,元流之子(坦克),5,阵营1 胜利,"孙策,高渐离,戈娅,孙悟空,东皇太一","吕布,杨玉环,虞姬,阿古朵,元流之子(坦克)"
东皇太一,元流之子(坦克),6,阵营1 胜利,"狂铁,嫦娥,艾琳,镜,东皇太一","元歌,女娲,虞姬,裴擒虎,元流之子(坦克)"
东皇太一,元流之子(坦克),7,阵营1 胜利,"姬小满,貂蝉,元流之子(射手),大司命,东皇太一","狂铁,女娲,百里守约,司马懿,元流之子(坦克)"
东皇太一,元流之子(坦克),8,阵营2 胜利,"哪吒,海诺,元流之子(射手),裴擒虎,东皇太一","司空震,女娲,蚩奼,露娜,元流之子(坦克)"
东皇太一,元流之子(坦克),9,阵营1 胜利,"马超,不知火舞,蒙犽,暃,元流之子(坦克)","元歌,高渐离,戈娅,孙悟空,东皇太一"
东皇太一,元流之子(坦克),10,阵营2 胜利,"夏洛特,沈梦溪,李信,裴擒虎,元流之子(坦克)","孙策,海月,虞姬,镜,东皇太一"
东皇太一,元流之子(坦克),11,阵营2 胜利,"影,弈星,马可波罗,百里玄策,元流之子(坦克)","芈月,女娲,公孙离,橘右京,东皇太一"
东皇太一,元流之子(坦克),12,阵营1 胜利,"司空震,嬴政,公孙离,云中君,元流之子(坦克)","元歌,沈梦溪,元流之子(射手),诸葛亮,东皇太一"
东皇太一,元流之子(坦克),13,阵营1 胜利,"关羽,不知火舞,李信,镜,元流之子(坦克)","元歌,大乔,戈娅,裴擒虎,东皇太一"
东皇太一,元流之子(坦克),14,阵营2 胜利,"元歌,诸葛亮,公孙离,裴擒虎,东皇太一","蚩奼,沈梦溪,后羿,马超,元流之子(坦克)"
东皇太一,元流之子(坦克),15,阵营2 胜利,"芈月,姜子牙,敖隐,盘古,东皇太一","夏洛特,沈梦溪,李信,马超,元流之子(坦克)"
东皇太一,元流之子(坦克),16,阵营2 胜利,"关羽,西施,戈娅,哪吒,东皇太一","花木兰,嫦娥,狄仁杰,曜,元流之子(坦克)"
东皇太一,元流之子(坦克),17,阵营2 胜利,"关羽,沈梦溪,艾琳,孙悟空,元流之子(坦克)","姬小满,海月,蚩奼,诸葛亮,东皇太一"
东皇太一,元流之子(坦克),18,阵营2 胜利,"哪吒,干将莫邪,戈娅,裴擒虎,东皇太一","司空震,貂蝉,艾琳,曜,元流之子(坦克)"
东皇太一,元流之子(坦克),19,阵营1 胜利,"元歌,大乔,戈娅,裴擒虎,元流之子(坦克)","司空震,上官婉儿,百里守约,宫本武藏,东皇太一"
东皇太一,元流之子(辅助),1,阵营2 胜利,"哪吒,周瑜,蚩奼,裴擒虎,东皇太一","老夫子,弈星,李元芳,典韦,元流之子(辅助)"
东皇太一,元流之子(辅助),2,阵营1 胜利,"梦奇,女娲,狄仁杰,镜,元流之子(辅助)","司空震,高渐离,蚩奼,百里玄策,东皇太一"
东皇太一,元流之子(辅助),3,阵营1 胜利,"狂铁,甄姬,狄仁杰,韩信,元流之子(辅助)","花木兰,高渐离,元流之子(射手),云缨,东皇太一"
东皇太一,元流之子(辅助),4,阵营1 胜利,"夏洛特,干将莫邪,孙权,刘备,元流之子(辅助)","哪吒,嫦娥,李信,露娜,东皇太一"
东皇太一,元流之子(辅助),5,阵营2 胜利,"亚连,貂蝉,戈娅,雅典娜,东皇太一","狂铁,嫦娥,艾琳,铠,元流之子(辅助)"
东皇太一,元流之子(辅助),6,阵营1 胜利,"司空震,甄姬,莱西奥,韩信,东皇太一","蚩奼,金蝉,李信,司马懿,元流之子(辅助)"
东皇太一,元流之子(辅助),7,阵营1 胜利,"曹操,沈梦溪,元流之子(射手),裴擒虎,东皇太一","蒙恬,西施,狄仁杰,孙悟空,元流之子(辅助)"
东皇太一,元流之子(辅助),8,阵营2 胜利,"花木兰,米莱狄,公孙离,镜,东皇太一","司空震,安琪拉,李信,韩信,元流之子(辅助)"
东皇太一,元流之子(辅助),9,阵营1 胜利,"关羽,高渐离,元流之子(射手),宫本武藏,东皇太一","花木兰,女娲,孙权,阿古朵,元流之子(辅助)"
东皇太一,元流之子(辅助),10,阵营2 胜利,"马超,嫦娥,百里守约,娜可露露,东皇太一","曹操,小乔,孙权,澜,元流之子(辅助)"
东皇太一,元流之子(辅助),11,阵营2 胜利,"狂铁,海月,孙尚香,橘右京,东皇太一","哪吒,嫦娥,虞姬,云缨,元流之子(辅助)"
东皇太一,元流之子(辅助),12,阵营1 胜利,"蒙恬,不知火舞,蚩奼,暃,东皇太一","影,沈梦溪,孙权,宫本武藏,元流之子(辅助)"
东皇太一,元流之子(辅助),13,阵营1 胜利,"夏洛特,沈梦溪,戈娅,李白,东皇太一","芈月,周瑜,蚩奼,阿古朵,元流之子(辅助)"
东皇太一,元流之子(辅助),14,阵营2 胜利,"老夫子,扁鹊,敖隐,露娜,元流之子(辅助)","影,女娲,虞姬,元流之子(刺客),东皇太一"
东皇太一,元流之子(辅助),15,阵营2 胜利,"狂铁,貂蝉,狄仁杰,赵云,元流之子(辅助)","马超,弈星,蚩奼,暃,东皇太一"
东皇太一,元流之子(辅助),16,阵营1 胜利,"狂铁,西施,戈娅,大司命,元流之子(辅助)","老夫子,沈梦溪,苍,韩信,东皇太一"
东皇太一,元流之子(辅助),17,阵营1 胜利,"影,大乔,后羿,铠,东皇太一","元歌,海诺,虞姬,哪吒,元流之子(辅助)"
东皇太一,元流之子(辅助),18,阵营2 胜利,"哪吒,诸葛亮,艾琳,暃,元流之子(辅助)","司空震,上官婉儿,蚩奼,韩信,东皇太一"
东皇太一,元流之子(辅助),19,阵营2 胜利,"狂铁,武则天,百里守约,宫本武藏,元流之子(辅助)","哪吒,貂蝉,蚩奼,铠,东皇太一"
大禹,鬼谷子,1,阵营2 胜利,"梦奇,上官婉儿,元流之子(射手),刘备,鬼谷子","夏洛特,西施,李信,廉颇,大禹"
大禹,鬼谷子,2,阵营1 胜利,"狂铁,沈梦溪,公孙离,云中君,大禹","曹操,不知火舞,元流之子(射手),橘右京,鬼谷子"
大禹,鬼谷子,3,阵营2 胜利,"花木兰,墨子,蚩奼,裴擒虎,鬼谷子","哪吒,诸葛亮,元流之子(射手),暃,大禹"
大禹,鬼谷子,4,阵营1 胜利,"亚瑟,嫦娥,元流之子(射手),阿古朵,大禹","影,甄姬,戈娅,大司命,鬼谷子"
大禹,鬼谷子,5,阵营1 胜利,"蒙恬,太乙真人,戈娅,曜,大禹","花木兰,西施,莱西奥,大司命,鬼谷子"
大禹,鬼谷子,6,阵营1 胜利,"狂铁,王昭君,元流之子(射手),百里玄策,鬼谷子","关羽,海诺,苍,马超,大禹"
大禹,鬼谷子,7,阵营2 胜利,"影,海月,戈娅,百里玄策,鬼谷子","夏洛特,嫦娥,元流之子(射手),裴擒虎,大禹"
大禹,鬼谷子,8,阵营1 胜利,"亚瑟,小乔,虞姬,刘备,鬼谷子","蒙恬,西施,蚩奼,马超,大禹"
大禹,鬼谷子,9,阵营1 胜利,"芈月,杨玉环,元流之子(射手),韩信,鬼谷子","钟无艳,海月,李信,镜,大禹"
大禹,鬼谷子,10,阵营1 胜利,"狂铁,干将莫邪,蚩奼,司马懿,鬼谷子","花木兰,甄姬,公孙离,宫本武藏,大禹"
大禹,鬼谷子,11,阵营1 胜利,"孙策,弈星,敖隐,韩信,大禹","狂铁,小乔,公孙离,阿古朵,鬼谷子"
大禹,鬼谷子,12,阵营2 胜利,"老夫子,小乔,敖隐,韩信,大禹","马超,上官婉儿,元流之子(射手),梦奇,鬼谷子"
大禹,鬼谷子,13,阵营1 胜利,"哪吒,不知火舞,元流之子(射手),赵云,大禹","关羽,貂蝉,孙权,暃,鬼谷子"
大禹,鬼谷子,14,阵营1 胜利,"花木兰,沈梦溪,戈娅,镜,鬼谷子","蒙恬,貂蝉,苍,裴擒虎,大禹"
大禹,鬼谷子,15,阵营1 胜利,"姬小满,沈梦溪,孙权,司马懿,大禹","关羽,不知火舞,蚩奼,裴擒虎,鬼谷子"
大禹,鬼谷子,16,阵营1 胜利,"马超,沈梦溪,敖隐,孙悟空,鬼谷子","曹操,西施,苍,裴擒虎,大禹"
大禹,鬼谷子,17,阵营2 胜利,"司空震,安琪拉,狄仁杰,宫本武藏,大禹","哪吒,干将莫邪,戈娅,刘备,鬼谷子"
大禹,鬼谷子,18,阵营2 胜利,"孙策,王昭君,元流之子(射手),暃,鬼谷子","影,弈星,戈娅,露娜,大禹"
大禹,鬼谷子,19,阵营2 胜利,"元歌,杨玉环,蚩奼,梦奇,鬼谷子","夏洛特,沈梦溪,元流之子(射手),马超,大禹"
大禹,大乔,1,阵营2 胜利,"姬小满,女娲,孙权,宫本武藏,大乔","马超,海诺,戈娅,阿轲,大禹"
大禹,大乔,2,阵营1 胜利,"曹操,海月,百里守约,典韦,大禹","元歌,貂蝉,李信,铠,大乔"
大禹,大乔,3,阵营2 胜利,"白起,上官婉儿,戈娅,赵云,大乔","蚩奼,沈梦溪,元流之子(射手),暃,大禹"
大禹,大乔,4,阵营2 胜利,"兰陵王,貂蝉,艾琳,暃,大禹","赵怀真,不知火舞,元流之子(射手),镜,大乔"
大禹,大乔,5,阵营1 胜利,"关羽,甄姬,元流之子(射手),镜,大乔","亚瑟,嫦娥,戈娅,典韦,大禹"
大禹,大乔,6,阵营1 胜利,"哪吒,武则天,元流之子(射手),影,大禹","老夫子,甄姬,蚩奼,暃,大乔"
大禹,大乔,7,阵营1 胜利,"影,貂蝉,孙权,镜,大乔","哪吒,杨玉环,元流之子(射手),孙悟空,大禹"
大禹,大乔,8,阵营2 胜利,"哪吒,嬴政,蚩奼,云缨,大禹","元歌,貂蝉,元流之子(射手),裴擒虎,大乔"
大禹,大乔,9,阵营2 胜利,"司空震,甄姬,元流之子(射手),镜,大禹","芈月,姜子牙,百里守约,暃,大乔"
大禹,大乔,10,阵营1 胜利,"影,嫦娥,虞姬,娜可露露,大禹","曹操,海月,公孙离,暃,大乔"
大禹,大乔,11,阵营2 胜利,"吕布,武则天,蚩奼,裴擒虎,大乔","芈月,沈梦溪,元流之子(射手),暃,大禹"
大禹,大乔,12,阵营2 胜利,"项羽,高渐离,蚩奼,韩信,大禹","蒙恬,嫦娥,百里守约,裴擒虎,大乔"
大禹,大乔,13,阵营2 胜利,"狂铁,不知火舞,敖隐,哪吒,大乔","花木兰,元流之子(法师),苍,孙悟空,大禹"
大禹,大乔,14,阵营2 胜利,"影,安琪拉,公孙离,雅典娜,大乔","白起,嬴政,戈娅,云缨,大禹"
大禹,大乔,15,阵营1 胜利,"蚩奼,西施,戈娅,裴擒虎,大禹","老夫子,嫦娥,元流之子(射手),露娜,大乔"
大禹,大乔,16,阵营2 胜利,"元歌,不知火舞,戈娅,赵云,大禹","赵怀真,沈梦溪,元流之子(射手),裴擒虎,大乔"
大禹,大乔,17,阵营2 胜利,"孙策,嬴政,艾琳,裴擒虎,大禹","哪吒,上官婉儿,元流之子(射手),司马懿,大乔"
大禹,大乔,18,阵营1 胜利,"影,嫦娥,李信,暃,大禹","曜,女娲,蚩奼,镜,大乔"
大禹,大乔,19,阵营2 胜利,"刘邦,嫦娥,虞姬,赵云,大禹","老夫子,干将莫邪,戈娅,李白,大乔"
大禹,苏烈,1,阵营1 胜利,"狂铁,武则天,公孙离,暃,大禹","曹操,诸葛亮,蚩奼,铠,苏烈"
大禹,苏烈,2,阵营2 胜利,"曹操,海月,元流之子(射手),铠,苏烈","狂铁,女娲,蒙犽,孙悟空,大禹"
大禹,苏烈,3,阵营2 胜利,"哪吒,杨玉环,虞姬,暃,大禹","白起,海诺,狄仁杰,镜,苏烈"
大禹,苏烈,4,阵营2 胜利,"蒙恬,沈梦溪,戈娅,橘右京,大禹","夏洛特,上官婉儿,元流之子(射手),云中君,苏烈"
大禹,苏烈,5,阵营1 胜利,"杨戬,女娲,戈娅,曜,大禹","亚瑟,弈星,元流之子(射手),宫本武藏,苏烈"
大禹,苏烈,6,阵营2 胜利,"狂铁,小乔,元流之子(射手),阿轲,苏烈","杨戬,墨子,苍,裴擒虎,大禹"
大禹,苏烈,7,阵营2 胜利,"狂铁,小乔,元流之子(射手),百里玄策,大禹","兰陵王,嫦娥,戈娅,大司命,苏烈"
大禹,苏烈,8,阵营1 胜利,"马超,西施,敖隐,元流之子(刺客),大禹","关羽,武则天,苍,铠,苏烈"
大禹,苏烈,9,阵营2 胜利,"海诺,大乔,孙权,暃,大禹","影,沈梦溪,元流之子(射手),百里玄策,苏烈"
大禹,苏烈,10,阵营1 胜利,"影,沈梦溪,元流之子(射手),裴擒虎,苏烈","关羽,女娲,孙权,李元芳,大禹"
大禹,苏烈,11,阵营2 胜利,"元歌,女娲,敖隐,百里玄策,苏烈","白起,苍,海诺,裴擒虎,大禹"
大禹,苏烈,12,阵营2 胜利,"狂铁,海诺,元流之子(射手),韩信,大禹","蒙恬,诸葛亮,后羿,杨戬,苏烈"
大禹,苏烈,13,阵营2 胜利,"姬小满,沈梦溪,苍,韩信,大禹","芈月,高渐离,虞姬,暃,苏烈"
大禹,苏烈,14,阵营1 胜利,"达摩,海诺,李信,阿轲,苏烈","元歌,杨玉环,戈娅,镜,大禹"
大禹,苏烈,15,阵营2 胜利,"元歌,甄姬,元流之子(射手),韩信,大禹","马超,海月,虞姬,诸葛亮,苏烈"
大禹,苏烈,16,阵营1 胜利,"老夫子,海诺,戈娅,韩信,苏烈","马超,沈梦溪,元流之子(射手),孙悟空,大禹"
大禹,苏烈,17,阵营2 胜利,"花木兰,沈梦溪,虞姬,大司命,大禹","钟无艳,小乔,李信,暃,苏烈"
大禹,苏烈,18,阵营1 胜利,"达摩,墨子,元流之子(射手),露娜,苏烈","狂铁,沈梦溪,苍,裴擒虎,大禹"
大禹,苏烈,19,阵营2 胜利,"狂铁,貂蝉,戈娅,裴擒虎,苏烈","老夫子,武则天,元流之子(射手),阿古朵,大禹"
大禹,明世隐,1,阵营1 胜利,"老夫子,嫦娥,元流之子(射手),韩信,明世隐","亚连,女娲,李信,李元芳,大禹"
大禹,明世隐,2,阵营1 胜利,"老夫子,嫦娥,元流之子(射手),钟无艳,明世隐","曹操,小乔,李信,百里玄策,大禹"
大禹,明世隐,3,阵营2 胜利,"蚩奼,弈星,元流之子(射手),阿古朵,明世隐","狂铁,不知火舞,公孙离,哪吒,大禹"
大禹,明世隐,4,阵营2 胜利,"吕布,女娲,孙尚香,马超,大禹","司空震,不知火舞,苍,哪吒,明世隐"
大禹,明世隐,5,阵营2 胜利,"关羽,沈梦溪,孙尚香,阿古朵,明世隐","狂铁,武则天,李信,孙悟空,大禹"
大禹,明世隐,6,阵营2 胜利,"程咬金,沈梦溪,元流之子(射手),典韦,明世隐","芈月,女娲,孙权,暃,大禹"
大禹,明世隐,7,阵营2 胜利,"蒙恬,周瑜,元流之子(射手),赵云,明世隐","马超,嫦娥,戈娅,李元芳,大禹"
大禹,明世隐,8,阵营1 胜利,"老夫子,上官婉儿,蚩奼,李元芳,明世隐","夏洛特,弈星,孙权,铠,大禹"
大禹,明世隐,9,阵营2 胜利,"狂铁,小乔,元流之子(射手),诸葛亮,明世隐","老夫子,不知火舞,公孙离,元流之子(刺客),大禹"
大禹,明世隐,10,阵营2 胜利,"元歌,嫦娥,戈娅,李元芳,大禹","杨戬,貂蝉,元流之子(射手),诸葛亮,明世隐"
大禹,明世隐,11,阵营2 胜利,"哪吒,海诺,戈娅,韩信,明世隐","司空震,貂蝉,蚩奼,影,大禹"
大禹,明世隐,12,阵营2 胜利,"老夫子,大乔,虞姬,曜,明世隐","亚连,杨玉环,元流之子(射手),李白,大禹"
大禹,明世隐,13,阵营2 胜利,"关羽,沈梦溪,元流之子(射手),裴擒虎,明世隐","元歌,貂蝉,苍,暃,大禹"
大禹,明世隐,14,阵营1 胜利,"花木兰,貂蝉,元流之子(射手),赵云,大禹","夏洛特,女娲,马可波罗,阿古朵,明世隐"
大禹,明世隐,15,阵营2 胜利,"元歌,小乔,公孙离,橘右京,大禹","夏洛特,貂蝉,元流之子(射手),百里玄策,明世隐"
大禹,明世隐,16,阵营2 胜利,"蒙恬,墨子,戈娅,韩信,明世隐","关羽,海诺,虞姬,镜,大禹"
大禹,明世隐,17,阵营1 胜利,"蚩奼,干将莫邪,戈娅,杨戬,大禹","项羽,武则天,艾琳,阿古朵,明世隐"
大禹,明世隐,18,阵营2 胜利,"影,海月,戈娅,百里玄策,大禹","姬小满,姜子牙,艾琳,杨戬,明世隐"
大禹,明世隐,19,阵营1 胜利,"马超,甄姬,黄忠,元流之子(刺客),大禹","司空震,嫦娥,莱西奥,娜可露露,明世隐"
大禹,瑶,1,阵营1 胜利,"老夫子,诸葛亮,后羿,马超,大禹","司空震,小乔,元流之子(射手),李白,瑶"
大禹,瑶,2,阵营2 胜利,"司空震,嫦娥,元流之子(射手),典韦,瑶","芈月,元流之子(法师),公孙离,曜,大禹"
大禹,瑶,3,阵营2 胜利,"元歌,沈梦溪,孙尚香,司马懿,瑶","狂铁,小乔,蒙犽,大司命,大禹"
大禹,瑶,4,阵营1 胜利,"曹操,墨子,戈娅,司马懿,瑶","狂铁,小乔,元流之子(射手),刘备,大禹"
大禹,瑶,5,阵营2 胜利,"狂铁,杨玉环,蚩奼,李元芳,瑶","哪吒,不知火舞,元流之子(射手),盘古,大禹"
大禹,瑶,6,阵营1 胜利,"哪吒,嫦娥,苍,铠,大禹","花木兰,西施,元流之子(射手),百里玄策,瑶"
大禹,瑶,7,阵营1 胜利,"司空震,甄姬,公孙离,韩信,瑶","夏洛特,小乔,元流之子(射手),宫本武藏,大禹"
大禹,瑶,8,阵营1 胜利,"狂铁,大乔,元流之子(射手),马超,瑶","影,嫦娥,苍,盘古,大禹"
大禹,瑶,9,阵营1 胜利,"哪吒,小乔,百里守约,镜,瑶","关羽,杨玉环,戈娅,司马懿,大禹"
大禹,瑶,10,阵营1 胜利,"花木兰,沈梦溪,苍,马超,瑶","蚩奼,嫦娥,元流之子(射手),暃,大禹"
大禹,瑶,11,阵营1 胜利,"亚连,沈梦溪,孙权,阿古朵,大禹","哪吒,弈星,戈娅,澜,瑶"
大禹,瑶,12,阵营2 胜利,"亚瑟,武则天,蚩奼,裴擒虎,大禹","夏洛特,小乔,虞姬,云缨,瑶"
大禹,瑶,13,阵营1 胜利,"蚩奼,嫦娥,李信,铠,瑶","影,小乔,孙权,马超,大禹"
大禹,瑶,14,阵营1 胜利,"曹操,嫦娥,虞姬,百里玄策,大禹","元歌,小乔,蚩奼,阿古朵,瑶"
大禹,瑶,15,阵营2 胜利,"司空震,女娲,虞姬,孙悟空,大禹","哪吒,沈梦溪,戈娅,韩信,瑶"
大禹,瑶,16,阵营1 胜利,"夏洛特,武则天,公孙离,铠,瑶","马超,诸葛亮,元流之子(射手),暃,大禹"
大禹,瑶,17,阵营1 胜利,"老夫子,武则天,元流之子(射手),宫本武藏,瑶","芈月,安琪拉,戈娅,杨戬,大禹"
大禹,瑶,18,阵营1 胜利,"蒙恬,小乔,虞姬,李白,大禹","关羽,沈梦溪,元流之子(射手),阿古朵,瑶"
大禹,瑶,19,阵营2 胜利,"老夫子,西施,虞姬,暃,瑶","亚瑟,沈梦溪,公孙离,云缨,大禹"
大禹,盾山,1,阵营1 胜利,"梦奇,大乔,虞姬,裴擒虎,大禹","老夫子,武则天,艾琳,李白,盾山"
大禹,盾山,2,阵营2 胜利,"影,嫦娥,孙权,阿古朵,大禹","老夫子,沈梦溪,虞姬,刘备,盾山"
大禹,盾山,3,阵营2 胜利,"蚩奼,姜子牙,艾琳,裴擒虎,盾山","蒙恬,嫦娥,戈娅,镜,大禹"
大禹,盾山,4,阵营2 胜利,"哪吒,武则天,狄仁杰,铠,盾山","吕布,小乔,蚩奼,裴擒虎,大禹"
大禹,盾山,5,阵营1 胜利,"马超,女娲,艾琳,赵云,盾山","曹操,嫦娥,蚩奼,铠,大禹"
大禹,盾山,6,阵营1 胜利,"司空震,海诺,艾琳,镜,盾山","达摩,沈梦溪,元流之子(射手),橘右京,大禹"
大禹,盾山,7,阵营1 胜利,"李信,甄姬,戈娅,百里玄策,大禹","亚瑟,海月,艾琳,宫本武藏,盾山"
大禹,盾山,8,阵营1 胜利,"钟无艳,元流之子(法师),蚩奼,芈月,大禹","司空震,嫦娥,虞姬,赵云,盾山"
大禹,盾山,9,阵营1 胜利,"影,小乔,元流之子(射手),芈月,盾山","达摩,沈梦溪,艾琳,铠,大禹"
大禹,盾山,10,阵营2 胜利,"影,小乔,元流之子(射手),裴擒虎,大禹","夏洛特,西施,黄忠,司马懿,盾山"
大禹,盾山,11,阵营2 胜利,"哪吒,沈梦溪,百里守约,百里玄策,大禹","曹操,不知火舞,狄仁杰,铠,盾山"
大禹,盾山,12,阵营2 胜利,"曹操,沈梦溪,敖隐,刘备,盾山","哪吒,甄姬,公孙离,阿古朵,大禹"
大禹,盾山,13,阵营1 胜利,"姬小满,武则天,艾琳,大司命,盾山","哪吒,女娲,后羿,元流之子(刺客),大禹"
大禹,盾山,14,阵营2 胜利,"姬小满,不知火舞,孙权,百里玄策,大禹","狂铁,杨玉环,艾琳,诸葛亮,盾山"
大禹,盾山,15,阵营2 胜利,"姬小满,干将莫邪,孙权,裴擒虎,大禹","司空震,西施,狄仁杰,云缨,盾山"
大禹,盾山,16,阵营1 胜利,"狂铁,上官婉儿,狄仁杰,赵云,大禹","老夫子,安琪拉,蚩奼,猪八戒,盾山"
大禹,盾山,17,阵营1 胜利,"钟无艳,小乔,伽罗,典韦,大禹","姬小满,西施,鲁班七号,雅典娜,盾山"
大禹,盾山,18,阵营1 胜利,"马超,女娲,苍,裴擒虎,大禹","亚瑟,杨玉环,狄仁杰,曜,盾山"
大禹,盾山,19,阵营1 胜利,"司空震,沈梦溪,公孙离,马超,大禹","曹操,嫦娥,艾琳,暃,盾山"
大禹,西施,1,阵营2 胜利,"曹操,大乔,戈娅,裴擒虎,西施","杨戬,女娲,蚩奼,镜,大禹"
大禹,西施,2,阵营1 胜利,"哪吒,大乔,元流之子(射手),赵云,西施","司空震,杨玉环,艾琳,孙悟空,大禹"
大禹,西施,3,阵营2 胜利,"老夫子,海月,扁鹊,元流之子(刺客),大禹","马超,貂蝉,元流之子(射手),蚩奼,西施"
大禹,西施,4,阵营1 胜利,"曹操,女娲,元流之子(射手),宫本武藏,大禹","花木兰,小乔,虞姬,橘右京,西施"
大禹,西施,5,阵营2 胜利,"大司命,干将莫邪,公孙离,百里玄策,大禹","哪吒,女娲,元流之子(射手),云缨,西施"
大禹,西施,6,阵营1 胜利,"老夫子,诸葛亮,虞姬,宫本武藏,大禹","蒙恬,嫦娥,蚩奼,韩信,西施"
大禹,西施,7,阵营2 胜利,"曹操,杨玉环,孙权,韩信,大禹","老夫子,诸葛亮,蚩奼,裴擒虎,西施"
大禹,西施,8,阵营2 胜利,"狂铁,王昭君,虞姬,马超,大禹","元歌,金蝉,公孙离,澜,西施"
大禹,西施,9,阵营1 胜利,,未集齐10人
大禹,西施,10,阵营2 胜利,,未集齐10人
大禹,西施,11,阵营2 胜利,"哪吒,元流之子(法师),戈娅,云中君,西施","吕布,海月,艾琳,阿轲,大禹"
大禹,西施,12,阵营1 胜利,"元歌,小乔,百里守约,韩信,大禹","杨戬,杨玉环,戈娅,裴擒虎,西施"
大禹,西施,13,阵营1 胜利,"影,小乔,虞姬,裴擒虎,西施","马超,嫦娥,公孙离,橘右京,大禹"
大禹,西施,14,阵营2 胜利,"亚瑟,小乔,元流之子(射手),孙悟空,西施","达摩,高渐离,蚩奼,马超,大禹"
大禹,西施,15,阵营1 胜利,"达摩,嫦娥,艾琳,大司命,西施","海诺,不知火舞,蚩奼,马超,大禹"
大禹,西施,16,阵营2 胜利,"影,小乔,艾琳,孙悟空,西施","关羽,不知火舞,狄仁杰,宫本武藏,大禹"
大禹,西施,17,阵营1 胜利,"老夫子,女娲,元流之子(射手),兰陵王,大禹","白起,沈梦溪,公孙离,典韦,西施"
大禹,西施,18,阵营1 胜利,"蒙恬,嫦娥,蚩奼,马超,西施","关羽,沈梦溪,公孙离,孙悟空,大禹"
大禹,西施,19,阵营1 胜利,"狂铁,海诺,蒙犽,司马懿,大禹","蒙恬,沈梦溪,戈娅,镜,西施"
大禹,鲁班大师,1,阵营2 胜利,"元歌,墨子,狄仁杰,百里玄策,大禹","钟无艳,金蝉,蚩奼,孙悟空,鲁班大师"
大禹,鲁班大师,2,阵营2 胜利,"曹操,不知火舞,元流之子(射手),露娜,大禹","哪吒,干将莫邪,戈娅,暃,鲁班大师"
大禹,鲁班大师,3,阵营1 胜利,"哪吒,杨玉环,元流之子(射手),赵云,鲁班大师","夏洛特,嫦娥,孙权,司马懿,大禹"
大禹,鲁班大师,4,阵营2 胜利,"夏洛特,上官婉儿,戈娅,百里玄策,鲁班大师","老夫子,沈梦溪,孙权,大司命,大禹"
大禹,鲁班大师,5,阵营2 胜利,"姬小满,大乔,元流之子(射手),杨戬,大禹","元歌,武则天,鲁班七号,阿古朵,鲁班大师"
大禹,鲁班大师,6,阵营2 胜利,"关羽,海月,敖隐,云中君,鲁班大师","老夫子,沈梦溪,虞姬,杨戬,大禹"
大禹,鲁班大师,7,阵营2 胜利,"狂铁,小乔,公孙离,裴擒虎,大禹","影,海诺,虞姬,赵云,鲁班大师"
大禹,鲁班大师,8,阵营2 胜利,"程咬金,高渐离,虞姬,镜,大禹","老夫子,安琪拉,元流之子(射手),阿古朵,鲁班大师"
大禹,鲁班大师,9,阵营2 胜利,"影,海月,敖隐,大司命,大禹","白起,女娲,元流之子(射手),韩信,鲁班大师"
大禹,鲁班大师,10,阵营1 胜利,"曹操,王昭君,敖隐,裴擒虎,鲁班大师","亚瑟,诸葛亮,元流之子(射手),铠,大禹"
大禹,鲁班大师,11,阵营1 胜利,"狂铁,小乔,戈娅,曜,鲁班大师","老夫子,沈梦溪,孙权,镜,大禹"
大禹,鲁班大师,12,阵营1 胜利,"狂铁,金蝉,戈娅,孙悟空,鲁班大师","马超,弈星,孙尚香,司马懿,大禹"
大禹,鲁班大师,13,阵营2 胜利,"曹操,西施,元流之子(射手),李元芳,大禹","哪吒,金蝉,公孙离,橘右京,鲁班大师"
大禹,鲁班大师,14,阵营2 胜利,"芈月,沈梦溪,蚩奼,杨戬,大禹","曹操,女娲,公孙离,曜,鲁班大师"
大禹,鲁班大师,15,阵营1 胜利,"老夫子,大乔,敖隐,橘右京,鲁班大师","白起,小乔,公孙离,裴擒虎,大禹"
大禹,鲁班大师,16,阵营1 胜利,"赵怀真,高渐离,孙权,马超,鲁班大师","芈月,周瑜,李信,铠,大禹"
大禹,鲁班大师,17,阵营2 胜利,"影,嫦娥,苍,阿古朵,大禹","蚩奼,甄姬,元流之子(射手),镜,鲁班大师"
大禹,鲁班大师,18,阵营2 胜利,"哪吒,诸葛亮,蚩奼,云缨,大禹","影,嫦娥,后羿,裴擒虎,鲁班大师"
大禹,鲁班大师,19,阵营1 胜利,"杨戬,沈梦溪,元流之子(射手),露娜,鲁班大师","曹操,甄姬,司空震,阿古朵,大禹"
大禹,桑启,1,阵营1 胜利,,未集齐10人
大禹,桑启,2,阵营1 胜利,,未集齐10人
大禹,桑启,3,阵营1 胜利,,未集齐10人
大禹,桑启,4,阵营2 胜利,,未集齐10人
大禹,桑启,5,阵营2 胜利,,未集齐10人
大禹,桑启,6,阵营2 胜利,,未集齐10人
大禹,桑启,7,阵营1 胜利,"狂铁,诸葛亮,孙权,大司命,桑启","关羽,西施,元流之子(射手),橘右京,大禹"
大禹,桑启,8,阵营1 胜利,"曹操,海月,元流之子(射手),盘古,大禹","花木兰,嫦娥,孙权,橘右京,桑启"
大禹,桑启,9,阵营1 胜利,"孙策,海月,苍,韩信,桑启","亚瑟,大乔,蚩奼,百里玄策,大禹"
大禹,桑启,10,阵营1 胜利,"达摩,嫦娥,戈娅,云缨,桑启","影,大乔,公孙离,百里玄策,大禹"
大禹,桑启,11,阵营1 胜利,"关羽,女娲,公孙离,马超,桑启","夏洛特,不知火舞,敖隐,典韦,大禹"
大禹,桑启,12,阵营2 胜利,"司空震,女娲,元流之子(射手),裴擒虎,桑启","蚩奼,小乔,艾琳,镜,大禹"
大禹,桑启,13,阵营2 胜利,"猪八戒,海月,虞姬,裴擒虎,桑启","狂铁,小乔,元流之子(射手),韩信,大禹"
大禹,桑启,14,阵营2 胜利,"狂铁,武则天,敖隐,裴擒虎,大禹","老夫子,甄姬,元流之子(射手),百里玄策,桑启"
大禹,桑启,15,阵营2 胜利,"影,女娲,戈娅,韩信,大禹","蒙恬,嫦娥,元流之子(射手),露娜,桑启"
大禹,桑启,16,阵营1 胜利,"白起,沈梦溪,蚩奼,雅典娜,桑启","达摩,海月,戈娅,镜,大禹"
大禹,桑启,17,阵营2 胜利,"影,上官婉儿,李信,韩信,桑启","蚩奼,嫦娥,莱西奥,梦奇,大禹"
大禹,桑启,18,阵营1 胜利,"芈月,沈梦溪,元流之子(射手),杨戬,大禹","哪吒,不知火舞,敖隐,百里玄策,桑启"
大禹,桑启,19,阵营1 胜利,"曹操,沈梦溪,戈娅,宫本武藏,桑启","花木兰,安琪拉,元流之子(射手),芈月,大禹"
大禹,赵怀真,1,阵营2 胜利,"元歌,高渐离,李元芳,裴擒虎,赵怀真","影,沈梦溪,马可波罗,云缨,大禹"
大禹,赵怀真,2,阵营2 胜利,"元歌,貂蝉,公孙离,露娜,大禹","司空震,海月,戈娅,镜,赵怀真"
大禹,赵怀真,3,阵营1 胜利,"司空震,安琪拉,苍,赵云,大禹","亚连,小乔,艾琳,裴擒虎,赵怀真"
大禹,赵怀真,4,阵营1 胜利,"影,女娲,李信,大司命,大禹","蒙恬,诸葛亮,蚩奼,曜,赵怀真"
大禹,赵怀真,5,阵营2 胜利,"孙策,元流之子(法师),蚩奼,裴擒虎,大禹","老夫子,嫦娥,艾琳,镜,赵怀真"
大禹,赵怀真,6,阵营2 胜利,"马超,安琪拉,元流之子(射手),露娜,赵怀真","老夫子,大乔,孙尚香,大司命,大禹"
大禹,赵怀真,7,阵营1 胜利,"狂铁,武则天,蚩奼,诸葛亮,赵怀真","曹操,貂蝉,元流之子(射手),杨戬,大禹"
大禹,赵怀真,8,阵营1 胜利,"老夫子,小乔,敖隐,韩信,大禹","芈月,嫦娥,蚩奼,裴擒虎,赵怀真"
大禹,赵怀真,9,阵营2 胜利,"元歌,女娲,百里守约,阿古朵,大禹","司空震,沈梦溪,戈娅,宫本武藏,赵怀真"
大禹,赵怀真,10,阵营1 胜利,"芈月,高渐离,戈娅,暃,大禹","影,沈梦溪,公孙离,马超,赵怀真"
大禹,赵怀真,11,阵营1 胜利,"曹操,海诺,元流之子(射手),诸葛亮,赵怀真","狂铁,女娲,戈娅,百里玄策,大禹"
大禹,赵怀真,12,阵营2 胜利,"曹操,不知火舞,马可波罗,杨戬,大禹","司空震,海月,孙尚香,宫本武藏,赵怀真"
大禹,赵怀真,13,阵营2 胜利,"影,上官婉儿,戈娅,马超,大禹","哪吒,墨子,蚩奼,露娜,赵怀真"
大禹,赵怀真,14,阵营2 胜利,"花木兰,杨玉环,蚩奼,橘右京,大禹","夏洛特,元流之子(法师),虞姬,镜,赵怀真"
大禹,赵怀真,15,阵营2 胜利,"司空震,女娲,艾琳,阿古朵,赵怀真","曹操,嫦娥,元流之子(射手),韩信,大禹"
大禹,赵怀真,16,阵营1 胜利,"孙策,不知火舞,敖隐,裴擒虎,大禹","曹操,女娲,公孙离,盘古,赵怀真"
大禹,赵怀真,17,阵营1 胜利,"元歌,沈梦溪,蚩奼,哪吒,大禹","芈月,高渐离,百里守约,曜,赵怀真"
大禹,赵怀真,18,阵营1 胜利,"司空震,杨玉环,蚩奼,裴擒虎,赵怀真","哪吒,不知火舞,后羿,兰陵王,大禹"
大禹,赵怀真,19,阵营2 胜利,"蚩奼,不知火舞,元流之子(射手),诸葛亮,赵怀真","老夫子,嫦娥,敖隐,马超,大禹"
大禹,空空儿,1,阵营1 胜利,"狂铁,西施,孙权,裴擒虎,空空儿","亚瑟,不知火舞,戈娅,云缨,大禹"
大禹,空空儿,2,阵营1 胜利,"孙策,海诺,戈娅,裴擒虎,大禹","狂铁,干将莫邪,敖隐,赵云,空空儿"
大禹,空空儿,3,阵营1 胜利,"狂铁,甄姬,孙权,裴擒虎,大禹","芈月,上官婉儿,虞姬,铠,空空儿"
大禹,空空儿,4,阵营2 胜利,"司空震,女娲,马可波罗,大司命,空空儿","哪吒,嫦娥,公孙离,云缨,大禹"
大禹,空空儿,5,阵营1 胜利,"达摩,不知火舞,孙权,暃,空空儿","哪吒,沈梦溪,元流之子(射手),盘古,大禹"
大禹,空空儿,6,阵营1 胜利,"芈月,嫦娥,元流之子(射手),娜可露露,空空儿","杨戬,不知火舞,苍,马超,大禹"
大禹,空空儿,7,阵营2 胜利,"元歌,周瑜,元流之子(射手),宫本武藏,大禹","狂铁,貂蝉,戈娅,雅典娜,空空儿"
大禹,空空儿,8,阵营1 胜利,"曹操,不知火舞,蚩奼,元流之子(刺客),大禹","关羽,杨玉环,公孙离,赵云,空空儿"
大禹,空空儿,9,阵营2 胜利,"元歌,甄姬,敖隐,孙悟空,空空儿","老夫子,女娲,元流之子(射手),百里玄策,大禹"
大禹,空空儿,10,阵营1 胜利,"马超,女娲,敖隐,曜,大禹","钟无艳,不知火舞,孙权,裴擒虎,空空儿"
大禹,空空儿,11,阵营1 胜利,"哪吒,沈梦溪,敖隐,暃,空空儿","刘邦,甄姬,元流之子(射手),大司命,大禹"
大禹,空空儿,12,阵营1 胜利,"曹操,不知火舞,李信,露娜,空空儿","狂铁,甄姬,蚩奼,铠,大禹"
大禹,空空儿,13,阵营2 胜利,"曹操,杨玉环,李信,兰陵王,空空儿","白起,不知火舞,元流之子(射手),诸葛亮,大禹"
大禹,空空儿,14,阵营1 胜利,"司空震,大乔,公孙离,孙悟空,大禹","关羽,女娲,蚩奼,裴擒虎,空空儿"
大禹,空空儿,15,阵营1 胜利,"关羽,嫦娥,敖隐,露娜,大禹","元歌,武则天,戈娅,赵云,空空儿"
大禹,空空儿,16,阵营2 胜利,"赵怀真,不知火舞,敖隐,杨戬,空空儿","曹操,沈梦溪,公孙离,裴擒虎,大禹"
大禹,空空儿,17,阵营1 胜利,"影,安琪拉,公孙离,元流之子(刺客),大禹","海诺,诸葛亮,虞姬,赵云,空空儿"
大禹,空空儿,18,阵营1 胜利,"狂铁,小乔,孙权,裴擒虎,空空儿","曹操,武则天,蚩奼,露娜,大禹"
大禹,空空儿,19,阵营2 胜利,"老夫子,沈梦溪,后羿,韩信,大禹","曹操,女娲,元流之子(射手),裴擒虎,空空儿"
大禹,少司缘,1,阵营1 胜利,"姬小满,诸葛亮,公孙离,云缨,少司缘","狂铁,沈梦溪,戈娅,司马懿,大禹"
大禹,少司缘,2,阵营1 胜利,"元歌,貂蝉,戈娅,杨戬,少司缘","司空震,高渐离,元流之子(射手),镜,大禹"
大禹,少司缘,3,阵营1 胜利,"司空震,杨玉环,戈娅,百里玄策,少司缘","夏洛特,貂蝉,元流之子(射手),镜,大禹"
大禹,少司缘,4,阵营2 胜利,"老夫子,大乔,戈娅,宫本武藏,少司缘","达摩,墨子,蚩奼,马超,大禹"
大禹,少司缘,5,阵营2 胜利,"哪吒,弈星,苍,镜,大禹","夏洛特,嫦娥,蚩奼,韩信,少司缘"
大禹,少司缘,6,阵营2 胜利,"关羽,海诺,蚩奼,司马懿,少司缘","狂铁,杨玉环,孙权,镜,大禹"
大禹,少司缘,7,阵营2 胜利,"兰陵王,大乔,蚩奼,韩信,少司缘","曹操,嫦娥,孙权,裴擒虎,大禹"
大禹,少司缘,8,阵营1 胜利,"狂铁,杨玉环,苍,暃,大禹","曹操,嫦娥,元流之子(射手),铠,少司缘"
大禹,少司缘,9,阵营1 胜利,"曹操,甄姬,艾琳,阿轲,少司缘","影,周瑜,孙权,云缨,大禹"
大禹,少司缘,10,阵营2 胜利,"曹操,女娲,蚩奼,韩信,大禹","关羽,高渐离,元流之子(射手),盘古,少司缘"
大禹,少司缘,11,阵营1 胜利,"司空震,小乔,孙尚香,诸葛亮,少司缘","哪吒,张良,元流之子(射手),暃,大禹"
大禹,少司缘,12,阵营1 胜利,"马超,海诺,元流之子(射手),澜,大禹","狂铁,不知火舞,公孙离,元流之子(刺客),少司缘"
大禹,少司缘,13,阵营2 胜利,"马超,弈星,戈娅,娜可露露,少司缘","哪吒,嬴政,蚩奼,大司命,大禹"
大禹,少司缘,14,阵营2 胜利,"老夫子,诸葛亮,孙权,马超,大禹","蒙恬,女娲,狄仁杰,裴擒虎,少司缘"
大禹,少司缘,15,阵营1 胜利,"狂铁,姜子牙,元流之子(射手),阿古朵,少司缘","影,甄姬,戈娅,杨戬,大禹"
大禹,少司缘,16,阵营1 胜利,"马超,女娲,蒙犽,露娜,少司缘","蚩奼,嫦娥,戈娅,阿古朵,大禹"
大禹,少司缘,17,阵营2 胜利,,未集齐10人
大禹,少司缘,18,阵营1 胜利,,未集齐10人
大禹,少司缘,19,阵营1 胜利,"赵怀真,女娲,后羿,百里玄策,大禹","影,不知火舞,公孙离,阿古朵,少司缘"
大禹,元流之子(坦克),1,阵营2 胜利,"杨戬,小乔,敖隐,诸葛亮,元流之子(坦克)","狂铁,甄姬,公孙离,宫本武藏,大禹"
大禹,元流之子(坦克),2,阵营1 胜利,"兰陵王,王昭君,蚩奼,裴擒虎,元流之子(坦克)","关羽,大乔,戈娅,澜,大禹"
大禹,元流之子(坦克),3,阵营1 胜利,"老夫子,海诺,虞姬,橘右京,大禹","姬小满,不知火舞,后羿,马超,元流之子(坦克)"
大禹,元流之子(坦克),4,阵营1 胜利,"曹操,女娲,敖隐,裴擒虎,大禹","夏洛特,诸葛亮,苍,刘备,元流之子(坦克)"
大禹,元流之子(坦克),5,阵营1 胜利,"关羽,沈梦溪,马可波罗,娜可露露,元流之子(坦克)","元歌,上官婉儿,虞姬,百里玄策,大禹"
大禹,元流之子(坦克),6,阵营1 胜利,"老夫子,嫦娥,李信,梦奇,大禹","项羽,沈梦溪,戈娅,阿古朵,元流之子(坦克)"
大禹,元流之子(坦克),7,阵营1 胜利,"影,甄姬,李信,暃,元流之子(坦克)","狂铁,元流之子(法师),蚩奼,百里玄策,大禹"
大禹,元流之子(坦克),8,阵营1 胜利,"马超,诸葛亮,百里守约,典韦,元流之子(坦克)","亚瑟,海月,戈娅,元流之子(刺客),大禹"
大禹,元流之子(坦克),9,阵营2 胜利,"马超,海月,元流之子(射手),铠,大禹","哪吒,武则天,孙尚香,澜,元流之子(坦克)"
大禹,元流之子(坦克),10,阵营2 胜利,"老夫子,上官婉儿,司空震,娜可露露,元流之子(坦克)","蚩奼,嫦娥,百里守约,宫本武藏,大禹"
大禹,元流之子(坦克),11,阵营2 胜利,"元歌,嫦娥,元流之子(射手),娜可露露,大禹","老夫子,海月,蚩奼,李白,元流之子(坦克)"
大禹,元流之子(坦克),12,阵营1 胜利,"白起,干将莫邪,元流之子(射手),诸葛亮,大禹","老夫子,海诺,公孙离,娜可露露,元流之子(坦克)"
大禹,元流之子(坦克),13,阵营2 胜利,"兰陵王,西施,公孙离,裴擒虎,大禹","影,杨玉环,戈娅,杨戬,元流之子(坦克)"
大禹,元流之子(坦克),14,阵营2 胜利,"狂铁,杨玉环,狄仁杰,孙悟空,元流之子(坦克)","曹操,诸葛亮,苍,韩信,大禹"
大禹,元流之子(坦克),15,阵营1 胜利,"哪吒,女娲,后羿,暃,元流之子(坦克)","花木兰,甄姬,戈娅,云缨,大禹"
大禹,元流之子(坦克),16,阵营1 胜利,"芈月,女娲,艾琳,李白,元流之子(坦克)","哪吒,弈星,戈娅,裴擒虎,大禹"
大禹,元流之子(坦克),17,阵营1 胜利,"元歌,武则天,戈娅,孙悟空,元流之子(坦克)","蚩奼,诸葛亮,苍,裴擒虎,大禹"
大禹,元流之子(坦克),18,阵营1 胜利,"影,小乔,蚩奼,司马懿,元流之子(坦克)","夏洛特,沈梦溪,元流之子(射手),暃,大禹"
大禹,元流之子(坦克),19,阵营1 胜利,"元歌,甄姬,公孙离,云缨,大禹","狂铁,女娲,戈娅,雅典娜,元流之子(坦克)"
大禹,元流之子(辅助),1,阵营1 胜利,"白起,太乙真人,莱西奥,云中君,元流之子(辅助)","狂铁,沈梦溪,蚩奼,典韦,大禹"
大禹,元流之子(辅助),2,阵营2 胜利,"影,沈梦溪,后羿,赵云,元流之子(辅助)","夏洛特,不知火舞,公孙离,元流之子(刺客),大禹"
大禹,元流之子(辅助),3,阵营1 胜利,"狂铁,杨玉环,狄仁杰,暃,元流之子(辅助)","影,海诺,元流之子(射手),裴擒虎,大禹"
大禹,元流之子(辅助),4,阵营2 胜利,"曹操,貂蝉,虞姬,镜,元流之子(辅助)","姬小满,周瑜,元流之子(射手),大司命,大禹"
大禹,元流之子(辅助),5,阵营2 胜利,"花木兰,嫦娥,孙权,裴擒虎,大禹","影,姜子牙,艾琳,孙悟空,元流之子(辅助)"
大禹,元流之子(辅助),6,阵营1 胜利,"司空震,小乔,黄忠,裴擒虎,大禹","杨戬,不知火舞,艾琳,阿古朵,元流之子(辅助)"
大禹,元流之子(辅助),7,阵营1 胜利,"蒙恬,诸葛亮,李信,裴擒虎,大禹","蚩奼,高渐离,狄仁杰,孙悟空,元流之子(辅助)"
大禹,元流之子(辅助),8,阵营2 胜利,"哪吒,西施,李信,镜,元流之子(辅助)","司空震,不知火舞,戈娅,裴擒虎,大禹"
大禹,元流之子(辅助),9,阵营2 胜利,"芈月,海诺,敖隐,裴擒虎,元流之子(辅助)","老夫子,嫦娥,元流之子(射手),马超,大禹"
大禹,元流之子(辅助),10,阵营1 胜利,"亚连,西施,公孙离,诸葛亮,大禹","老夫子,不知火舞,艾琳,典韦,元流之子(辅助)"
大禹,元流之子(辅助),11,阵营1 胜利,"孙策,甄姬,敖隐,暃,元流之子(辅助)","蒙恬,大乔,百里守约,裴擒虎,大禹"
大禹,元流之子(辅助),12,阵营1 胜利,"司空震,小乔,公孙离,韩信,元流之子(辅助)","程咬金,武则天,虞姬,杨戬,大禹"
大禹,元流之子(辅助),13,阵营1 胜利,"哪吒,杨玉环,敖隐,司马懿,元流之子(辅助)","老夫子,金蝉,公孙离,铠,大禹"
大禹,元流之子(辅助),14,阵营2 胜利,"哪吒,女娲,敖隐,铠,元流之子(辅助)","狂铁,沈梦溪,虞姬,露娜,大禹"
大禹,元流之子(辅助),15,阵营2 胜利,"司空震,高渐离,元流之子(射手),宫本武藏,大禹","元歌,西施,艾琳,阿古朵,元流之子(辅助)"
大禹,元流之子(辅助),16,阵营2 胜利,"影,小乔,戈娅,李白,元流之子(辅助)","孙策,嫦娥,伽罗,裴擒虎,大禹"
大禹,元流之子(辅助),17,阵营2 胜利,"老夫子,西施,后羿,百里玄策,元流之子(辅助)","海诺,沈梦溪,元流之子(射手),裴擒虎,大禹"
大禹,元流之子(辅助),18,阵营2 胜利,"司空震,杨玉环,艾琳,暃,元流之子(辅助)","曹操,女娲,蚩奼,大司命,大禹"
大禹,元流之子(辅助),19,阵营1 胜利,,未集齐10人
鬼谷子,大乔,1,阵营2 胜利,"元歌,海诺,莱西奥,阿古朵,鬼谷子","狂铁,貂蝉,元流之子(射手),云缨,大乔"
鬼谷子,大乔,2,阵营1 胜利,"狂铁,小乔,元流之子(射手),云缨,大乔","哪吒,金蝉,苍,暃,鬼谷子"
鬼谷子,大乔,3,阵营2 胜利,"哪吒,嫦娥,虞姬,司马懿,鬼谷子","关羽,武则天,孙权,兰陵王,大乔"
鬼谷子,大乔,4,阵营2 胜利,"花木兰,甄姬,戈娅,赵云,鬼谷子","亚瑟,貂蝉,蚩奼,阿古朵,大乔"
鬼谷子,大乔,5,阵营2 胜利,"狂铁,不知火舞,元流之子(射手),孙悟空,鬼谷子","曹操,小乔,蚩奼,裴擒虎,大乔"
鬼谷子,大乔,6,阵营2 胜利,"哪吒,杨玉环,蚩奼,孙悟空,鬼谷子","狂铁,弈星,元流之子(射手),云缨,大乔"
鬼谷子,大乔,7,阵营2 胜利,"影,甄姬,蚩奼,曜,鬼谷子","花木兰,西施,孙权,猪八戒,大乔"
鬼谷子,大乔,8,阵营2 胜利,"老夫子,女娲,蚩奼,韩信,鬼谷子","貂蝉,海诺,艾琳,百里玄策,大乔"
鬼谷子,大乔,9,阵营1 胜利,"老夫子,不知火舞,狄仁杰,暃,鬼谷子","孙策,小乔,百里守约,哪吒,大乔"
鬼谷子,大乔,10,阵营1 胜利,"元歌,武则天,蚩奼,司马懿,大乔","猪八戒,海月,元流之子(射手),典韦,鬼谷子"
鬼谷子,大乔,11,阵营2 胜利,"影,嫦娥,苍,孙悟空,鬼谷子","曹操,诸葛亮,李信,杨戬,大乔"
鬼谷子,大乔,12,阵营1 胜利,"司空震,王昭君,蚩奼,马超,鬼谷子","大司命,沈梦溪,元流之子(射手),镜,大乔"
鬼谷子,大乔,13,阵营2 胜利,"夏洛特,干将莫邪,马可波罗,孙悟空,鬼谷子","哪吒,姜子牙,元流之子(射手),云中君,大乔"
鬼谷子,大乔,14,阵营1 胜利,"影,女娲,敖隐,大司命,大乔","老夫子,小乔,元流之子(射手),百里玄策,鬼谷子"
鬼谷子,大乔,15,阵营1 胜利,"影,小乔,元流之子(射手),百里玄策,鬼谷子","马超,周瑜,李信,澜,大乔"
鬼谷子,大乔,16,阵营1 胜利,"马超,弈星,李元芳,暃,大乔","蒙恬,沈梦溪,元流之子(射手),裴擒虎,鬼谷子"
鬼谷子,大乔,17,阵营1 胜利,"狂铁,沈梦溪,艾琳,裴擒虎,大乔","曹操,小乔,元流之子(射手),云缨,鬼谷子"
鬼谷子,大乔,18,阵营2 胜利,"蚩奼,诸葛亮,戈娅,裴擒虎,大乔","蒙恬,沈梦溪,公孙离,镜,鬼谷子"
鬼谷子,大乔,19,阵营1 胜利,"司空震,女娲,艾琳,娜可露露,大乔","哪吒,干将莫邪,后羿,裴擒虎,鬼谷子"
鬼谷子,苏烈,1,阵营1 胜利,"花木兰,武则天,百里守约,阿古朵,苏烈","马超,大乔,公孙离,阿轲,鬼谷子"
鬼谷子,苏烈,2,阵营1 胜利,"马超,沈梦溪,蚩奼,镜,苏烈","夏洛特,嫦娥,戈娅,暃,鬼谷子"
鬼谷子,苏烈,3,阵营1 胜利,"哪吒,小乔,蒙犽,镜,苏烈","曹操,不知火舞,公孙离,马超,鬼谷子"
鬼谷子,苏烈,4,阵营1 胜利,"老夫子,武则天,蚩奼,大司命,鬼谷子","芈月,女娲,蒙犽,马超,苏烈"
鬼谷子,苏烈,5,阵营1 胜利,"司空震,甄姬,公孙离,暃,苏烈","关羽,海诺,蚩奼,刘备,鬼谷子"
鬼谷子,苏烈,6,阵营2 胜利,"元流之子(坦克),安琪拉,蚩奼,韩信,鬼谷子","老夫子,杨玉环,戈娅,裴擒虎,苏烈"
鬼谷子,苏烈,7,阵营2 胜利,"孙策,上官婉儿,元流之子(射手),韩信,鬼谷子","猪八戒,小乔,蚩奼,裴擒虎,苏烈"
鬼谷子,苏烈,8,阵营2 胜利,"狂铁,嫦娥,孙权,裴擒虎,鬼谷子","老夫子,上官婉儿,鲁班七号,镜,苏烈"
鬼谷子,苏烈,9,阵营1 胜利,"狂铁,沈梦溪,敖隐,孙悟空,苏烈","花木兰,诸葛亮,元歌,阿古朵,鬼谷子"
鬼谷子,苏烈,10,阵营2 胜利,"狂铁,不知火舞,孙权,诸葛亮,苏烈","刘邦,嫦娥,元流之子(射手),镜,鬼谷子"
鬼谷子,苏烈,11,阵营1 胜利,"影,女娲,公孙离,孙悟空,鬼谷子","曹操,杨玉环,元流之子(射手),铠,苏烈"
鬼谷子,苏烈,12,阵营1 胜利,"孙策,沈梦溪,元流之子(射手),李白,鬼谷子","关羽,貂蝉,蚩奼,橘右京,苏烈"
鬼谷子,苏烈,13,阵营2 胜利,"老夫子,貂蝉,李信,暃,苏烈","孙策,小乔,狄仁杰,镜,鬼谷子"
鬼谷子,苏烈,14,阵营1 胜利,"影,貂蝉,百里守约,猪八戒,鬼谷子","蚩奼,小乔,苍,阿古朵,苏烈"
鬼谷子,苏烈,15,阵营2 胜利,"老夫子,沈梦溪,元流之子(射手),马超,苏烈","司空震,海月,孙权,百里玄策,鬼谷子"
鬼谷子,苏烈,16,阵营1 胜利,"狂铁,大乔,戈娅,诸葛亮,鬼谷子","蒙恬,小乔,元流之子(射手),李元芳,苏烈"
鬼谷子,苏烈,17,阵营2 胜利,"老夫子,嫦娥,戈娅,阿古朵,鬼谷子","狂铁,女娲,鲁班七号,露娜,苏烈"
鬼谷子,苏烈,18,阵营1 胜利,"影,海月,元流之子(射手),韩信,苏烈","杨戬,高渐离,蚩奼,赵云,鬼谷子"
鬼谷子,苏烈,19,阵营2 胜利,"关羽,武则天,敖隐,曜,鬼谷子","司空震,元流之子(法师),狄仁杰,橘右京,苏烈"
鬼谷子,明世隐,1,阵营1 胜利,"影,不知火舞,后羿,大司命,鬼谷子","钟无艳,沈梦溪,蚩奼,赵云,明世隐"
鬼谷子,明世隐,2,阵营2 胜利,"哪吒,女娲,蚩奼,孙悟空,鬼谷子","曹操,沈梦溪,虞姬,元流之子(坦克),明世隐"
鬼谷子,明世隐,3,阵营1 胜利,"蚩奼,海月,狄仁杰,大司命,鬼谷子","元歌,女娲,艾琳,宫本武藏,明世隐"
鬼谷子,明世隐,4,阵营1 胜利,"影,武则天,蚩奼,韩信,鬼谷子","蒙恬,沈梦溪,戈娅,哪吒,明世隐"
鬼谷子,瑶,1,阵营2 胜利,"芈月,海月,元流之子(射手),暃,鬼谷子","司空震,武则天,百里守约,裴擒虎,瑶"
鬼谷子,瑶,2,阵营2 胜利,"狂铁,元流之子(法师),戈娅,铠,瑶","钟无艳,不知火舞,公孙离,李元芳,鬼谷子"
鬼谷子,瑶,3,阵营1 胜利,"司空震,上官婉儿,李信,露娜,鬼谷子","老夫子,张良,元流之子(射手),韩信,瑶"
鬼谷子,瑶,4,阵营2 胜利,"蚩奼,杨玉环,敖隐,孙悟空,鬼谷子","钟无艳,沈梦溪,虞姬,裴擒虎,瑶"
鬼谷子,瑶,5,阵营2 胜利,"蒙恬,安琪拉,后羿,哪吒,鬼谷子","老夫子,诸葛亮,李元芳,裴擒虎,瑶"
鬼谷子,瑶,6,阵营1 胜利,"关羽,嫦娥,戈娅,镜,鬼谷子","马超,不知火舞,孙权,曜,瑶"
鬼谷子,瑶,7,阵营1 胜利,"蒙恬,海月,虞姬,澜,鬼谷子","狂铁,貂蝉,敖隐,韩信,瑶"
鬼谷子,瑶,8,阵营2 胜利,"孙策,嫦娥,戈娅,阿轲,瑶","曹操,弈星,孙权,裴擒虎,鬼谷子"
鬼谷子,瑶,9,阵营2 胜利,"关羽,小乔,蚩奼,典韦,鬼谷子","梦奇,大乔,元流之子(射手),镜,瑶"
鬼谷子,瑶,10,阵营1 胜利,"廉颇,杨玉环,公孙离,韩信,瑶","达摩,上官婉儿,虞姬,李白,鬼谷子"
鬼谷子,瑶,11,阵营1 胜利,"马超,诸葛亮,蚩奼,盘古,鬼谷子","司空震,苍,嫦娥,镜,瑶"
鬼谷子,瑶,12,阵营2 胜利,"哪吒,诸葛亮,敖隐,杨戬,鬼谷子","影,武则天,公孙离,镜,瑶"
鬼谷子,瑶,13,阵营2 胜利,"杨戬,诸葛亮,蚩奼,李白,鬼谷子","司空震,女娲,公孙离,雅典娜,瑶"
鬼谷子,瑶,14,阵营1 胜利,"杨戬,诸葛亮,戈娅,云缨,瑶","曹操,武则天,艾琳,赵云,鬼谷子"
鬼谷子,瑶,15,阵营1 胜利,"哪吒,不知火舞,孙尚香,裴擒虎,瑶","达摩,诸葛亮,艾琳,典韦,鬼谷子"
鬼谷子,瑶,16,阵营2 胜利,"芈月,海诺,蚩奼,云中君,瑶","司空震,沈梦溪,元流之子(射手),大司命,鬼谷子"
鬼谷子,瑶,17,阵营1 胜利,"项羽,高渐离,李信,元流之子(坦克),瑶","关羽,干将莫邪,公孙离,赵云,鬼谷子"
鬼谷子,瑶,18,阵营2 胜利,"关羽,杨玉环,元流之子(射手),孙悟空,瑶","曹操,武则天,蚩奼,赵云,鬼谷子"
鬼谷子,瑶,19,阵营1 胜利,"司空震,小乔,公孙离,马超,瑶","狂铁,不知火舞,孙权,裴擒虎,鬼谷子"
鬼谷子,盾山,1,阵营2 胜利,"司空震,妲己,元流之子(射手),盘古,鬼谷子","达摩,杨玉环,艾琳,宫本武藏,盾山"
鬼谷子,盾山,2,阵营2 胜利,"老夫子,女娲,元流之子(射手),韩信,鬼谷子","蒙恬,貂蝉,黄忠,百里玄策,盾山"
鬼谷子,盾山,3,阵营2 胜利,"司空震,海月,李信,梦奇,鬼谷子","狂铁,诸葛亮,虞姬,裴擒虎,盾山"
鬼谷子,盾山,4,阵营1 胜利,"蚩奼,武则天,艾琳,铠,盾山","白起,女娲,苍,诸葛亮,鬼谷子"
鬼谷子,盾山,5,阵营1 胜利,"关羽,不知火舞,戈娅,铠,盾山","狂铁,沈梦溪,李元芳,裴擒虎,鬼谷子"
鬼谷子,盾山,6,阵营1 胜利,"老夫子,沈梦溪,孙尚香,大司命,盾山","夏洛特,小乔,元流之子(射手),司马懿,鬼谷子"
鬼谷子,盾山,7,阵营1 胜利,"廉颇,小乔,敖隐,韩信,鬼谷子","马超,女娲,艾琳,赵云,盾山"
鬼谷子,盾山,8,阵营1 胜利,"司空震,安琪拉,公孙离,阿古朵,鬼谷子","哪吒,西施,蚩奼,露娜,盾山"
鬼谷子,盾山,9,阵营1 胜利,"哪吒,高渐离,李信,澜,盾山","元歌,小乔,虞姬,韩信,鬼谷子"
鬼谷子,盾山,10,阵营1 胜利,"关羽,嫦娥,艾琳,镜,盾山","亚连,沈梦溪,百里守约,司马懿,鬼谷子"
鬼谷子,盾山,11,阵营1 胜利,"花木兰,高渐离,戈娅,李元芳,鬼谷子","狂铁,沈梦溪,艾琳,猪八戒,盾山"
鬼谷子,盾山,12,阵营1 胜利,"关羽,沈梦溪,元流之子(射手),孙悟空,鬼谷子","影,杨玉环,李元芳,百里玄策,盾山"
鬼谷子,盾山,13,阵营1 胜利,"老夫子,大乔,李信,裴擒虎,鬼谷子","关羽,女娲,狄仁杰,韩信,盾山"
鬼谷子,盾山,14,阵营1 胜利,"哪吒,金蝉,孙权,马超,鬼谷子","影,诸葛亮,虞姬,橘右京,盾山"
鬼谷子,盾山,15,阵营1 胜利,"元歌,小乔,元流之子(射手),百里玄策,鬼谷子","蒙恬,沈梦溪,戈娅,裴擒虎,盾山"
鬼谷子,盾山,16,阵营1 胜利,"花木兰,诸葛亮,戈娅,李白,鬼谷子","司空震,杨玉环,孙尚香,司马懿,盾山"
鬼谷子,盾山,17,阵营2 胜利,"白起,武则天,艾琳,韩信,盾山","哪吒,王昭君,蒙犽,铠,鬼谷子"
鬼谷子,盾山,18,阵营1 胜利,"关羽,小乔,元流之子(射手),李白,鬼谷子","程咬金,元流之子(法师),狄仁杰,铠,盾山"
鬼谷子,盾山,19,阵营2 胜利,"关羽,小乔,狄仁杰,孙悟空,鬼谷子","影,貂蝉,蚩奼,铠,盾山"
鬼谷子,西施,1,阵营1 胜利,"老夫子,妲己,元流之子(射手),赵云,西施","曹操,上官婉儿,百里守约,马超,鬼谷子"
鬼谷子,西施,2,阵营2 胜利,"蒙恬,小乔,蚩奼,雅典娜,鬼谷子","曹操,沈梦溪,李信,杨戬,西施"
鬼谷子,西施,3,阵营2 胜利,"杨戬,沈梦溪,公孙离,孙悟空,西施","花木兰,不知火舞,莱西奥,裴擒虎,鬼谷子"
鬼谷子,西施,4,阵营1 胜利,"花木兰,嫦娥,公孙离,暃,西施","曹操,海月,戈娅,典韦,鬼谷子"
鬼谷子,西施,5,阵营1 胜利,"元歌,小乔,元流之子(射手),典韦,西施","哪吒,沈梦溪,戈娅,元流之子(刺客),鬼谷子"
鬼谷子,西施,6,阵营1 胜利,"达摩,甄姬,艾琳,李元芳,鬼谷子","曹操,诸葛亮,孙尚香,阿古朵,西施"
鬼谷子,西施,7,阵营2 胜利,"曹操,武则天,莱西奥,韩信,西施","关羽,海诺,戈娅,盘古,鬼谷子"
鬼谷子,西施,8,阵营2 胜利,"曹操,小乔,元流之子(射手),梦奇,鬼谷子","老夫子,沈梦溪,蚩奼,暃,西施"
鬼谷子,西施,9,阵营1 胜利,"蒙恬,沈梦溪,公孙离,马超,鬼谷子","孙策,嫦娥,百里守约,百里玄策,西施"
鬼谷子,西施,10,阵营1 胜利,"哪吒,嫦娥,敖隐,铠,鬼谷子","司空震,甄姬,戈娅,赵云,西施"
鬼谷子,西施,11,阵营1 胜利,"亚连,元流之子(法师),后羿,铠,西施","曹操,沈梦溪,孙权,司马懿,鬼谷子"
鬼谷子,西施,12,阵营2 胜利,"关羽,不知火舞,蚩奼,阿古朵,鬼谷子","狂铁,沈梦溪,戈娅,铠,西施"
鬼谷子,西施,13,阵营1 胜利,"关羽,嫦娥,狄仁杰,李白,鬼谷子","狂铁,武则天,蚩奼,马超,西施"
鬼谷子,西施,14,阵营1 胜利,,未集齐10人
鬼谷子,西施,15,阵营2 胜利,,未集齐10人
鬼谷子,西施,16,阵营1 胜利,,未集齐10人
鬼谷子,西施,17,阵营1 胜利,,未集齐10人
鬼谷子,西施,18,阵营1 胜利,"蒙恬,嬴政,戈娅,杨戬,西施","元歌,诸葛亮,百里守约,雅典娜,鬼谷子"
鬼谷子,鲁班大师,1,阵营1 胜利,"蚩奼,上官婉儿,戈娅,阿古朵,鬼谷子","猪八戒,貂蝉,李信,赵云,鲁班大师"
鬼谷子,鲁班大师,2,阵营2 胜利,"蒙恬,不知火舞,虞姬,裴擒虎,鬼谷子","狂铁,高渐离,元流之子(射手),兰陵王,鲁班大师"
鬼谷子,鲁班大师,3,阵营2 胜利,"影,嫦娥,元流之子(射手),铠,鲁班大师","貂蝉,王昭君,蚩奼,裴擒虎,鬼谷子"
鬼谷子,鲁班大师,4,阵营1 胜利,"蒙恬,甄姬,敖隐,马超,鬼谷子","梦奇,嫦娥,虞姬,赵云,鲁班大师"
鬼谷子,鲁班大师,5,阵营1 胜利,"孙策,不知火舞,元流之子(射手),阿轲,鬼谷子","蒙恬,海月,苍,梦奇,鲁班大师"
鬼谷子,鲁班大师,6,阵营1 胜利,"影,海月,孙尚香,裴擒虎,鲁班大师","哪吒,小乔,蚩奼,云中君,鬼谷子"
鬼谷子,鲁班大师,7,阵营2 胜利,"刘邦,大乔,敖隐,元流之子(刺客),鬼谷子","影,貂蝉,百里守约,赵云,鲁班大师"
鬼谷子,鲁班大师,8,阵营2 胜利,"司空震,嫦娥,蚩奼,韩信,鬼谷子","钟无艳,甄姬,元流之子(射手),赵云,鲁班大师"
鬼谷子,鲁班大师,9,阵营1 胜利,"蒙恬,沈梦溪,蚩奼,暃,鬼谷子","哪吒,海月,公孙离,诸葛亮,鲁班大师"
鬼谷子,鲁班大师,10,阵营1 胜利,"马超,女娲,蒙犽,橘右京,鬼谷子","老夫子,诸葛亮,蚩奼,暃,鲁班大师"
鬼谷子,鲁班大师,11,阵营2 胜利,"司空震,不知火舞,苍,李元芳,鲁班大师","哪吒,诸葛亮,戈娅,阿轲,鬼谷子"
鬼谷子,鲁班大师,12,阵营2 胜利,"司空震,武则天,孙权,元流之子(刺客),鲁班大师","元歌,嫦娥,蚩奼,马超,鬼谷子"
鬼谷子,鲁班大师,13,阵营2 胜利,"关羽,甄姬,鲁班七号,兰陵王,鬼谷子","程咬金,海诺,李信,娜可露露,鲁班大师"
鬼谷子,鲁班大师,14,阵营1 胜利,"哪吒,小乔,李元芳,百里玄策,鬼谷子","狂铁,高渐离,敖隐,澜,鲁班大师"
鬼谷子,鲁班大师,15,阵营1 胜利,"狂铁,弈星,百里守约,马超,鬼谷子","猪八戒,貂蝉,公孙离,镜,鲁班大师"
鬼谷子,鲁班大师,16,阵营2 胜利,"司空震,小乔,戈娅,裴擒虎,鲁班大师","狂铁,高渐离,百里守约,宫本武藏,鬼谷子"
鬼谷子,鲁班大师,17,阵营2 胜利,"元歌,武则天,百里守约,裴擒虎,鲁班大师","姬小满,沈梦溪,李元芳,杨戬,鬼谷子"
鬼谷子,鲁班大师,18,阵营2 胜利,"元流之子(坦克),甄姬,蚩奼,马超,鬼谷子","关羽,不知火舞,戈娅,雅典娜,鲁班大师"
鬼谷子,鲁班大师,19,阵营2 胜利,"元歌,沈梦溪,元流之子(射手),镜,鲁班大师","亚瑟,弈星,公孙离,孙悟空,鬼谷子"
鬼谷子,桑启,1,阵营1 胜利,"司空震,姜子牙,虞姬,赵云,桑启","马超,武则天,后羿,娜可露露,鬼谷子"
鬼谷子,桑启,2,阵营2 胜利,"元流之子(坦克),不知火舞,戈娅,阿轲,鬼谷子","狂铁,弈星,蚩奼,韩信,桑启"
鬼谷子,桑启,3,阵营2 胜利,"白起,沈梦溪,苍,裴擒虎,鬼谷子","曹操,不知火舞,戈娅,雅典娜,桑启"
鬼谷子,桑启,4,阵营2 胜利,"老夫子,沈梦溪,孙权,铠,鬼谷子","司空震,女娲,李信,阿轲,桑启"
鬼谷子,桑启,5,阵营1 胜利,"哪吒,高渐离,戈娅,阿古朵,鬼谷子","花木兰,女娲,元流之子(射手),裴擒虎,桑启"
鬼谷子,桑启,6,阵营1 胜利,"杨戬,小乔,敖隐,李白,鬼谷子","元歌,嫦娥,元流之子(射手),影,桑启"
鬼谷子,桑启,7,阵营1 胜利,"花木兰,海诺,蚩奼,裴擒虎,桑启","孙策,上官婉儿,元流之子(射手),百里玄策,鬼谷子"
鬼谷子,桑启,8,阵营2 胜利,"大司命,西施,艾琳,裴擒虎,鬼谷子","蚩奼,上官婉儿,孙权,云缨,桑启"
鬼谷子,桑启,9,阵营1 胜利,"司空震,诸葛亮,苍,云缨,鬼谷子","哪吒,女娲,艾琳,宫本武藏,桑启"
鬼谷子,桑启,10,阵营1 胜利,"盘古,嫦娥,公孙离,澜,鬼谷子","蒙恬,沈梦溪,苍,阿古朵,桑启"
鬼谷子,桑启,11,阵营1 胜利,"司空震,弈星,蚩奼,裴擒虎,鬼谷子","哪吒,太乙真人,狄仁杰,孙悟空,桑启"
鬼谷子,桑启,12,阵营1 胜利,"夏洛特,小乔,公孙离,韩信,鬼谷子","哪吒,沈梦溪,百里守约,马超,桑启"
鬼谷子,桑启,13,阵营1 胜利,"蚩奼,弈星,戈娅,橘右京,鬼谷子","狂铁,女娲,元流之子(射手),裴擒虎,桑启"
鬼谷子,桑启,14,阵营1 胜利,"曹操,沈梦溪,孙权,哪吒,桑启","老夫子,王昭君,元流之子(射手),赵云,鬼谷子"
鬼谷子,桑启,15,阵营1 胜利,"马超,高渐离,蚩奼,宫本武藏,桑启","花木兰,女娲,孙权,赵云,鬼谷子"
鬼谷子,桑启,16,阵营1 胜利,"李信,海月,黄忠,赵云,桑启","狂铁,女娲,百里守约,元流之子(刺客),鬼谷子"
鬼谷子,桑启,17,阵营2 胜利,"元歌,不知火舞,李信,马超,鬼谷子","夏洛特,诸葛亮,艾琳,裴擒虎,桑启"
鬼谷子,桑启,18,阵营2 胜利,"蒙恬,嫦娥,敖隐,曜,桑启","狂铁,不知火舞,虞姬,露娜,鬼谷子"
鬼谷子,桑启,19,阵营1 胜利,"元歌,武则天,虞姬,暃,桑启","白起,沈梦溪,苍,裴擒虎,鬼谷子"
鬼谷子,赵怀真,1,阵营1 胜利,"亚连,嫦娥,虞姬,诸葛亮,赵怀真","项羽,貂蝉,戈娅,铠,鬼谷子"
鬼谷子,赵怀真,2,阵营2 胜利,"白起,嫦娥,百里守约,云缨,鬼谷子","孙策,嬴政,戈娅,镜,赵怀真"
鬼谷子,赵怀真,3,阵营1 胜利,"孙策,高渐离,虞姬,马超,鬼谷子","曹操,不知火舞,元流之子(射手),百里玄策,赵怀真"
鬼谷子,赵怀真,4,阵营1 胜利,"老夫子,小乔,元流之子(射手),裴擒虎,鬼谷子","孙策,嫦娥,虞姬,云中君,赵怀真"
鬼谷子,赵怀真,5,阵营1 胜利,"海诺,嫦娥,李信,镜,赵怀真","哪吒,诸葛亮,公孙离,铠,鬼谷子"
鬼谷子,赵怀真,6,阵营1 胜利,"刘邦,小乔,公孙离,杨戬,鬼谷子","达摩,大乔,蚩奼,韩信,赵怀真"
鬼谷子,赵怀真,7,阵营1 胜利,"元歌,杨玉环,孙权,诸葛亮,赵怀真","曹操,大乔,公孙离,娜可露露,鬼谷子"
鬼谷子,赵怀真,8,阵营2 胜利,"狂铁,元流之子(法师),敖隐,镜,赵怀真","哪吒,女娲,蚩奼,云中君,鬼谷子"
鬼谷子,赵怀真,9,阵营1 胜利,"马超,不知火舞,公孙离,裴擒虎,赵怀真","老夫子,嫦娥,元流之子(射手),李白,鬼谷子"
鬼谷子,赵怀真,10,阵营2 胜利,"哪吒,大乔,元流之子(射手),暃,鬼谷子","曹操,小乔,虞姬,宫本武藏,赵怀真"
鬼谷子,赵怀真,11,阵营1 胜利,"元歌,海月,李信,赵云,鬼谷子","曹操,弈星,元流之子(射手),澜,赵怀真"
鬼谷子,赵怀真,12,阵营1 胜利,"蒙恬,女娲,李信,宫本武藏,赵怀真","狂铁,小乔,蚩奼,大司命,鬼谷子"
鬼谷子,赵怀真,13,阵营2 胜利,"司空震,貂蝉,艾琳,百里玄策,赵怀真","哪吒,小乔,公孙离,裴擒虎,鬼谷子"
鬼谷子,赵怀真,14,阵营2 胜利,"狂铁,女娲,元流之子(射手),暃,赵怀真","元歌,嫦娥,后羿,韩信,鬼谷子"
鬼谷子,赵怀真,15,阵营1 胜利,"元歌,海月,孙权,镜,鬼谷子","哪吒,诸葛亮,公孙离,铠,赵怀真"
鬼谷子,赵怀真,16,阵营2 胜利,,未集齐10人
鬼谷子,赵怀真,17,阵营1 胜利,,未集齐10人
鬼谷子,赵怀真,18,阵营1 胜利,,未集齐10人
鬼谷子,赵怀真,19,阵营2 胜利,,未集齐10人
鬼谷子,空空儿,1,阵营1 胜利,"哪吒,小乔,狄仁杰,刘备,空空儿","达摩,海月,孙权,裴擒虎,鬼谷子"
鬼谷子,空空儿,2,阵营1 胜利,"关羽,周瑜,虞姬,马超,鬼谷子","白起,女娲,孙权,镜,空空儿"
鬼谷子,空空儿,3,阵营2 胜利,"影,高渐离,敖隐,阿古朵,鬼谷子","姬小满,元流之子(法师),鲁班七号,赵云,空空儿"
鬼谷子,空空儿,4,阵营1 胜利,"芈月,沈梦溪,蚩奼,裴擒虎,空空儿","亚瑟,不知火舞,公孙离,橘右京,鬼谷子"
鬼谷子,空空儿,5,阵营2 胜利,"狂铁,不知火舞,敖隐,兰陵王,鬼谷子","老夫子,小乔,虞姬,裴擒虎,空空儿"
鬼谷子,空空儿,6,阵营1 胜利,"达摩,西施,公孙离,百里玄策,空空儿","狂铁,貂蝉,元流之子(射手),刘备,鬼谷子"
鬼谷子,空空儿,7,阵营1 胜利,"钟无艳,不知火舞,百里守约,赵云,鬼谷子","影,西施,蚩奼,云缨,空空儿"
鬼谷子,空空儿,8,阵营1 胜利,"老夫子,不知火舞,敖隐,元流之子(坦克),空空儿","哪吒,元流之子(法师),艾琳,镜,鬼谷子"
鬼谷子,空空儿,9,阵营2 胜利,"蚩奼,貂蝉,戈娅,兰陵王,鬼谷子","关羽,安琪拉,公孙离,暃,空空儿"
鬼谷子,空空儿,10,阵营1 胜利,"夏洛特,女娲,司空震,裴擒虎,空空儿","花木兰,沈梦溪,莱西奥,橘右京,鬼谷子"
鬼谷子,空空儿,11,阵营1 胜利,"影,嫦娥,戈娅,云中君,鬼谷子","元歌,不知火舞,元流之子(射手),孙悟空,空空儿"
鬼谷子,空空儿,12,阵营1 胜利,"曹操,嫦娥,孙尚香,镜,鬼谷子","狂铁,不知火舞,蚩奼,云缨,空空儿"
鬼谷子,空空儿,13,阵营2 胜利,"关羽,海月,百里守约,裴擒虎,鬼谷子","元歌,弈星,元流之子(射手),赵云,空空儿"
鬼谷子,空空儿,14,阵营1 胜利,"姬小满,海月,元流之子(射手),芈月,鬼谷子","司空震,沈梦溪,戈娅,盘古,空空儿"
鬼谷子,空空儿,15,阵营1 胜利,"项羽,诸葛亮,戈娅,裴擒虎,空空儿","关羽,杨玉环,元流之子(射手),韩信,鬼谷子"
鬼谷子,空空儿,16,阵营2 胜利,"曹操,沈梦溪,蚩奼,橘右京,鬼谷子","影,米莱狄,李信,娜可露露,空空儿"
鬼谷子,空空儿,17,阵营1 胜利,"曹操,元流之子(法师),公孙离,阿古朵,鬼谷子","司空震,貂蝉,戈娅,元流之子(刺客),空空儿"
鬼谷子,空空儿,18,阵营2 胜利,"达摩,小乔,蚩奼,铠,空空儿","芈月,沈梦溪,虞姬,宫本武藏,鬼谷子"
鬼谷子,空空儿,19,阵营1 胜利,"马超,沈梦溪,苍,诸葛亮,鬼谷子","猪八戒,海诺,蚩奼,孙悟空,空空儿"
鬼谷子,少司缘,1,阵营2 胜利,"影,小乔,元流之子(射手),铠,少司缘","元歌,诸葛亮,百里守约,暃,鬼谷子"
鬼谷子,少司缘,2,阵营1 胜利,"哪吒,小乔,李信,百里玄策,鬼谷子","曹操,高渐离,孙权,马超,少司缘"
鬼谷子,少司缘,3,阵营2 胜利,"达摩,沈梦溪,元流之子(射手),镜,鬼谷子","狂铁,上官婉儿,公孙离,阿古朵,少司缘"
鬼谷子,少司缘,4,阵营1 胜利,"曹操,弈星,戈娅,赵云,少司缘","哪吒,小乔,元流之子(射手),裴擒虎,鬼谷子"
鬼谷子,少司缘,5,阵营1 胜利,"老夫子,诸葛亮,戈娅,裴擒虎,少司缘","芈月,小乔,公孙离,韩信,鬼谷子"
鬼谷子,少司缘,6,阵营2 胜利,"杨戬,大乔,元流之子(射手),橘右京,少司缘","亚连,干将莫邪,蚩奼,镜,鬼谷子"
鬼谷子,少司缘,7,阵营1 胜利,"蒙恬,嫦娥,公孙离,马超,鬼谷子","狂铁,小乔,戈娅,澜,少司缘"
鬼谷子,少司缘,8,阵营2 胜利,"司空震,海诺,蚩奼,孙悟空,鬼谷子","孙策,貂蝉,黄忠,百里玄策,少司缘"
鬼谷子,少司缘,9,阵营1 胜利,"狂铁,大乔,元流之子(射手),李白,鬼谷子","关羽,武则天,百里守约,韩信,少司缘"
鬼谷子,少司缘,10,阵营1 胜利,"老夫子,诸葛亮,敖隐,橘右京,鬼谷子","影,甄姬,元流之子(射手),雅典娜,少司缘"
鬼谷子,少司缘,11,阵营1 胜利,"夏洛特,小乔,孙权,暃,鬼谷子","司空震,甄姬,戈娅,露娜,少司缘"
鬼谷子,少司缘,12,阵营2 胜利,"司空震,大乔,元流之子(射手),韩信,少司缘","元歌,貂蝉,后羿,宫本武藏,鬼谷子"
鬼谷子,少司缘,13,阵营1 胜利,"司空震,嫦娥,孙权,裴擒虎,鬼谷子","哪吒,海月,后羿,大司命,少司缘"
鬼谷子,少司缘,14,阵营1 胜利,"曹操,海诺,蚩奼,杨戬,鬼谷子","元歌,貂蝉,戈娅,暃,少司缘"
鬼谷子,少司缘,15,阵营2 胜利,"项羽,诸葛亮,百里守约,裴擒虎,鬼谷子","老夫子,杨玉环,孙权,橘右京,少司缘"
鬼谷子,少司缘,16,阵营2 胜利,"司空震,女娲,虞姬,娜可露露,少司缘","马超,高渐离,蚩奼,杨戬,鬼谷子"
鬼谷子,少司缘,17,阵营2 胜利,"狂铁,沈梦溪,敖隐,诸葛亮,鬼谷子","元歌,貂蝉,元流之子(射手),韩信,少司缘"
鬼谷子,少司缘,18,阵营1 胜利,"影,沈梦溪,苍,暃,少司缘","哪吒,杨玉环,孙尚香,马超,鬼谷子"
鬼谷子,少司缘,19,阵营1 胜利,"影,大乔,元流之子(射手),曜,少司缘","关羽,小乔,虞姬,云缨,鬼谷子"
鬼谷子,元流之子(坦克),1,阵营1 胜利,"影,周瑜,艾琳,镜,鬼谷子","司空震,诸葛亮,孙尚香,韩信,元流之子(坦克)"
鬼谷子,元流之子(坦克),2,阵营2 胜利,"元歌,貂蝉,公孙离,露娜,鬼谷子","关羽,高渐离,戈娅,哪吒,元流之子(坦克)"
鬼谷子,元流之子(坦克),3,阵营2 胜利,"关羽,安琪拉,公孙离,露娜,元流之子(坦克)","蒙恬,女娲,孙尚香,阿古朵,鬼谷子"
鬼谷子,元流之子(坦克),4,阵营2 胜利,"吕布,武则天,蚩奼,裴擒虎,元流之子(坦克)","狂铁,小乔,百里守约,铠,鬼谷子"
鬼谷子,元流之子(坦克),5,阵营2 胜利,"元歌,小乔,艾琳,暃,鬼谷子","关羽,诸葛亮,后羿,宫本武藏,元流之子(坦克)"
鬼谷子,元流之子(坦克),6,阵营1 胜利,"马超,小乔,蚩奼,橘右京,鬼谷子","老夫子,女娲,狄仁杰,铠,元流之子(坦克)"
鬼谷子,元流之子(坦克),7,阵营1 胜利,"芈月,沈梦溪,蚩奼,司马懿,鬼谷子","曹操,海月,后羿,裴擒虎,元流之子(坦克)"
鬼谷子,元流之子(坦克),8,阵营2 胜利,"狂铁,甄姬,蚩奼,马超,鬼谷子","元歌,杨玉环,虞姬,露娜,元流之子(坦克)"
鬼谷子,元流之子(坦克),9,阵营1 胜利,"曹操,上官婉儿,虞姬,哪吒,元流之子(坦克)","狂铁,不知火舞,后羿,赵云,鬼谷子"
鬼谷子,元流之子(坦克),10,阵营2 胜利,"司空震,嫦娥,李信,暃,元流之子(坦克)","蚩奼,海诺,虞姬,马超,鬼谷子"
鬼谷子,元流之子(坦克),11,阵营2 胜利,"狂铁,貂蝉,敖隐,孙悟空,鬼谷子","哪吒,大乔,公孙离,铠,元流之子(坦克)"
鬼谷子,元流之子(坦克),12,阵营2 胜利,"哪吒,不知火舞,元流之子(射手),裴擒虎,鬼谷子","关羽,嫦娥,孙权,司马懿,元流之子(坦克)"
鬼谷子,元流之子(坦克),13,阵营2 胜利,"白起,弈星,元流之子(射手),马超,鬼谷子","哪吒,大乔,敖隐,宫本武藏,元流之子(坦克)"
鬼谷子,元流之子(坦克),14,阵营2 胜利,"夏洛特,甄姬,蚩奼,镜,鬼谷子","老夫子,小乔,后羿,橘右京,元流之子(坦克)"
鬼谷子,元流之子(坦克),15,阵营2 胜利,"司空震,干将莫邪,后羿,橘右京,元流之子(坦克)","蒙恬,上官婉儿,元流之子(射手),赵云,鬼谷子"
鬼谷子,元流之子(坦克),16,阵营1 胜利,"亚瑟,武则天,百里守约,裴擒虎,元流之子(坦克)","钟无艳,嫦娥,戈娅,韩信,鬼谷子"
鬼谷子,元流之子(坦克),17,阵营2 胜利,"元歌,杨玉环,敖隐,阿古朵,元流之子(坦克)","马超,西施,元流之子(射手),兰陵王,鬼谷子"
鬼谷子,元流之子(坦克),18,阵营1 胜利,"元歌,女娲,戈娅,百里玄策,元流之子(坦克)","影,海诺,李元芳,曜,鬼谷子"
鬼谷子,元流之子(坦克),19,阵营1 胜利,"夏洛特,海月,蚩奼,马超,元流之子(坦克)","哪吒,大乔,狄仁杰,孙悟空,鬼谷子"
鬼谷子,元流之子(辅助),1,阵营1 胜利,"老夫子,女娲,司空震,百里玄策,鬼谷子","哪吒,杨玉环,蚩奼,韩信,元流之子(辅助)"
鬼谷子,元流之子(辅助),2,阵营1 胜利,"蚩奼,嫦娥,莱西奥,橘右京,元流之子(辅助)","哪吒,上官婉儿,元流之子(射手),裴擒虎,鬼谷子"
鬼谷子,元流之子(辅助),3,阵营1 胜利,"元歌,诸葛亮,敖隐,元流之子(坦克),鬼谷子","狂铁,大乔,苍,娜可露露,元流之子(辅助)"
鬼谷子,元流之子(辅助),4,阵营1 胜利,"哪吒,貂蝉,元流之子(射手),铠,鬼谷子","程咬金,甄姬,公孙离,橘右京,元流之子(辅助)"
鬼谷子,元流之子(辅助),5,阵营2 胜利,"曹操,貂蝉,蚩奼,裴擒虎,鬼谷子","花木兰,大乔,后羿,暃,元流之子(辅助)"
鬼谷子,元流之子(辅助),6,阵营2 胜利,"哪吒,小乔,元流之子(射手),阿轲,鬼谷子","老夫子,嫦娥,狄仁杰,暃,元流之子(辅助)"
鬼谷子,元流之子(辅助),7,阵营1 胜利,"哪吒,弈星,艾琳,韩信,元流之子(辅助)","关羽,海诺,元流之子(射手),暃,鬼谷子"
鬼谷子,元流之子(辅助),8,阵营1 胜利,"元歌,沈梦溪,蚩奼,镜,鬼谷子","关羽,安琪拉,艾琳,裴擒虎,元流之子(辅助)"
鬼谷子,元流之子(辅助),9,阵营1 胜利,"姬小满,诸葛亮,老夫子,镜,元流之子(辅助)","哪吒,上官婉儿,虞姬,阿轲,鬼谷子"
鬼谷子,元流之子(辅助),10,阵营1 胜利,"元歌,弈星,孙权,马超,鬼谷子","老夫子,不知火舞,公孙离,暃,元流之子(辅助)"
鬼谷子,元流之子(辅助),11,阵营1 胜利,"曹操,沈梦溪,虞姬,裴擒虎,鬼谷子","蚩奼,海月,孙尚香,马超,元流之子(辅助)"
鬼谷子,元流之子(辅助),12,阵营2 胜利,"曹操,嫦娥,艾琳,李元芳,元流之子(辅助)","花木兰,女娲,蚩奼,云缨,鬼谷子"
鬼谷子,元流之子(辅助),13,阵营1 胜利,"影,杨玉环,苍,露娜,元流之子(辅助)","蚩奼,沈梦溪,元流之子(射手),裴擒虎,鬼谷子"
鬼谷子,元流之子(辅助),14,阵营2 胜利,"老夫子,女娲,阿古朵,赵云,鬼谷子","狂铁,沈梦溪,敖隐,马超,元流之子(辅助)"
鬼谷子,元流之子(辅助),15,阵营1 胜利,"孙策,小乔,蚩奼,镜,鬼谷子","狂铁,弈星,艾琳,暃,元流之子(辅助)"
鬼谷子,元流之子(辅助),16,阵营2 胜利,"影,大乔,戈娅,露娜,鬼谷子","司空震,海月,公孙离,孙悟空,元流之子(辅助)"
鬼谷子,元流之子(辅助),17,阵营1 胜利,"影,貂蝉,狄仁杰,镜,元流之子(辅助)","蒙恬,扁鹊,蚩奼,韩信,鬼谷子"
鬼谷子,元流之子(辅助),18,阵营1 胜利,"元歌,武则天,艾琳,盘古,元流之子(辅助)","花木兰,不知火舞,李信,马超,鬼谷子"
鬼谷子,元流之子(辅助),19,阵营1 胜利,"廉颇,杨玉环,李信,影,元流之子(辅助)","司空震,甄姬,敖隐,马超,鬼谷子"
大乔,苏烈,1,阵营2 胜利,"白起,扁鹊,公孙离,露娜,苏烈","花木兰,小乔,戈娅,铠,大乔"
大乔,苏烈,2,阵营1 胜利,"吕布,女娲,元流之子(射手),云缨,苏烈","蒙恬,海月,蚩奼,哪吒,大乔"
大乔,苏烈,3,阵营2 胜利,"关羽,不知火舞,狄仁杰,梦奇,苏烈","达摩,上官婉儿,鲁班七号,宫本武藏,大乔"
大乔,苏烈,4,阵营2 胜利,"廉颇,海诺,蚩奼,暃,大乔","关羽,不知火舞,公孙离,裴擒虎,苏烈"
大乔,苏烈,5,阵营1 胜利,"狂铁,甄姬,蒙犽,裴擒虎,苏烈","曹操,干将莫邪,元流之子(射手),孙悟空,大乔"
大乔,苏烈,6,阵营1 胜利,"哪吒,甄姬,戈娅,孙悟空,苏烈","老夫子,海月,公孙离,李元芳,大乔"
大乔,苏烈,7,阵营2 胜利,"狂铁,女娲,后羿,诸葛亮,大乔","老夫子,小乔,蚩奼,赵云,苏烈"
大乔,苏烈,8,阵营1 胜利,"狂铁,女娲,元流之子(射手),马超,大乔","曹操,不知火舞,孙权,孙悟空,苏烈"
大乔,苏烈,9,阵营1 胜利,"蚩奼,上官婉儿,虞姬,阿古朵,大乔","影,小乔,元流之子(射手),暃,苏烈"
大乔,苏烈,10,阵营2 胜利,"元歌,甄姬,孙权,百里玄策,大乔","夏洛特,女娲,虞姬,赵云,苏烈"
大乔,苏烈,11,阵营1 胜利,"狂铁,上官婉儿,戈娅,典韦,苏烈","花木兰,嫦娥,元流之子(射手),曜,大乔"
大乔,苏烈,12,阵营1 胜利,"司空震,武则天,元流之子(射手),大司命,苏烈","花木兰,沈梦溪,戈娅,赵云,大乔"
大乔,苏烈,13,阵营2 胜利,"赵怀真,甄姬,戈娅,阿古朵,大乔","杨戬,女娲,元流之子(射手),兰陵王,苏烈"
大乔,苏烈,14,阵营2 胜利,"姬小满,武则天,孙尚香,韩信,大乔","哪吒,海月,蚩奼,百里玄策,苏烈"
大乔,苏烈,15,阵营1 胜利,"老夫子,嫦娥,李信,梦奇,大乔","花木兰,小乔,蒙犽,云缨,苏烈"
大乔,苏烈,16,阵营2 胜利,"姬小满,周瑜,蚩奼,韩信,苏烈","狂铁,海月,后羿,百里玄策,大乔"
大乔,苏烈,17,阵营2 胜利,"马超,杨玉环,公孙离,赵云,大乔","关羽,女娲,百里守约,镜,苏烈"
大乔,苏烈,18,阵营2 胜利,,未集齐10人
大乔,苏烈,19,阵营2 胜利,,未集齐10人
大乔,瑶,1,阵营2 胜利,,未集齐10人
大乔,瑶,2,阵营1 胜利,,未集齐10人
大乔,瑶,3,阵营1 胜利,,未集齐10人
大乔,瑶,4,阵营2 胜利,,未集齐10人
大乔,瑶,5,阵营1 胜利,,未集齐10人
大乔,瑶,6,阵营1 胜利,,未集齐10人
大乔,瑶,7,阵营1 胜利,,未集齐10人
大乔,瑶,8,阵营1 胜利,,未集齐10人
大乔,瑶,9,阵营2 胜利,,未集齐10人
大乔,瑶,10,阵营1 胜利,,未集齐10人
大乔,瑶,11,阵营2 胜利,,未集齐10人
大乔,瑶,12,阵营1 胜利,,未集齐10人
大乔,瑶,13,阵营1 胜利,,未集齐10人
大乔,瑶,14,阵营1 胜利,,未集齐10人
大乔,瑶,15,阵营2 胜利,"狂铁,杨玉环,苍,马超,大乔","曹操,甄姬,孙权,百里玄策,瑶"
大乔,瑶,16,阵营1 胜利,"曹操,女娲,孙权,阿古朵,瑶","钟无艳,小乔,公孙离,裴擒虎,大乔"
大乔,瑶,17,阵营1 胜利,"老夫子,周瑜,蚩奼,孙悟空,大乔","花木兰,沈梦溪,戈娅,大司命,瑶"
大乔,瑶,18,阵营1 胜利,"姬小满,杨玉环,元流之子(射手),阿古朵,瑶","芈月,嫦娥,鲁班七号,马超,大乔"
大乔,瑶,19,阵营1 胜利,"司空震,墨子,蚩奼,哪吒,大乔","夏洛特,女娲,李信,元流之子(刺客),瑶"
大乔,盾山,1,阵营1 胜利,"老夫子,沈梦溪,虞姬,典韦,大乔","蚩奼,干将莫邪,元流之子(射手),孙悟空,盾山"
大乔,盾山,2,阵营2 胜利,"狂铁,沈梦溪,公孙离,镜,大乔","影,嫦娥,鲁班七号,阿古朵,盾山"
大乔,盾山,3,阵营2 胜利,"关羽,金蝉,鲁班七号,诸葛亮,盾山","梦奇,周瑜,孙权,雅典娜,大乔"
大乔,盾山,4,阵营2 胜利,"影,诸葛亮,孙尚香,暃,盾山","刘邦,甄姬,元流之子(射手),阿轲,大乔"
大乔,盾山,5,阵营2 胜利,"白起,海月,戈娅,云缨,大乔","元歌,沈梦溪,李信,赵云,盾山"
大乔,盾山,6,阵营2 胜利,"元歌,甄姬,戈娅,曜,大乔","影,不知火舞,元流之子(射手),韩信,盾山"
大乔,盾山,7,阵营1 胜利,"关羽,干将莫邪,虞姬,赵云,盾山","哪吒,沈梦溪,元流之子(射手),铠,大乔"
大乔,盾山,8,阵营1 胜利,"曹操,小乔,元流之子(射手),橘右京,盾山","花木兰,诸葛亮,敖隐,元流之子(刺客),大乔"
大乔,盾山,9,阵营2 胜利,"蚩奼,诸葛亮,孙权,赵云,大乔","元歌,上官婉儿,狄仁杰,大司命,盾山"
大乔,盾山,10,阵营1 胜利,"元歌,小乔,李元芳,雅典娜,大乔","曹操,武则天,艾琳,云缨,盾山"
大乔,盾山,11,阵营1 胜利,"兰陵王,海月,艾琳,阿轲,盾山","亚瑟,沈梦溪,后羿,曜,大乔"
大乔,盾山,12,阵营1 胜利,"杨戬,嬴政,艾琳,露娜,盾山","司空震,沈梦溪,苍,典韦,大乔"
大乔,盾山,13,阵营2 胜利,"哪吒,西施,蚩奼,云缨,盾山","亚瑟,女娲,戈娅,裴擒虎,大乔"
大乔,盾山,14,阵营1 胜利,"曹操,海月,元流之子(射手),镜,盾山","大司命,弈星,司空震,裴擒虎,大乔"
大乔,盾山,15,阵营1 胜利,"杨戬,甄姬,司空震,赵云,盾山","老夫子,海诺,蚩奼,裴擒虎,大乔"
大乔,盾山,16,阵营2 胜利,"狂铁,沈梦溪,狄仁杰,镜,盾山","关羽,甄姬,后羿,橘右京,大乔"
大乔,盾山,17,阵营2 胜利,"狂铁,女娲,艾琳,韩信,盾山","哪吒,王昭君,戈娅,铠,大乔"
大乔,盾山,18,阵营2 胜利,"狂铁,沈梦溪,虞姬,娜可露露,大乔","马超,海月,李信,铠,盾山"
大乔,盾山,19,阵营2 胜利,"狂铁,诸葛亮,元流之子(射手),赵云,大乔","曹操,上官婉儿,狄仁杰,暃,盾山"
大乔,西施,1,阵营1 胜利,"关羽,杨玉环,戈娅,雅典娜,大乔","芈月,诸葛亮,孙权,兰陵王,西施"
大乔,西施,2,阵营1 胜利,,未集齐10人
大乔,西施,3,阵营1 胜利,"狂铁,上官婉儿,蚩奼,李白,西施","老夫子,小乔,狄仁杰,百里玄策,大乔"
大乔,西施,4,阵营1 胜利,"老夫子,貂蝉,虞姬,梦奇,大乔","狂铁,嫦娥,李信,元流之子(刺客),西施"
大乔,西施,5,阵营2 胜利,"狂铁,沈梦溪,敖隐,云缨,西施","兰陵王,海月,后羿,韩信,大乔"
大乔,西施,6,阵营1 胜利,"赵怀真,米莱狄,公孙离,韩信,大乔","蚩奼,沈梦溪,虞姬,裴擒虎,西施"
大乔,西施,7,阵营2 胜利,"关羽,貂蝉,元流之子(射手),李白,西施","钟无艳,甄姬,公孙离,诸葛亮,大乔"
大乔,西施,8,阵营1 胜利,"狂铁,嫦娥,虞姬,橘右京,大乔","元歌,不知火舞,艾琳,百里玄策,西施"
大乔,西施,9,阵营1 胜利,"蒙恬,貂蝉,虞姬,韩信,大乔","关羽,上官婉儿,苍,阿古朵,西施"
大乔,西施,10,阵营1 胜利,"元流之子(坦克),小乔,戈娅,杨戬,西施","孙策,女娲,虞姬,云缨,大乔"
大乔,西施,11,阵营1 胜利,"影,女娲,戈娅,裴擒虎,西施","亚瑟,小乔,蚩奼,澜,大乔"
大乔,西施,12,阵营1 胜利,"达摩,女娲,百里守约,镜,大乔","老夫子,沈梦溪,蚩奼,元流之子(刺客),西施"
大乔,西施,13,阵营2 胜利,"蚩奼,嫦娥,李信,娜可露露,西施","老夫子,海诺,孙权,裴擒虎,大乔"
大乔,西施,14,阵营1 胜利,"司空震,米莱狄,孙权,娜可露露,西施","亚瑟,元流之子(法师),公孙离,铠,大乔"
大乔,西施,15,阵营2 胜利,"海诺,武则天,戈娅,宫本武藏,大乔","孙策,不知火舞,元流之子(射手),镜,西施"
大乔,西施,16,阵营2 胜利,"影,女娲,戈娅,典韦,大乔","蒙恬,海月,司空震,李元芳,西施"
大乔,西施,17,阵营2 胜利,"元歌,海诺,马可波罗,杨戬,西施","狂铁,嫦娥,莱西奥,裴擒虎,大乔"
大乔,西施,18,阵营1 胜利,"马超,武则天,戈娅,李元芳,大乔","司空震,元流之子(法师),李信,镜,西施"
大乔,西施,19,阵营1 胜利,"元歌,不知火舞,孙尚香,马超,大乔","哪吒,高渐离,艾琳,司马懿,西施"
大乔,鲁班大师,1,阵营1 胜利,"亚瑟,海诺,司空震,李元芳,大乔","元歌,貂蝉,李信,司马懿,鲁班大师"
大乔,鲁班大师,2,阵营2 胜利,"蒙恬,诸葛亮,后羿,暃,大乔","芈月,安琪拉,孙尚香,铠,鲁班大师"
大乔,鲁班大师,3,阵营2 胜利,"孙策,海月,苍,猪八戒,大乔","夏洛特,女娲,元流之子(射手),马超,鲁班大师"
大乔,鲁班大师,4,阵营1 胜利,"芈月,杨玉环,敖隐,铠,鲁班大师","花木兰,安琪拉,元流之子(射手),赵云,大乔"
大乔,鲁班大师,5,阵营2 胜利,"元歌,沈梦溪,戈娅,赵云,大乔","芈月,不知火舞,蚩奼,韩信,鲁班大师"
大乔,鲁班大师,6,阵营1 胜利,"关羽,小乔,蚩奼,李白,大乔","花木兰,沈梦溪,苍,镜,鲁班大师"
大乔,鲁班大师,7,阵营1 胜利,"司空震,不知火舞,蚩奼,阿古朵,鲁班大师","姬小满,沈梦溪,李信,橘右京,大乔"
大乔,鲁班大师,8,阵营2 胜利,"影,安琪拉,蚩奼,裴擒虎,鲁班大师","哪吒,武则天,虞姬,云缨,大乔"
大乔,鲁班大师,9,阵营2 胜利,"狂铁,海月,公孙离,镜,鲁班大师","亚瑟,西施,元流之子(射手),暃,大乔"
大乔,鲁班大师,10,阵营1 胜利,"影,王昭君,公孙离,孙悟空,鲁班大师","老夫子,干将莫邪,蚩奼,哪吒,大乔"
大乔,鲁班大师,11,阵营1 胜利,"关羽,海月,百里守约,赵云,大乔","孙策,高渐离,敖隐,裴擒虎,鲁班大师"
大乔,鲁班大师,12,阵营1 胜利,"曹操,不知火舞,元流之子(射手),马超,大乔","夏洛特,海诺,戈娅,暃,鲁班大师"
大乔,鲁班大师,13,阵营1 胜利,"梦奇,嫦娥,后羿,李白,鲁班大师","影,诸葛亮,狄仁杰,暃,大乔"
大乔,鲁班大师,14,阵营2 胜利,"关羽,西施,公孙离,马超,鲁班大师","司空震,沈梦溪,元流之子(射手),赵云,大乔"
大乔,鲁班大师,15,阵营2 胜利,"关羽,沈梦溪,蚩奼,阿古朵,鲁班大师","夏洛特,上官婉儿,苍,暃,大乔"
大乔,鲁班大师,16,阵营2 胜利,"夏洛特,不知火舞,孙权,马超,鲁班大师","达摩,海月,元流之子(射手),宫本武藏,大乔"
大乔,鲁班大师,17,阵营2 胜利,"杨戬,女娲,孙权,韩信,鲁班大师","白起,甄姬,百里守约,娜可露露,大乔"
大乔,鲁班大师,18,阵营2 胜利,"兰陵王,弈星,敖隐,诸葛亮,鲁班大师","狂铁,杨玉环,元流之子(射手),暃,大乔"
大乔,鲁班大师,19,阵营2 胜利,"钟无艳,嫦娥,元流之子(射手),镜,鲁班大师","哪吒,周瑜,狄仁杰,元流之子(刺客),大乔"
大乔,桑启,1,阵营2 胜利,"哪吒,不知火舞,戈娅,镜,桑启","司空震,杨玉环,狄仁杰,云缨,大乔"
大乔,桑启,2,阵营1 胜利,"影,嫦娥,艾琳,杨戬,大乔","姬小满,貂蝉,虞姬,镜,桑启"
大乔,桑启,3,阵营1 胜利,"影,弈星,公孙离,雅典娜,大乔","孙策,杨玉环,孙权,云缨,桑启"
大乔,桑启,4,阵营2 胜利,"司空震,沈梦溪,蚩奼,孙悟空,大乔","猪八戒,弈星,虞姬,娜可露露,桑启"
大乔,桑启,5,阵营2 胜利,"老夫子,海月,敖隐,铠,大乔","钟无艳,诸葛亮,百里守约,孙悟空,桑启"
大乔,桑启,6,阵营1 胜利,"马超,武则天,元流之子(射手),盘古,大乔","项羽,女娲,蚩奼,杨戬,桑启"
大乔,桑启,7,阵营1 胜利,"花木兰,海月,敖隐,孙悟空,桑启","芈月,杨玉环,苍,司马懿,大乔"
大乔,桑启,8,阵营2 胜利,"白起,嬴政,马可波罗,韩信,桑启","老夫子,沈梦溪,元流之子(射手),阿轲,大乔"
大乔,桑启,9,阵营2 胜利,"老夫子,沈梦溪,李元芳,曜,大乔","白起,女娲,元流之子(射手),镜,桑启"
大乔,桑启,10,阵营2 胜利,"关羽,女娲,蚩奼,宫本武藏,大乔","花木兰,高渐离,公孙离,铠,桑启"
大乔,桑启,11,阵营1 胜利,"影,诸葛亮,后羿,百里玄策,桑启","曹操,西施,艾琳,孙悟空,大乔"
大乔,桑启,12,阵营2 胜利,"影,甄姬,莱西奥,典韦,桑启","关羽,不知火舞,元流之子(射手),马超,大乔"
大乔,桑启,13,阵营1 胜利,"夏洛特,海月,敖隐,露娜,大乔","曹操,姜子牙,李信,裴擒虎,桑启"
大乔,桑启,14,阵营1 胜利,"老夫子,诸葛亮,蚩奼,韩信,大乔","关羽,武则天,公孙离,兰陵王,桑启"
大乔,桑启,15,阵营2 胜利,"亚瑟,武则天,蚩奼,裴擒虎,桑启","关羽,貂蝉,艾琳,杨戬,大乔"
大乔,桑启,16,阵营2 胜利,"影,甄姬,戈娅,韩信,桑启","花木兰,嫦娥,孙权,暃,大乔"
大乔,桑启,17,阵营1 胜利,"狂铁,小乔,虞姬,镜,大乔","哪吒,嫦娥,蚩奼,裴擒虎,桑启"
大乔,桑启,18,阵营2 胜利,"马超,女娲,影,阿古朵,大乔","夏洛特,不知火舞,蚩奼,铠,桑启"
大乔,桑启,19,阵营1 胜利,"夏洛特,海诺,敖隐,孙悟空,大乔","元流之子(坦克),西施,虞姬,韩信,桑启"
大乔,赵怀真,1,阵营2 胜利,"曹操,诸葛亮,虞姬,露娜,大乔","元歌,不知火舞,蚩奼,云缨,赵怀真"
大乔,赵怀真,2,阵营1 胜利,"影,女娲,孙权,裴擒虎,赵怀真","蚩奼,不知火舞,戈娅,司马懿,大乔"
大乔,赵怀真,3,阵营1 胜利,"夏洛特,小乔,蚩奼,韩信,赵怀真","夏侯惇,金蝉,艾琳,裴擒虎,大乔"
大乔,赵怀真,4,阵营1 胜利,"杨戬,元流之子(法师),虞姬,马超,大乔","元歌,海月,后羿,暃,赵怀真"
大乔,赵怀真,5,阵营1 胜利,"元歌,甄姬,虞姬,裴擒虎,赵怀真","夏洛特,女娲,戈娅,孙悟空,大乔"
大乔,赵怀真,6,阵营1 胜利,"杨戬,上官婉儿,孙权,云中君,赵怀真","曹操,沈梦溪,元流之子(射手),百里玄策,大乔"
大乔,赵怀真,7,阵营2 胜利,"蚩奼,嫦娥,公孙离,裴擒虎,赵怀真","影,诸葛亮,李信,阿轲,大乔"
大乔,赵怀真,8,阵营1 胜利,"蚩奼,金蝉,公孙离,典韦,大乔","达摩,沈梦溪,元流之子(射手),马超,赵怀真"
大乔,赵怀真,9,阵营1 胜利,"曹操,沈梦溪,公孙离,橘右京,赵怀真","司空震,不知火舞,戈娅,百里玄策,大乔"
大乔,赵怀真,10,阵营2 胜利,"花木兰,小乔,敖隐,司马懿,赵怀真","曹操,女娲,元流之子(射手),典韦,大乔"
大乔,赵怀真,11,阵营1 胜利,"铠,沈梦溪,戈娅,裴擒虎,赵怀真","马超,弈星,公孙离,赵云,大乔"
大乔,赵怀真,12,阵营1 胜利,"影,不知火舞,元流之子(射手),裴擒虎,大乔","马超,杨玉环,公孙离,诸葛亮,赵怀真"
大乔,赵怀真,13,阵营2 胜利,"项羽,嫦娥,蚩奼,橘右京,大乔","老夫子,沈梦溪,元流之子(射手),裴擒虎,赵怀真"
大乔,赵怀真,14,阵营1 胜利,"关羽,弈星,鲁班七号,司马懿,大乔","吕布,高渐离,蚩奼,暃,赵怀真"
大乔,赵怀真,15,阵营2 胜利,"老夫子,不知火舞,狄仁杰,裴擒虎,大乔","项羽,沈梦溪,蚩奼,橘右京,赵怀真"
大乔,赵怀真,16,阵营2 胜利,"哪吒,嫦娥,蚩奼,阿轲,赵怀真","马超,女娲,李信,赵云,大乔"
大乔,赵怀真,17,阵营1 胜利,"狂铁,女娲,狄仁杰,露娜,赵怀真","芈月,小乔,元流之子(射手),宫本武藏,大乔"
大乔,赵怀真,18,阵营1 胜利,"司空震,诸葛亮,蚩奼,兰陵王,大乔","影,杨玉环,狄仁杰,曜,赵怀真"
大乔,赵怀真,19,阵营1 胜利,"蒙恬,沈梦溪,伽罗,铠,赵怀真","元歌,甄姬,李信,韩信,大乔"
大乔,空空儿,1,阵营1 胜利,"狂铁,沈梦溪,蚩奼,裴擒虎,空空儿","夏洛特,女娲,艾琳,韩信,大乔"
大乔,空空儿,2,阵营1 胜利,"老夫子,海诺,孙权,韩信,空空儿","亚瑟,不知火舞,戈娅,马超,大乔"
大乔,空空儿,3,阵营2 胜利,"亚瑟,不知火舞,公孙离,镜,空空儿","司空震,海诺,孙尚香,韩信,大乔"
大乔,空空儿,4,阵营1 胜利,"夏洛特,干将莫邪,后羿,宫本武藏,空空儿","夏侯惇,诸葛亮,马可波罗,铠,大乔"
大乔,空空儿,5,阵营2 胜利,"司空震,弈星,元流之子(射手),暃,空空儿","哪吒,不知火舞,孙权,赵云,大乔"
大乔,空空儿,6,阵营1 胜利,"貂蝉,蒙犽,橘右京,空空儿,白起,诸葛亮,孙权,赵云,大乔",未集齐10人
大乔,空空儿,7,阵营1 胜利,"盘古,女娲,公孙离,宫本武藏,大乔","司空震,貂蝉,元流之子(射手),大司命,空空儿"
大乔,空空儿,8,阵营1 胜利,"老夫子,海月,元流之子(射手),裴擒虎,空空儿","夏洛特,沈梦溪,狄仁杰,韩信,大乔"
大乔,空空儿,9,阵营1 胜利,"芈月,甄姬,苍,马超,空空儿","关羽,嫦娥,元流之子(射手),云中君,大乔"
大乔,空空儿,10,阵营2 胜利,"关羽,貂蝉,狄仁杰,曜,大乔","司空震,小乔,元流之子(射手),盘古,空空儿"
大乔,空空儿,11,阵营2 胜利,"花木兰,嫦娥,元流之子(射手),铠,空空儿","芈月,杨玉环,蚩奼,裴擒虎,大乔"
大乔,空空儿,12,阵营1 胜利,"元歌,高渐离,蚩奼,哪吒,大乔","老夫子,西施,戈娅,暃,空空儿"
大乔,空空儿,13,阵营1 胜利,"姬小满,小乔,后羿,镜,大乔","马超,貂蝉,苍,阿古朵,空空儿"
大乔,空空儿,14,阵营2 胜利,"曹操,女娲,蚩奼,阿古朵,空空儿","花木兰,杨玉环,百里守约,杨戬,大乔"
大乔,空空儿,15,阵营1 胜利,"蒙恬,弈星,艾琳,镜,大乔","狂铁,甄姬,蚩奼,雅典娜,空空儿"
大乔,空空儿,16,阵营1 胜利,"司空震,杨玉环,敖隐,暃,空空儿","哪吒,姜子牙,公孙离,诸葛亮,大乔"
大乔,空空儿,17,阵营1 胜利,"白起,海月,公孙离,裴擒虎,大乔","影,女娲,元流之子(射手),暃,空空儿"
大乔,空空儿,18,阵营1 胜利,"马超,不知火舞,虞姬,橘右京,大乔","孙策,杨玉环,戈娅,澜,空空儿"
大乔,空空儿,19,阵营1 胜利,"兰陵王,杨玉环,司空震,云缨,大乔","老夫子,上官婉儿,元流之子(射手),杨戬,空空儿"
大乔,少司缘,1,阵营2 胜利,"狂铁,上官婉儿,戈娅,司马懿,大乔","达摩,杨玉环,公孙离,裴擒虎,少司缘"
大乔,少司缘,2,阵营1 胜利,"孙策,沈梦溪,苍,马超,少司缘","夏洛特,太乙真人,公孙离,阿古朵,大乔"
大乔,少司缘,3,阵营1 胜利,"司空震,武则天,公孙离,裴擒虎,少司缘","哪吒,弈星,鲁班七号,典韦,大乔"
大乔,少司缘,4,阵营1 胜利,"狂铁,甄姬,公孙离,曜,少司缘","亚瑟,诸葛亮,鲁班七号,娜可露露,大乔"
大乔,少司缘,5,阵营2 胜利,"夏洛特,嫦娥,戈娅,娜可露露,少司缘","马超,海诺,蚩奼,赵云,大乔"
大乔,少司缘,6,阵营2 胜利,"曹操,嫦娥,元流之子(射手),马超,少司缘","影,不知火舞,虞姬,裴擒虎,大乔"
大乔,少司缘,7,阵营2 胜利,"司空震,元流之子(法师),孙尚香,裴擒虎,大乔","狂铁,不知火舞,戈娅,暃,少司缘"
大乔,少司缘,8,阵营2 胜利,"曹操,弈星,艾琳,曜,大乔","狂铁,不知火舞,元流之子(射手),大司命,少司缘"
大乔,少司缘,9,阵营1 胜利,"关羽,不知火舞,艾琳,盘古,少司缘","杨戬,西施,元流之子(射手),赵云,大乔"
大乔,少司缘,10,阵营2 胜利,"老夫子,嫦娥,元流之子(射手),宫本武藏,大乔","马超,沈梦溪,公孙离,赵云,少司缘"
大乔,少司缘,11,阵营1 胜利,"程咬金,貂蝉,戈娅,澜,大乔","白起,小乔,艾琳,赵云,少司缘"
大乔,少司缘,12,阵营1 胜利,"曹操,嫦娥,艾琳,铠,少司缘","影,海月,元流之子(射手),裴擒虎,大乔"
大乔,少司缘,13,阵营2 胜利,"姬小满,杨玉环,艾琳,赵云,少司缘","老夫子,嫦娥,蚩奼,大司命,大乔"
大乔,少司缘,14,阵营2 胜利,"亚连,貂蝉,蒙犽,哪吒,大乔","白起,海诺,元流之子(射手),韩信,少司缘"
大乔,少司缘,15,阵营2 胜利,"亚瑟,不知火舞,公孙离,暃,少司缘","海诺,沈梦溪,狄仁杰,裴擒虎,大乔"
大乔,少司缘,16,阵营1 胜利,"老夫子,貂蝉,后羿,孙悟空,大乔","曹操,不知火舞,百里守约,云缨,少司缘"
大乔,少司缘,17,阵营2 胜利,"影,沈梦溪,元流之子(射手),露娜,少司缘","姬小满,女娲,李信,赵云,大乔"
大乔,少司缘,18,阵营1 胜利,"老夫子,高渐离,蚩奼,橘右京,少司缘","关羽,甄姬,虞姬,典韦,大乔"
大乔,少司缘,19,阵营2 胜利,"雅典娜,貂蝉,蚩奼,暃,少司缘","亚瑟,嫦娥,艾琳,阿古朵,大乔"
大乔,元流之子(坦克),1,阵营2 胜利,"蒙恬,甄姬,元流之子(射手),赵云,大乔","影,沈梦溪,蚩奼,杨戬,元流之子(坦克)"
大乔,元流之子(坦克),2,阵营2 胜利,"蒙恬,不知火舞,敖隐,百里玄策,元流之子(坦克)","花木兰,女娲,公孙离,杨戬,大乔"
大乔,元流之子(坦克),3,阵营1 胜利,"夏洛特,武则天,公孙离,典韦,元流之子(坦克)","亚瑟,女娲,百里守约,铠,大乔"
大乔,元流之子(坦克),4,阵营1 胜利,"狂铁,沈梦溪,后羿,镜,大乔","哪吒,海月,孙尚香,嫦娥,元流之子(坦克)"
大乔,元流之子(坦克),5,阵营2 胜利,"关羽,安琪拉,孙权,百里玄策,元流之子(坦克)","兰陵王,沈梦溪,司空震,露娜,大乔"
大乔,元流之子(坦克),6,阵营2 胜利,"花木兰,小乔,蚩奼,司马懿,元流之子(坦克)","司空震,甄姬,戈娅,李元芳,大乔"
大乔,元流之子(坦克),7,阵营2 胜利,"老夫子,沈梦溪,元流之子(射手),阿古朵,大乔","花木兰,武则天,蚩奼,孙悟空,元流之子(坦克)"
大乔,元流之子(坦克),8,阵营1 胜利,"夏洛特,嫦娥,孙权,镜,元流之子(坦克)","关羽,甄姬,公孙离,暃,大乔"
大乔,元流之子(坦克),9,阵营1 胜利,"马超,安琪拉,戈娅,韩信,元流之子(坦克)","老夫子,甄姬,蚩奼,诸葛亮,大乔"
大乔,元流之子(坦克),10,阵营1 胜利,"姬小满,女娲,艾琳,铠,元流之子(坦克)","司空震,上官婉儿,公孙离,哪吒,大乔"
大乔,元流之子(坦克),11,阵营1 胜利,"关羽,不知火舞,虞姬,裴擒虎,元流之子(坦克)","大司命,上官婉儿,李信,橘右京,大乔"
大乔,元流之子(坦克),12,阵营2 胜利,"蚩奼,海月,戈娅,裴擒虎,大乔","马超,西施,孙权,橘右京,元流之子(坦克)"
大乔,元流之子(坦克),13,阵营2 胜利,"孙策,姜子牙,百里守约,马超,大乔","程咬金,貂蝉,艾琳,裴擒虎,元流之子(坦克)"
大乔,元流之子(坦克),14,阵营1 胜利,"关羽,小乔,蚩奼,镜,大乔","马超,杨玉环,虞姬,哪吒,元流之子(坦克)"
大乔,元流之子(坦克),15,阵营2 胜利,"梦奇,诸葛亮,公孙离,铠,大乔","花木兰,沈梦溪,戈娅,镜,元流之子(坦克)"
大乔,元流之子(坦克),16,阵营1 胜利,"狂铁,女娲,戈娅,镜,大乔","蒙恬,杨玉环,苍,暃,元流之子(坦克)"
大乔,元流之子(坦克),17,阵营1 胜利,"影,甄姬,孙权,镜,元流之子(坦克)","司空震,诸葛亮,蚩奼,铠,大乔"
大乔,元流之子(坦克),18,阵营2 胜利,"司空震,海诺,马可波罗,镜,元流之子(坦克)","蚩奼,武则天,虞姬,司马懿,大乔"
大乔,元流之子(坦克),19,阵营2 胜利,"蒙恬,不知火舞,虞姬,阿古朵,大乔","关羽,诸葛亮,戈娅,雅典娜,元流之子(坦克)"
大乔,元流之子(辅助),1,阵营2 胜利,"狂铁,沈梦溪,艾琳,暃,元流之子(辅助)","元歌,杨玉环,李信,铠,大乔"
大乔,元流之子(辅助),2,阵营1 胜利,"芈月,海诺,鲁班七号,韩信,大乔","司空震,女娲,狄仁杰,雅典娜,元流之子(辅助)"
大乔,元流之子(辅助),3,阵营1 胜利,"狂铁,海月,狄仁杰,云缨,元流之子(辅助)","哪吒,女娲,元流之子(射手),孙悟空,大乔"
大乔,元流之子(辅助),4,阵营2 胜利,"芈月,沈梦溪,狄仁杰,百里玄策,元流之子(辅助)","亚瑟,杨玉环,公孙离,诸葛亮,大乔"
大乔,元流之子(辅助),5,阵营1 胜利,"姬小满,不知火舞,狄仁杰,云中君,元流之子(辅助)","曹操,武则天,李信,赵云,大乔"
大乔,元流之子(辅助),6,阵营1 胜利,"影,沈梦溪,百里守约,兰陵王,元流之子(辅助)","白起,不知火舞,元流之子(射手),暃,大乔"
大乔,元流之子(辅助),7,阵营2 胜利,"司空震,小乔,伽罗,雅典娜,大乔","马超,海月,狄仁杰,裴擒虎,元流之子(辅助)"
大乔,元流之子(辅助),8,阵营1 胜利,"哪吒,小乔,莱西奥,马超,元流之子(辅助)","影,不知火舞,戈娅,暃,大乔"
大乔,元流之子(辅助),9,阵营1 胜利,"狂铁,诸葛亮,艾琳,阿古朵,元流之子(辅助)","程咬金,沈梦溪,元流之子(射手),裴擒虎,大乔"
大乔,元流之子(辅助),10,阵营1 胜利,"老夫子,杨玉环,元流之子(射手),暃,大乔","貂蝉,金蝉,公孙离,刘备,元流之子(辅助)"
大乔,元流之子(辅助),11,阵营1 胜利,"关羽,高渐离,李信,赵云,元流之子(辅助)","元歌,嫦娥,公孙离,诸葛亮,大乔"
大乔,元流之子(辅助),12,阵营2 胜利,"梦奇,诸葛亮,虞姬,宫本武藏,大乔","花木兰,沈梦溪,孙尚香,盘古,元流之子(辅助)"
大乔,元流之子(辅助),13,阵营2 胜利,"哪吒,女娲,敖隐,暃,元流之子(辅助)","司空震,姜子牙,虞姬,宫本武藏,大乔"
大乔,元流之子(辅助),14,阵营1 胜利,"影,女娲,戈娅,裴擒虎,大乔","曹操,沈梦溪,艾琳,百里玄策,元流之子(辅助)"
大乔,元流之子(辅助),15,阵营2 胜利,"白起,高渐离,敖隐,大司命,元流之子(辅助)","元流之子(坦克),小乔,百里守约,阿古朵,大乔"
大乔,元流之子(辅助),16,阵营2 胜利,"花木兰,小乔,孙尚香,镜,元流之子(辅助)","司空震,沈梦溪,公孙离,裴擒虎,大乔"
大乔,元流之子(辅助),17,阵营1 胜利,"蚩奼,西施,公孙离,橘右京,大乔","姬小满,不知火舞,狄仁杰,裴擒虎,元流之子(辅助)"
大乔,元流之子(辅助),18,阵营1 胜利,"芈月,嫦娥,艾琳,赵云,元流之子(辅助)","元流之子(坦克),女娲,蚩奼,娜可露露,大乔"
大乔,元流之子(辅助),19,阵营1 胜利,"老夫子,妲己,艾琳,盘古,元流之子(辅助)","狂铁,西施,蚩奼,镜,大乔"
苏烈,明世隐,1,阵营2 胜利,"元歌,沈梦溪,虞姬,暃,苏烈","哪吒,小乔,艾琳,马超,明世隐"
苏烈,明世隐,2,阵营2 胜利,"影,武则天,孙权,阿古朵,苏烈","哪吒,嫦娥,蚩奼,橘右京,明世隐"
苏烈,明世隐,3,阵营1 胜利,"狂铁,姜子牙,公孙离,裴擒虎,苏烈","哪吒,大乔,戈娅,露娜,明世隐"
苏烈,明世隐,4,阵营1 胜利,"刘邦,嫦娥,孙尚香,裴擒虎,明世隐","姬小满,王昭君,元流之子(射手),赵云,苏烈"
苏烈,明世隐,5,阵营2 胜利,"达摩,司马懿,孙尚香,影,明世隐","老夫子,海月,元流之子(射手),哪吒,苏烈"
苏烈,明世隐,6,阵营1 胜利,"狂铁,女娲,戈娅,宫本武藏,明世隐","关羽,海诺,元流之子(射手),澜,苏烈"
苏烈,明世隐,7,阵营2 胜利,"孙策,不知火舞,莱西奥,宫本武藏,明世隐","关羽,女娲,李信,李白,苏烈"
苏烈,明世隐,8,阵营1 胜利,"曹操,海诺,李信,阿古朵,苏烈","兰陵王,女娲,戈娅,铠,明世隐"
苏烈,明世隐,9,阵营1 胜利,"司空震,貂蝉,敖隐,宫本武藏,明世隐","杨戬,妲己,虞姬,橘右京,苏烈"
苏烈,明世隐,10,阵营1 胜利,"老夫子,女娲,李信,镜,明世隐","蚩奼,小乔,虞姬,云缨,苏烈"
苏烈,明世隐,11,阵营2 胜利,"元歌,姜子牙,敖隐,裴擒虎,苏烈","夏洛特,嫦娥,孙尚香,曜,明世隐"
苏烈,明世隐,12,阵营2 胜利,"花木兰,大乔,戈娅,镜,明世隐","夏洛特,沈梦溪,艾琳,露娜,苏烈"
苏烈,明世隐,13,阵营1 胜利,"不知火舞,老夫子,后羿,阿古朵,苏烈","司空震,弈星,元流之子(射手),镜,明世隐"
苏烈,明世隐,14,阵营1 胜利,"哪吒,女娲,公孙离,雅典娜,苏烈","杨戬,小乔,蒙犽,百里玄策,明世隐"
苏烈,明世隐,15,阵营2 胜利,"司空震,高渐离,狄仁杰,元流之子(刺客),明世隐","马超,嫦娥,虞姬,曜,苏烈"
苏烈,明世隐,16,阵营2 胜利,"马超,沈梦溪,敖隐,澜,苏烈","司空震,小乔,艾琳,百里玄策,明世隐"
苏烈,明世隐,17,阵营1 胜利,"白起,小乔,元流之子(射手),娜可露露,明世隐","蒙恬,不知火舞,蚩奼,宫本武藏,苏烈"
苏烈,明世隐,18,阵营1 胜利,"杨戬,海月,蚩奼,百里玄策,苏烈","狂铁,沈梦溪,狄仁杰,铠,明世隐"
苏烈,明世隐,19,阵营1 胜利,"花木兰,周瑜,元流之子(射手),马超,苏烈","老夫子,不知火舞,蚩奼,韩信,明世隐"
苏烈,瑶,1,阵营2 胜利,"狂铁,杨玉环,元流之子(射手),铠,苏烈","哪吒,武则天,蚩奼,猪八戒,瑶"
苏烈,瑶,2,阵营2 胜利,"马超,女娲,戈娅,曜,苏烈","老夫子,沈梦溪,公孙离,兰陵王,瑶"
苏烈,瑶,3,阵营2 胜利,"亚连,沈梦溪,司空震,马超,苏烈","孙策,海月,蚩奼,露娜,瑶"
苏烈,瑶,4,阵营1 胜利,"哪吒,女娲,蚩奼,橘右京,苏烈","曹操,诸葛亮,马可波罗,镜,瑶"
苏烈,瑶,5,阵营2 胜利,"马超,嫦娥,戈娅,镜,瑶","司空震,沈梦溪,公孙离,裴擒虎,苏烈"
苏烈,瑶,6,阵营1 胜利,"曹操,海诺,元流之子(射手),澜,瑶","蒙恬,沈梦溪,蚩奼,暃,苏烈"
苏烈,瑶,7,阵营2 胜利,"马超,干将莫邪,虞姬,宫本武藏,瑶","老夫子,嫦娥,莱西奥,暃,苏烈"
苏烈,瑶,8,阵营1 胜利,"影,大乔,莱西奥,铠,瑶","花木兰,海诺,元流之子(射手),兰陵王,苏烈"
苏烈,瑶,9,阵营1 胜利,"影,海诺,元流之子(射手),裴擒虎,瑶","夏洛特,女娲,蚩奼,马超,苏烈"
苏烈,瑶,10,阵营2 胜利,"蒙恬,上官婉儿,元流之子(射手),韩信,瑶","哪吒,干将莫邪,蚩奼,赵云,苏烈"
苏烈,瑶,11,阵营2 胜利,"杨戬,杨玉环,鲁班七号,百里玄策,苏烈","白起,沈梦溪,公孙离,典韦,瑶"
苏烈,瑶,12,阵营2 胜利,"曹操,嫦娥,敖隐,韩信,苏烈","夏洛特,海诺,蚩奼,裴擒虎,瑶"
苏烈,瑶,13,阵营1 胜利,"曹操,沈梦溪,狄仁杰,宫本武藏,瑶","关羽,嬴政,元流之子(射手),马超,苏烈"
苏烈,瑶,14,阵营2 胜利,"元歌,女娲,虞姬,猪八戒,苏烈","哪吒,沈梦溪,李信,芈月,瑶"
苏烈,瑶,15,阵营2 胜利,"夏洛特,西施,元流之子(射手),大司命,苏烈","蚩奼,高渐离,孙尚香,云缨,瑶"
苏烈,瑶,16,阵营1 胜利,"老夫子,安琪拉,蚩奼,裴擒虎,瑶","影,海诺,元流之子(射手),百里玄策,苏烈"
苏烈,瑶,17,阵营2 胜利,"狂铁,弈星,元流之子(射手),裴擒虎,瑶","达摩,甄姬,百里守约,露娜,苏烈"
苏烈,瑶,18,阵营1 胜利,"影,杨玉环,蚩奼,梦奇,瑶","司空震,海月,戈娅,镜,苏烈"
苏烈,瑶,19,阵营1 胜利,"姬小满,杨玉环,公孙离,韩信,瑶","曹操,小乔,元流之子(射手),杨戬,苏烈"
苏烈,盾山,1,阵营1 胜利,"关羽,不知火舞,元流之子(射手),韩信,盾山","海诺,上官婉儿,戈娅,铠,苏烈"
苏烈,盾山,2,阵营2 胜利,"影,小乔,狄仁杰,暃,苏烈","狂铁,嫦娥,艾琳,裴擒虎,盾山"
苏烈,盾山,3,阵营2 胜利,"元歌,武则天,虞姬,李白,盾山","廉颇,大乔,元流之子(射手),铠,苏烈"
苏烈,盾山,4,阵营2 胜利,"曹操,诸葛亮,艾琳,铠,盾山","影,沈梦溪,元流之子(射手),韩信,苏烈"
苏烈,盾山,5,阵营1 胜利,"花木兰,不知火舞,莱西奥,刘备,苏烈","兰陵王,小乔,李信,孙悟空,盾山"
苏烈,盾山,6,阵营2 胜利,"达摩,元流之子(法师),狄仁杰,裴擒虎,苏烈","花木兰,弈星,蚩奼,娜可露露,盾山"
苏烈,盾山,7,阵营2 胜利,"影,沈梦溪,戈娅,元流之子(刺客),苏烈","曹操,武则天,蚩奼,暃,盾山"
苏烈,盾山,8,阵营1 胜利,"达摩,女娲,虞姬,百里玄策,盾山","影,甄姬,孙尚香,李白,苏烈"
苏烈,盾山,9,阵营1 胜利,"蒙恬,诸葛亮,后羿,铠,苏烈","狂铁,墨子,元流之子(射手),裴擒虎,盾山"
苏烈,盾山,10,阵营2 胜利,"赵怀真,弈星,敖隐,镜,苏烈","马超,不知火舞,艾琳,芈月,盾山"
苏烈,盾山,11,阵营1 胜利,"哪吒,诸葛亮,艾琳,典韦,苏烈","影,不知火舞,黄忠,元流之子(刺客),盾山"
苏烈,盾山,12,阵营2 胜利,"元歌,干将莫邪,蚩奼,云中君,苏烈","夏洛特,不知火舞,艾琳,哪吒,盾山"
苏烈,盾山,13,阵营1 胜利,"夏洛特,海月,狄仁杰,兰陵王,盾山","影,沈梦溪,蒙犽,裴擒虎,苏烈"
苏烈,盾山,14,阵营2 胜利,"亚连,安琪拉,孙尚香,曜,盾山","狂铁,海月,苍,大司命,苏烈"
苏烈,盾山,15,阵营2 胜利,"马超,元流之子(法师),孙尚香,镜,盾山","老夫子,大乔,敖隐,露娜,苏烈"
苏烈,盾山,16,阵营2 胜利,"孙策,貂蝉,狄仁杰,曹操,盾山","兰陵王,诸葛亮,蚩奼,暃,苏烈"
苏烈,盾山,17,阵营1 胜利,"蒙恬,诸葛亮,虞姬,司马懿,苏烈","哪吒,嫦娥,孙权,百里玄策,盾山"
苏烈,盾山,18,阵营2 胜利,"蚩奼,嬴政,狄仁杰,韩信,盾山","马超,扁鹊,公孙离,橘右京,苏烈"
苏烈,盾山,19,阵营2 胜利,"关羽,海月,戈娅,阿古朵,苏烈","司空震,海诺,元流之子(射手),露娜,盾山"
苏烈,西施,1,阵营2 胜利,"蒙恬,女娲,虞姬,诸葛亮,西施","老夫子,大乔,蚩奼,大司命,苏烈"
苏烈,西施,2,阵营2 胜利,"影,不知火舞,孙权,露娜,苏烈","狂铁,嫦娥,虞姬,裴擒虎,西施"
苏烈,西施,3,阵营1 胜利,"芈月,女娲,元流之子(射手),云缨,苏烈","白起,小乔,戈娅,韩信,西施"
苏烈,西施,4,阵营1 胜利,"狂铁,貂蝉,戈娅,韩信,西施","孙策,小乔,公孙离,镜,苏烈"
苏烈,西施,5,阵营2 胜利,"花木兰,干将莫邪,元流之子(射手),赵云,苏烈","元歌,杨玉环,蚩奼,阿古朵,西施"
苏烈,西施,6,阵营1 胜利,"李信,海月,敖隐,露娜,苏烈","哪吒,周瑜,后羿,马超,西施"
苏烈,西施,7,阵营1 胜利,"老夫子,诸葛亮,蚩奼,裴擒虎,苏烈","蒙恬,大乔,苍,曹操,西施"
苏烈,西施,8,阵营1 胜利,"狂铁,安琪拉,元流之子(射手),孙悟空,苏烈","夏洛特,嫦娥,敖隐,云缨,西施"
苏烈,西施,9,阵营2 胜利,"曹操,大乔,戈娅,司马懿,苏烈","元歌,嫦娥,百里守约,暃,西施"
苏烈,西施,10,阵营1 胜利,"狂铁,海诺,元流之子(射手),暃,苏烈","白起,小乔,蚩奼,镜,西施"
苏烈,西施,11,阵营2 胜利,"蒙恬,妲己,虞姬,韩信,苏烈","哪吒,沈梦溪,蚩奼,镜,西施"
苏烈,西施,12,阵营2 胜利,"关羽,安琪拉,公孙离,马超,西施","蒙恬,诸葛亮,狄仁杰,大司命,苏烈"
苏烈,西施,13,阵营1 胜利,"白起,杨玉环,戈娅,橘右京,苏烈","狂铁,嫦娥,苍,暃,西施"
苏烈,西施,14,阵营1 胜利,"司空震,大乔,戈娅,韩信,西施","影,杨玉环,元流之子(射手),孙悟空,苏烈"
苏烈,西施,15,阵营2 胜利,"盘古,海诺,伽罗,镜,西施","孙策,上官婉儿,蚩奼,橘右京,苏烈"
苏烈,西施,16,阵营2 胜利,"司空震,沈梦溪,蚩奼,赵云,西施","影,元流之子(法师),公孙离,宫本武藏,苏烈"
苏烈,西施,17,阵营1 胜利,"项羽,海诺,公孙离,盘古,苏烈","亚瑟,小乔,蚩奼,韩信,西施"
苏烈,西施,18,阵营2 胜利,"关羽,小乔,戈娅,云缨,西施","司空震,上官婉儿,百里守约,哪吒,苏烈"
苏烈,西施,19,阵营1 胜利,"花木兰,姜子牙,蚩奼,李白,西施","曹操,上官婉儿,百里守约,暃,苏烈"
苏烈,鲁班大师,1,阵营1 胜利,"夏洛特,嫦娥,公孙离,镜,鲁班大师","狂铁,杨玉环,孙尚香,百里玄策,苏烈"
苏烈,鲁班大师,2,阵营2 胜利,"影,武则天,公孙离,韩信,苏烈","关羽,沈梦溪,鲁班七号,李白,鲁班大师"
苏烈,鲁班大师,3,阵营2 胜利,"司空震,海诺,百里守约,元流之子(刺客),苏烈","夏洛特,弈星,苍,裴擒虎,鲁班大师"
苏烈,鲁班大师,4,阵营1 胜利,"司空震,杨玉环,虞姬,裴擒虎,苏烈","姬小满,海月,公孙离,司马懿,鲁班大师"
苏烈,鲁班大师,5,阵营2 胜利,"吕布,姜子牙,后羿,曜,苏烈","夏侯惇,女娲,百里守约,阿古朵,鲁班大师"
苏烈,鲁班大师,6,阵营1 胜利,"元流之子(坦克),甄姬,戈娅,典韦,苏烈","吕布,小乔,狄仁杰,孙悟空,鲁班大师"
苏烈,鲁班大师,7,阵营2 胜利,"关羽,安琪拉,李信,裴擒虎,苏烈","曹操,干将莫邪,元流之子(射手),赵云,鲁班大师"
苏烈,鲁班大师,8,阵营2 胜利,"哪吒,武则天,蚩奼,杨戬,鲁班大师","狂铁,嫦娥,后羿,裴擒虎,苏烈"
苏烈,鲁班大师,9,阵营2 胜利,"曹操,沈梦溪,公孙离,曜,苏烈","刘邦,貂蝉,百里守约,裴擒虎,鲁班大师"
苏烈,鲁班大师,10,阵营2 胜利,"程咬金,海月,敖隐,云中君,鲁班大师","元歌,沈梦溪,蚩奼,百里玄策,苏烈"
苏烈,鲁班大师,11,阵营1 胜利,"关羽,安琪拉,元流之子(射手),典韦,鲁班大师","老夫子,女娲,虞姬,元流之子(刺客),苏烈"
苏烈,鲁班大师,12,阵营2 胜利,"蒙恬,高渐离,蚩奼,孙悟空,鲁班大师","老夫子,西施,虞姬,赵云,苏烈"
苏烈,鲁班大师,13,阵营2 胜利,"达摩,诸葛亮,敖隐,阿古朵,苏烈","蒙恬,小乔,元流之子(射手),曜,鲁班大师"
苏烈,鲁班大师,14,阵营1 胜利,"赵怀真,海诺,蚩奼,镜,苏烈","夏洛特,女娲,孙权,阿古朵,鲁班大师"
苏烈,鲁班大师,15,阵营2 胜利,"影,杨玉环,戈娅,雅典娜,鲁班大师","狂铁,甄姬,公孙离,李元芳,苏烈"
苏烈,鲁班大师,16,阵营2 胜利,"花木兰,海诺,李信,夏侯惇,苏烈","狂铁,沈梦溪,元流之子(射手),裴擒虎,鲁班大师"
苏烈,鲁班大师,17,阵营2 胜利,"蚩奼,嫦娥,孙尚香,元流之子(刺客),鲁班大师","亚连,小乔,狄仁杰,娜可露露,苏烈"
苏烈,鲁班大师,18,阵营1 胜利,"小乔,鲁班七号,狂铁,韩信,鲁班大师","马超,上官婉儿,公孙离,铠,苏烈"
苏烈,鲁班大师,19,阵营1 胜利,"元歌,杨玉环,元流之子(射手),裴擒虎,苏烈","影,海诺,李信,哪吒,鲁班大师"
苏烈,桑启,1,阵营1 胜利,"夏洛特,上官婉儿,元流之子(射手),镜,苏烈","白起,甄姬,虞姬,裴擒虎,桑启"
苏烈,桑启,2,阵营1 胜利,"曹操,女娲,蚩奼,裴擒虎,桑启","元歌,嫦娥,蒙犽,云中君,苏烈"
苏烈,桑启,3,阵营2 胜利,"达摩,海诺,虞姬,镜,桑启","老夫子,杨玉环,元流之子(射手),暃,苏烈"
苏烈,桑启,4,阵营1 胜利,"狂铁,不知火舞,艾琳,韩信,桑启","元歌,海月,蒙犽,橘右京,苏烈"
苏烈,桑启,5,阵营2 胜利,"元流之子(刺客),貂蝉,蚩奼,橘右京,苏烈","影,女娲,虞姬,雅典娜,桑启"
苏烈,桑启,6,阵营1 胜利,"达摩,沈梦溪,蚩奼,大司命,桑启","关羽,杨玉环,李信,孙悟空,苏烈"
苏烈,桑启,7,阵营2 胜利,"夏洛特,武则天,公孙离,哪吒,桑启","曹操,不知火舞,戈娅,马超,苏烈"
苏烈,桑启,8,阵营2 胜利,"亚瑟,不知火舞,狄仁杰,马超,桑启","老夫子,小乔,公孙离,韩信,苏烈"
苏烈,桑启,9,阵营1 胜利,"哪吒,高渐离,虞姬,孙悟空,苏烈","达摩,甄姬,元流之子(射手),阿古朵,桑启"
苏烈,桑启,10,阵营1 胜利,"狂铁,杨玉环,公孙离,露娜,苏烈","老夫子,干将莫邪,艾琳,孙悟空,桑启"
苏烈,桑启,11,阵营2 胜利,"哪吒,嫦娥,蚩奼,铠,桑启","元歌,沈梦溪,虞姬,阿轲,苏烈"
苏烈,桑启,12,阵营2 胜利,"夏洛特,大乔,敖隐,云缨,苏烈","哪吒,海月,元流之子(射手),大司命,桑启"
苏烈,桑启,13,阵营2 胜利,"花木兰,女娲,狄仁杰,云缨,苏烈","蒙恬,嫦娥,蚩奼,孙悟空,桑启"
苏烈,桑启,14,阵营1 胜利,"狂铁,海月,艾琳,裴擒虎,苏烈","元歌,女娲,元流之子(射手),阿古朵,桑启"
苏烈,桑启,15,阵营2 胜利,"貂蝉,弈星,百里守约,马超,苏烈","亚连,小乔,蚩奼,大司命,桑启"
苏烈,桑启,16,阵营1 胜利,"司空震,海月,孙权,杨戬,桑启","芈月,诸葛亮,蚩奼,百里玄策,苏烈"
苏烈,桑启,17,阵营1 胜利,"影,小乔,蚩奼,镜,桑启","司空震,女娲,公孙离,韩信,苏烈"
苏烈,桑启,18,阵营2 胜利,"貂蝉,高渐离,姬小满,百里玄策,苏烈","杨戬,女娲,公孙离,李白,桑启"
苏烈,桑启,19,阵营1 胜利,"元歌,嬴政,百里守约,裴擒虎,苏烈","哪吒,安琪拉,狄仁杰,诸葛亮,桑启"
苏烈,赵怀真,1,阵营1 胜利,"关羽,海月,敖隐,露娜,苏烈","马超,女娲,元流之子(射手),铠,赵怀真"
苏烈,赵怀真,2,阵营1 胜利,"哪吒,沈梦溪,敖隐,铠,赵怀真","亚瑟,嫦娥,元流之子(射手),裴擒虎,苏烈"
苏烈,赵怀真,3,阵营1 胜利,"芈月,嫦娥,敖隐,韩信,苏烈","关羽,海月,蚩奼,铠,赵怀真"
苏烈,赵怀真,4,阵营1 胜利,"狂铁,嫦娥,莱西奥,暃,赵怀真","司空震,不知火舞,戈娅,阿古朵,苏烈"
苏烈,赵怀真,5,阵营1 胜利,"马超,女娲,虞姬,裴擒虎,苏烈","达摩,貂蝉,百里守约,赵云,赵怀真"
苏烈,赵怀真,6,阵营2 胜利,"狂铁,小乔,孙权,镜,苏烈","老夫子,沈梦溪,元流之子(射手),暃,赵怀真"
苏烈,赵怀真,7,阵营1 胜利,"吕布,诸葛亮,元流之子(射手),铠,赵怀真","曹操,上官婉儿,虞姬,李白,苏烈"
苏烈,赵怀真,8,阵营1 胜利,"元歌,沈梦溪,李信,马超,赵怀真","影,不知火舞,狄仁杰,兰陵王,苏烈"
苏烈,赵怀真,9,阵营1 胜利,"吕布,高渐离,孙尚香,铠,苏烈","猪八戒,甄姬,李元芳,阿古朵,赵怀真"
苏烈,赵怀真,10,阵营2 胜利,"马超,武则天,戈娅,猪八戒,赵怀真","老夫子,不知火舞,虞姬,云中君,苏烈"
苏烈,赵怀真,11,阵营2 胜利,"影,不知火舞,元流之子(射手),娜可露露,赵怀真","关羽,女娲,蚩奼,韩信,苏烈"
苏烈,赵怀真,12,阵营2 胜利,"影,女娲,敖隐,典韦,赵怀真","刘邦,甄姬,元流之子(射手),孙悟空,苏烈"
苏烈,赵怀真,13,阵营1 胜利,"蒙恬,海月,李元芳,橘右京,苏烈","狂铁,甄姬,艾琳,镜,赵怀真"
苏烈,赵怀真,14,阵营1 胜利,"关羽,弈星,元流之子(射手),司马懿,苏烈","影,诸葛亮,艾琳,暃,赵怀真"
苏烈,赵怀真,15,阵营1 胜利,"哪吒,海诺,蚩奼,杨戬,苏烈","芈月,墨子,艾琳,阿古朵,赵怀真"
苏烈,赵怀真,16,阵营2 胜利,"曹操,海月,公孙离,兰陵王,苏烈","哪吒,女娲,元流之子(射手),典韦,赵怀真"
苏烈,赵怀真,17,阵营1 胜利,"哪吒,小乔,孙权,裴擒虎,赵怀真","蒙恬,安琪拉,蚩奼,赵云,苏烈"
苏烈,赵怀真,18,阵营2 胜利,"狂铁,妲己,公孙离,马超,赵怀真","元歌,沈梦溪,戈娅,曜,苏烈"
苏烈,赵怀真,19,阵营1 胜利,"哪吒,安琪拉,虞姬,镜,赵怀真","夏洛特,海诺,公孙离,诸葛亮,苏烈"
苏烈,空空儿,1,阵营2 胜利,"关羽,大乔,孙尚香,云缨,空空儿","老夫子,海月,敖隐,云中君,苏烈"
苏烈,空空儿,2,阵营2 胜利,"亚瑟,小乔,公孙离,阿古朵,空空儿","孙策,沈梦溪,虞姬,李白,苏烈"
苏烈,空空儿,3,阵营1 胜利,"老夫子,海诺,后羿,元流之子(刺客),苏烈","影,甄姬,百里守约,裴擒虎,空空儿"
苏烈,空空儿,4,阵营2 胜利,"元歌,海月,敖隐,雅典娜,空空儿","蚩奼,大乔,鲁班七号,马超,苏烈"
苏烈,空空儿,5,阵营2 胜利,"老夫子,大乔,孙权,大司命,苏烈","影,干将莫邪,苍,镜,空空儿"
苏烈,空空儿,6,阵营2 胜利,"姬小满,女娲,元流之子(射手),云缨,空空儿","蒙恬,沈梦溪,蚩奼,杨戬,苏烈"
苏烈,空空儿,7,阵营1 胜利,"关羽,甄姬,孙权,裴擒虎,空空儿","哪吒,周瑜,元流之子(射手),橘右京,苏烈"
苏烈,空空儿,8,阵营1 胜利,"司空震,海诺,孙权,孙悟空,空空儿","狂铁,武则天,伽罗,李白,苏烈"
苏烈,空空儿,9,阵营1 胜利,"蚩奼,弈星,元流之子(射手),暃,苏烈","花木兰,沈梦溪,虞姬,百里玄策,空空儿"
苏烈,空空儿,10,阵营1 胜利,"狂铁,沈梦溪,蒙犽,裴擒虎,苏烈","关羽,小乔,戈娅,铠,空空儿"
苏烈,空空儿,11,阵营2 胜利,"老夫子,沈梦溪,艾琳,澜,空空儿","赵怀真,海月,孙权,孙悟空,苏烈"
苏烈,空空儿,12,阵营1 胜利,"姬小满,嫦娥,公孙离,暃,苏烈","狂铁,弈星,元流之子(射手),云缨,空空儿"
苏烈,空空儿,13,阵营2 胜利,"司空震,不知火舞,虞姬,暃,空空儿","蚩奼,诸葛亮,孙权,娜可露露,苏烈"
苏烈,空空儿,14,阵营1 胜利,"元歌,诸葛亮,李元芳,镜,苏烈","哪吒,上官婉儿,元流之子(射手),杨戬,空空儿"
苏烈,空空儿,15,阵营1 胜利,"老夫子,弈星,戈娅,诸葛亮,空空儿","曹操,沈梦溪,元流之子(射手),露娜,苏烈"
苏烈,空空儿,16,阵营2 胜利,"元歌,诸葛亮,蚩奼,裴擒虎,空空儿","钟无艳,海诺,元流之子(射手),娜可露露,苏烈"
苏烈,空空儿,17,阵营1 胜利,"影,女娲,戈娅,镜,空空儿","达摩,元流之子(法师),虞姬,哪吒,苏烈"
苏烈,空空儿,18,阵营1 胜利,"影,海诺,元流之子(射手),韩信,空空儿","哪吒,诸葛亮,戈娅,裴擒虎,苏烈"
苏烈,空空儿,19,阵营1 胜利,"老夫子,甄姬,元流之子(射手),大司命,苏烈","狂铁,沈梦溪,蚩奼,镜,空空儿"
苏烈,少司缘,1,阵营2 胜利,"关羽,海月,苍,诸葛亮,苏烈","达摩,女娲,艾琳,元流之子(坦克),少司缘"
苏烈,少司缘,2,阵营1 胜利,"关羽,沈梦溪,元流之子(射手),云缨,苏烈","影,嫦娥,苍,赵云,少司缘"
苏烈,少司缘,3,阵营1 胜利,"兰陵王,西施,戈娅,百里玄策,少司缘","元歌,不知火舞,元流之子(射手),云缨,苏烈"
苏烈,少司缘,4,阵营2 胜利,"关羽,女娲,敖隐,裴擒虎,少司缘","曹操,姜子牙,苍,司马懿,苏烈"
苏烈,少司缘,5,阵营1 胜利,"夏洛特,小乔,虞姬,暃,苏烈","哪吒,武则天,元流之子(射手),李白,少司缘"
苏烈,少司缘,6,阵营2 胜利,"大司命,小乔,苍,橘右京,苏烈","狂铁,女娲,孙权,裴擒虎,少司缘"
苏烈,少司缘,7,阵营1 胜利,"影,高渐离,虞姬,孙悟空,少司缘","老夫子,大乔,元流之子(射手),裴擒虎,苏烈"
苏烈,少司缘,8,阵营2 胜利,"狂铁,武则天,蚩奼,盘古,少司缘","影,海月,元流之子(射手),娜可露露,苏烈"
苏烈,少司缘,9,阵营2 胜利,"狂铁,西施,元流之子(射手),曜,少司缘","姬小满,海诺,公孙离,铠,苏烈"
苏烈,少司缘,10,阵营2 胜利,"蒙恬,沈梦溪,李元芳,云缨,苏烈","花木兰,嫦娥,公孙离,李白,少司缘"
苏烈,少司缘,11,阵营2 胜利,"哪吒,嬴政,戈娅,大司命,少司缘","曹操,海月,苍,裴擒虎,苏烈"
苏烈,少司缘,12,阵营2 胜利,"蚩奼,大乔,公孙离,猪八戒,苏烈","司空震,嬴政,戈娅,典韦,少司缘"
苏烈,少司缘,13,阵营1 胜利,"狂铁,元流之子(法师),公孙离,橘右京,少司缘","老夫子,沈梦溪,虞姬,暃,苏烈"
苏烈,少司缘,14,阵营2 胜利,"元歌,大乔,戈娅,孙悟空,少司缘","哪吒,沈梦溪,元流之子(射手),韩信,苏烈"
苏烈,少司缘,15,阵营1 胜利,"狂铁,安琪拉,虞姬,诸葛亮,少司缘","孙策,甄姬,李信,李元芳,苏烈"
苏烈,少司缘,16,阵营2 胜利,"元歌,不知火舞,元流之子(射手),镜,苏烈","关羽,沈梦溪,虞姬,裴擒虎,少司缘"
苏烈,少司缘,17,阵营1 胜利,"狂铁,女娲,李信,暃,少司缘","花木兰,金蝉,鲁班七号,铠,苏烈"
苏烈,少司缘,18,阵营1 胜利,"大司命,甄姬,苍,曜,苏烈","哪吒,大乔,公孙离,裴擒虎,少司缘"
苏烈,少司缘,19,阵营2 胜利,"蚩奼,不知火舞,虞姬,梦奇,少司缘","司空震,王昭君,戈娅,裴擒虎,苏烈"
苏烈,元流之子(坦克),1,阵营2 胜利,"元歌,嫦娥,百里守约,宫本武藏,元流之子(坦克)","影,女娲,戈娅,韩信,苏烈"
苏烈,元流之子(坦克),2,阵营1 胜利,"芈月,西施,公孙离,娜可露露,元流之子(坦克)","程咬金,貂蝉,百里守约,典韦,苏烈"
苏烈,元流之子(坦克),3,阵营2 胜利,"姬小满,杨玉环,戈娅,裴擒虎,元流之子(坦克)","元歌,女娲,元流之子(射手),阿古朵,苏烈"
苏烈,元流之子(坦克),4,阵营2 胜利,"达摩,妲己,公孙离,马超,元流之子(坦克)","关羽,弈星,蚩奼,盘古,苏烈"
苏烈,元流之子(坦克),5,阵营1 胜利,"蚩奼,海诺,孙权,马超,元流之子(坦克)","曹操,大乔,虞姬,诸葛亮,苏烈"
苏烈,元流之子(坦克),6,阵营2 胜利,"芈月,大乔,敖隐,大司命,苏烈","曹操,武则天,后羿,典韦,元流之子(坦克)"
苏烈,元流之子(坦克),7,阵营2 胜利,"蚩奼,安琪拉,敖隐,云缨,苏烈","元歌,海诺,公孙离,橘右京,元流之子(坦克)"
苏烈,元流之子(坦克),8,阵营2 胜利,"钟无艳,海月,孙权,云缨,元流之子(坦克)","曹操,女娲,狄仁杰,孙悟空,苏烈"
苏烈,元流之子(坦克),9,阵营2 胜利,"狂铁,诸葛亮,公孙离,露娜,苏烈","元歌,沈梦溪,蚩奼,暃,元流之子(坦克)"
苏烈,元流之子(坦克),10,阵营1 胜利,"马超,杨玉环,孙权,裴擒虎,元流之子(坦克)","关羽,沈梦溪,戈娅,大司命,苏烈"
苏烈,元流之子(坦克),11,阵营1 胜利,"曹操,干将莫邪,狄仁杰,孙悟空,苏烈","关羽,海月,戈娅,百里玄策,元流之子(坦克)"
苏烈,元流之子(坦克),12,阵营1 胜利,"狂铁,嫦娥,敖隐,橘右京,苏烈","哪吒,西施,公孙离,裴擒虎,元流之子(坦克)"
苏烈,元流之子(坦克),13,阵营2 胜利,"司空震,嬴政,戈娅,宫本武藏,元流之子(坦克)","影,诸葛亮,虞姬,百里玄策,苏烈"
苏烈,元流之子(坦克),14,阵营2 胜利,"梦奇,沈梦溪,公孙离,暃,苏烈","元歌,海月,艾琳,阿古朵,元流之子(坦克)"
苏烈,元流之子(坦克),15,阵营2 胜利,"项羽,甄姬,伽罗,阿古朵,苏烈","老夫子,不知火舞,狄仁杰,杨戬,元流之子(坦克)"
苏烈,元流之子(坦克),16,阵营1 胜利,,未集齐10人
苏烈,元流之子(坦克),17,阵营1 胜利,"元歌,大乔,公孙离,李元芳,苏烈","司空震,沈梦溪,百里守约,盘古,元流之子(坦克)"
苏烈,元流之子(坦克),18,阵营2 胜利,,未集齐10人
苏烈,元流之子(坦克),19,阵营1 胜利,,未集齐10人
苏烈,元流之子(辅助),1,阵营1 胜利,"亚瑟,西施,蚩奼,裴擒虎,苏烈","影,不知火舞,艾琳,马超,元流之子(辅助)"
苏烈,元流之子(辅助),2,阵营1 胜利,"哪吒,弈星,后羿,宫本武藏,苏烈","刘邦,米莱狄,苍,裴擒虎,元流之子(辅助)"
苏烈,元流之子(辅助),3,阵营2 胜利,"吕布,诸葛亮,蚩奼,大司命,苏烈","猪八戒,沈梦溪,狄仁杰,盘古,元流之子(辅助)"
苏烈,元流之子(辅助),4,阵营1 胜利,"花木兰,安琪拉,艾琳,孙悟空,元流之子(辅助)","姬小满,大乔,元流之子(射手),赵云,苏烈"
苏烈,元流之子(辅助),5,阵营1 胜利,"夏洛特,沈梦溪,艾琳,百里玄策,苏烈","花木兰,安琪拉,狄仁杰,影,元流之子(辅助)"
苏烈,元流之子(辅助),6,阵营2 胜利,"老夫子,嫦娥,虞姬,孙悟空,元流之子(辅助)","蒙恬,沈梦溪,戈娅,梦奇,苏烈"
苏烈,元流之子(辅助),7,阵营1 胜利,"项羽,沈梦溪,狄仁杰,大司命,元流之子(辅助)","影,武则天,元流之子(射手),裴擒虎,苏烈"
苏烈,元流之子(辅助),8,阵营2 胜利,"蒙恬,不知火舞,艾琳,铠,元流之子(辅助)","司空震,沈梦溪,元流之子(射手),裴擒虎,苏烈"
苏烈,元流之子(辅助),9,阵营1 胜利,"狂铁,武则天,元流之子(射手),铠,苏烈","老夫子,甄姬,狄仁杰,雅典娜,元流之子(辅助)"
苏烈,元流之子(辅助),10,阵营2 胜利,"狂铁,嫦娥,狄仁杰,铠,元流之子(辅助)","元歌,小乔,孙权,梦奇,苏烈"
苏烈,元流之子(辅助),11,阵营2 胜利,"元歌,女娲,狄仁杰,阿古朵,元流之子(辅助)","老夫子,嬴政,艾琳,李白,苏烈"
苏烈,元流之子(辅助),12,阵营2 胜利,"孙策,弈星,虞姬,刘备,元流之子(辅助)","曹操,女娲,狄仁杰,典韦,苏烈"
苏烈,元流之子(辅助),13,阵营1 胜利,"老夫子,西施,苍,铠,元流之子(辅助)","蚩奼,甄姬,元流之子(射手),阿古朵,苏烈"
苏烈,元流之子(辅助),14,阵营1 胜利,"老夫子,嫦娥,孙权,裴擒虎,元流之子(辅助)","芈月,海月,元流之子(射手),云缨,苏烈"
苏烈,元流之子(辅助),15,阵营2 胜利,"马超,米莱狄,鲁班七号,司马懿,苏烈","白起,沈梦溪,阿古朵,云中君,元流之子(辅助)"
苏烈,元流之子(辅助),16,阵营2 胜利,"蚩奼,嫦娥,戈娅,李白,苏烈","曹操,女娲,后羿,司马懿,元流之子(辅助)"
苏烈,元流之子(辅助),17,阵营1 胜利,"司空震,甄姬,蚩奼,裴擒虎,苏烈","老夫子,上官婉儿,虞姬,马超,元流之子(辅助)"
苏烈,元流之子(辅助),18,阵营1 胜利,"孙策,西施,艾琳,裴擒虎,元流之子(辅助)","花木兰,不知火舞,蚩奼,韩信,苏烈"
苏烈,元流之子(辅助),19,阵营2 胜利,"蚩奼,甄姬,元流之子(射手),裴擒虎,苏烈","老夫子,海诺,戈娅,阿古朵,元流之子(辅助)"
明世隐,瑶,1,阵营1 胜利,"狂铁,周瑜,元流之子(射手),雅典娜,明世隐","哪吒,干将莫邪,戈娅,澜,瑶"
明世隐,瑶,2,阵营2 胜利,"芈月,西施,敖隐,韩信,瑶","狂铁,女娲,孙尚香,典韦,明世隐"
明世隐,瑶,3,阵营1 胜利,"项羽,嫦娥,后羿,澜,明世隐","关羽,沈梦溪,孙权,镜,瑶"
明世隐,瑶,4,阵营1 胜利,"司空震,沈梦溪,马可波罗,马超,瑶","影,上官婉儿,蚩奼,元流之子(刺客),明世隐"
明世隐,瑶,5,阵营2 胜利,"夏洛特,沈梦溪,元流之子(射手),暃,瑶","刘邦,弈星,蚩奼,镜,明世隐"
明世隐,瑶,6,阵营1 胜利,"老夫子,女娲,戈娅,暃,瑶","白起,嫦娥,艾琳,韩信,明世隐"
明世隐,瑶,7,阵营2 胜利,"花木兰,不知火舞,敖隐,宫本武藏,瑶","夏洛特,诸葛亮,戈娅,元流之子(刺客),明世隐"
明世隐,瑶,8,阵营2 胜利,"白起,诸葛亮,元流之子(射手),阿轲,明世隐","曹操,嫦娥,蚩奼,暃,瑶"
明世隐,瑶,9,阵营2 胜利,"元歌,武则天,元流之子(射手),暃,明世隐","曹操,沈梦溪,公孙离,娜可露露,瑶"
明世隐,瑶,10,阵营1 胜利,"关羽,沈梦溪,李信,橘右京,明世隐","梦奇,高渐离,公孙离,孙悟空,瑶"
明世隐,瑶,11,阵营2 胜利,"蚩奼,公孙离,甄姬,阿古朵,瑶","关羽,小乔,虞姬,云缨,明世隐"
明世隐,瑶,12,阵营2 胜利,"马超,貂蝉,公孙离,赵云,明世隐","蚩奼,武则天,艾琳,诸葛亮,瑶"
明世隐,瑶,13,阵营1 胜利,"影,貂蝉,艾琳,铠,瑶","姬小满,小乔,鲁班七号,宫本武藏,明世隐"
明世隐,瑶,14,阵营2 胜利,"哪吒,女娲,蚩奼,裴擒虎,明世隐","亚瑟,不知火舞,戈娅,诸葛亮,瑶"
明世隐,瑶,15,阵营2 胜利,"老夫子,不知火舞,虞姬,娜可露露,明世隐","哪吒,女娲,戈娅,阿轲,瑶"
明世隐,瑶,16,阵营1 胜利,"元歌,嫦娥,艾琳,大司命,明世隐","狂铁,上官婉儿,戈娅,李白,瑶"
明世隐,瑶,17,阵营1 胜利,"哪吒,张良,后羿,镜,瑶","老夫子,杨玉环,苍,赵云,明世隐"
明世隐,瑶,18,阵营1 胜利,"哪吒,沈梦溪,戈娅,元流之子(刺客),瑶","蚩奼,姜子牙,艾琳,橘右京,明世隐"
明世隐,瑶,19,阵营1 胜利,"马超,沈梦溪,公孙离,元流之子(刺客),瑶","夏洛特,武则天,后羿,赵云,明世隐"
明世隐,盾山,1,阵营2 胜利,"钟无艳,海月,敖隐,马超,明世隐","蒙恬,嫦娥,艾琳,暃,盾山"
明世隐,盾山,2,阵营2 胜利,"元歌,小乔,元流之子(射手),镜,盾山","哪吒,高渐离,蚩奼,露娜,明世隐"
明世隐,盾山,3,阵营1 胜利,"关羽,诸葛亮,莱西奥,娜可露露,明世隐","蒙恬,沈梦溪,孙权,李白,盾山"
明世隐,盾山,4,阵营1 胜利,"哪吒,杨玉环,孙尚香,镜,明世隐","司空震,嫦娥,李信,暃,盾山"
明世隐,盾山,5,阵营2 胜利,"曹操,上官婉儿,蚩奼,暃,盾山","芈月,鲁班七号,西施,百里玄策,明世隐"
明世隐,盾山,6,阵营1 胜利,"兰陵王,杨玉环,艾琳,镜,盾山","司空震,女娲,元流之子(射手),娜可露露,明世隐"
明世隐,盾山,7,阵营1 胜利,"曹操,杨玉环,敖隐,暃,盾山","夏洛特,貂蝉,元流之子(射手),铠,明世隐"
明世隐,盾山,8,阵营1 胜利,"蒙恬,小乔,后羿,盾山,老夫子,大乔,元流之子(射手),露娜,明世隐",未集齐10人
明世隐,盾山,9,阵营2 胜利,"狂铁,沈梦溪,孙尚香,露娜,盾山","马超,不知火舞,敖隐,裴擒虎,明世隐"
明世隐,盾山,10,阵营1 胜利,"梦奇,王昭君,元流之子(射手),马超,盾山","元歌,海诺,孙权,雅典娜,明世隐"
明世隐,盾山,11,阵营2 胜利,"大司命,沈梦溪,敖隐,宫本武藏,盾山","蒙恬,墨子,李信,盘古,明世隐"
明世隐,盾山,12,阵营2 胜利,"蒙恬,甄姬,艾琳,雅典娜,盾山","孙策,杨玉环,蒙犽,大司命,明世隐"
明世隐,盾山,13,阵营2 胜利,"司空震,嫦娥,孙尚香,云中君,明世隐","影,大乔,艾琳,镜,盾山"
明世隐,盾山,14,阵营2 胜利,"马超,元流之子(法师),孙权,铠,明世隐","老夫子,貂蝉,百里守约,暃,盾山"
明世隐,盾山,15,阵营1 胜利,"蚩奼,女娲,虞姬,暃,盾山","兰陵王,大乔,元流之子(射手),镜,明世隐"
明世隐,盾山,16,阵营2 胜利,"廉颇,甄姬,蚩奼,百里玄策,盾山","马超,安琪拉,艾琳,杨戬,明世隐"
明世隐,盾山,17,阵营2 胜利,"元歌,沈梦溪,后羿,马超,明世隐","蒙恬,女娲,艾琳,露娜,盾山"
明世隐,盾山,18,阵营2 胜利,"廉颇,杨玉环,艾琳,阿古朵,盾山","白起,武则天,元流之子(射手),哪吒,明世隐"
明世隐,盾山,19,阵营1 胜利,,未集齐10人
明世隐,西施,1,阵营2 胜利,"马超,女娲,百里守约,阿古朵,西施","司空震,沈梦溪,苍,典韦,明世隐"
明世隐,鲁班大师,1,阵营1 胜利,"曹操,甄姬,李元芳,橘右京,鲁班大师","哪吒,小乔,元流之子(射手),镜,明世隐"
明世隐,鲁班大师,2,阵营1 胜利,"项羽,甄姬,元流之子(射手),韩信,明世隐","曹操,嫦娥,戈娅,阿古朵,鲁班大师"
明世隐,鲁班大师,3,阵营2 胜利,"亚瑟,海月,戈娅,马超,明世隐","老夫子,海诺,孙权,镜,鲁班大师"
明世隐,鲁班大师,4,阵营2 胜利,"元歌,嫦娥,蚩奼,马超,鲁班大师","影,墨子,孙权,百里玄策,明世隐"
明世隐,鲁班大师,5,阵营2 胜利,"司空震,诸葛亮,元流之子(射手),大司命,鲁班大师","关羽,西施,艾琳,典韦,明世隐"
明世隐,鲁班大师,6,阵营1 胜利,"元歌,嬴政,戈娅,诸葛亮,鲁班大师","曹操,元流之子(法师),苍,铠,明世隐"
明世隐,鲁班大师,7,阵营2 胜利,"影,女娲,孙尚香,百里玄策,明世隐","花木兰,弈星,元流之子(射手),诸葛亮,鲁班大师"
明世隐,鲁班大师,8,阵营2 胜利,"影,沈梦溪,蚩奼,马超,明世隐","芈月,杨玉环,苍,猪八戒,鲁班大师"
明世隐,鲁班大师,9,阵营1 胜利,"关羽,海诺,元流之子(射手),司马懿,明世隐","花木兰,高渐离,李信,露娜,鲁班大师"
明世隐,鲁班大师,10,阵营1 胜利,"孙策,甄姬,敖隐,赵云,鲁班大师","马超,金蝉,虞姬,裴擒虎,明世隐"
明世隐,鲁班大师,11,阵营2 胜利,"曹操,弈星,元流之子(射手),铠,鲁班大师","老夫子,大乔,孙尚香,裴擒虎,明世隐"
明世隐,鲁班大师,12,阵营2 胜利,"蚩奼,女娲,戈娅,橘右京,鲁班大师","梦奇,妲己,虞姬,裴擒虎,明世隐"
明世隐,鲁班大师,13,阵营1 胜利,"狂铁,干将莫邪,莱西奥,橘右京,鲁班大师","关羽,女娲,元流之子(射手),诸葛亮,明世隐"
明世隐,鲁班大师,14,阵营2 胜利,"元歌,海月,元流之子(射手),韩信,明世隐","姬小满,大乔,敖隐,典韦,鲁班大师"
明世隐,鲁班大师,15,阵营1 胜利,"花木兰,沈梦溪,敖隐,百里玄策,鲁班大师","影,貂蝉,戈娅,云缨,明世隐"
明世隐,鲁班大师,16,阵营2 胜利,"孙悟空,女娲,元流之子(射手),阿古朵,鲁班大师","狂铁,海月,蚩奼,宫本武藏,明世隐"
明世隐,鲁班大师,17,阵营1 胜利,"猪八戒,甄姬,公孙离,曜,鲁班大师","影,诸葛亮,狄仁杰,阿轲,明世隐"
明世隐,桑启,1,阵营2 胜利,"哪吒,诸葛亮,虞姬,典韦,桑启","狂铁,杨玉环,艾琳,镜,明世隐"
明世隐,桑启,2,阵营1 胜利,"花木兰,不知火舞,敖隐,典韦,桑启","元歌,王昭君,戈娅,韩信,明世隐"
明世隐,桑启,3,阵营2 胜利,"蚩奼,不知火舞,苍,宫本武藏,明世隐","孙悟空,小乔,孙权,裴擒虎,桑启"
明世隐,桑启,4,阵营2 胜利,"狂铁,杨玉环,虞姬,孙悟空,桑启","梦奇,嫦娥,蚩奼,镜,明世隐"
明世隐,桑启,5,阵营2 胜利,"夏洛特,嫦娥,蚩奼,韩信,明世隐","司空震,诸葛亮,艾琳,孙策,桑启"
明世隐,桑启,6,阵营1 胜利,"影,小乔,百里守约,司马懿,明世隐","司空震,嫦娥,元流之子(射手),澜,桑启"
明世隐,桑启,7,阵营2 胜利,"哪吒,小乔,百里守约,镜,明世隐","司空震,诸葛亮,孙权,马超,桑启"
明世隐,桑启,8,阵营2 胜利,"夏洛特,沈梦溪,戈娅,孙悟空,明世隐","老夫子,甄姬,虞姬,李白,桑启"
明世隐,桑启,9,阵营2 胜利,"狂铁,西施,马可波罗,典韦,明世隐","李信,沈梦溪,蚩奼,诸葛亮,桑启"
明世隐,桑启,10,阵营2 胜利,"亚瑟,小乔,元流之子(射手),韩信,桑启","狂铁,沈梦溪,戈娅,阿轲,明世隐"
明世隐,桑启,11,阵营1 胜利,"哪吒,海月,戈娅,梦奇,明世隐","司空震,安琪拉,元流之子(射手),裴擒虎,桑启"
明世隐,桑启,12,阵营2 胜利,"赵怀真,安琪拉,孙尚香,澜,桑启","白起,不知火舞,元流之子(射手),典韦,明世隐"
明世隐,桑启,13,阵营1 胜利,"哪吒,不知火舞,元流之子(射手),裴擒虎,明世隐","曹操,武则天,公孙离,孙悟空,桑启"
明世隐,桑启,14,阵营2 胜利,"亚瑟,沈梦溪,敖隐,孙悟空,桑启","元歌,西施,孙尚香,裴擒虎,明世隐"
明世隐,桑启,15,阵营2 胜利,"蚩奼,大乔,敖隐,澜,明世隐","姬小满,干将莫邪,元流之子(射手),曹操,桑启"
明世隐,桑启,16,阵营2 胜利,"哪吒,西施,戈娅,元流之子(刺客),桑启","夏洛特,上官婉儿,孙权,孙悟空,明世隐"
明世隐,桑启,17,阵营2 胜利,"白起,杨玉环,戈娅,澜,明世隐","元歌,武则天,孙权,镜,桑启"
明世隐,桑启,18,阵营2 胜利,"哪吒,嫦娥,蚩奼,镜,桑启","曹操,沈梦溪,孙权,元流之子(刺客),明世隐"
明世隐,桑启,19,阵营1 胜利,"蚩奼,小乔,艾琳,李元芳,明世隐","关羽,沈梦溪,苍,铠,桑启"
明世隐,赵怀真,1,阵营2 胜利,"影,小乔,鲁班七号,诸葛亮,赵怀真","狂铁,弈星,蚩奼,阿古朵,明世隐"
明世隐,赵怀真,2,阵营1 胜利,"貂蝉,女娲,李信,暃,赵怀真","元歌,大乔,敖隐,刘备,明世隐"
明世隐,赵怀真,3,阵营2 胜利,"关羽,嫦娥,孙权,元流之子(刺客),赵怀真","夏洛特,沈梦溪,元流之子(射手),暃,明世隐"
明世隐,赵怀真,4,阵营1 胜利,"吕布,小乔,元流之子(射手),杨戬,赵怀真","刘邦,周瑜,戈娅,蚩奼,明世隐"
明世隐,赵怀真,5,阵营1 胜利,"哪吒,沈梦溪,艾琳,赵云,明世隐","老夫子,女娲,公孙离,诸葛亮,赵怀真"
明世隐,赵怀真,6,阵营2 胜利,"夏洛特,小乔,元流之子(射手),阿古朵,赵怀真","关羽,武则天,虞姬,云缨,明世隐"
明世隐,赵怀真,7,阵营2 胜利,"司空震,不知火舞,狄仁杰,阿古朵,赵怀真","老夫子,沈梦溪,虞姬,裴擒虎,明世隐"
明世隐,赵怀真,8,阵营2 胜利,"哪吒,武则天,蚩奼,暃,赵怀真","司空震,嫦娥,元流之子(射手),赵云,明世隐"
明世隐,赵怀真,9,阵营1 胜利,"哪吒,嫦娥,狄仁杰,赵云,赵怀真","影,杨玉环,后羿,李白,明世隐"
明世隐,赵怀真,10,阵营2 胜利,"司空震,小乔,敖隐,孙悟空,明世隐","曹操,不知火舞,莱西奥,裴擒虎,赵怀真"
明世隐,赵怀真,11,阵营2 胜利,"关羽,嫦娥,戈娅,宫本武藏,赵怀真","蒙恬,不知火舞,蚩奼,赵云,明世隐"
明世隐,赵怀真,12,阵营1 胜利,"曹操,女娲,李信,孙悟空,赵怀真","蒙恬,弈星,司空震,大司命,明世隐"
明世隐,赵怀真,13,阵营1 胜利,"关羽,大乔,元流之子(射手),赵云,赵怀真","影,海月,孙权,暃,明世隐"
明世隐,赵怀真,14,阵营2 胜利,"老夫子,诸葛亮,元流之子(射手),澜,明世隐","孙悟空,貂蝉,蚩奼,韩信,赵怀真"
明世隐,赵怀真,15,阵营1 胜利,"元歌,武则天,元流之子(射手),马超,赵怀真","夏洛特,元流之子(法师),艾琳,猪八戒,明世隐"
明世隐,赵怀真,16,阵营1 胜利,"花木兰,海月,蚩奼,诸葛亮,赵怀真","司空震,武则天,戈娅,曹操,明世隐"
明世隐,赵怀真,17,阵营2 胜利,"影,不知火舞,狄仁杰,元流之子(坦克),明世隐","花木兰,小乔,孙权,云缨,赵怀真"
明世隐,赵怀真,18,阵营2 胜利,"司空震,沈梦溪,孙尚香,宫本武藏,明世隐","元歌,太乙真人,狄仁杰,马超,赵怀真"
明世隐,赵怀真,19,阵营1 胜利,"狂铁,不知火舞,元流之子(射手),韩信,赵怀真","杨戬,沈梦溪,蚩奼,曜,明世隐"
明世隐,空空儿,1,阵营1 胜利,"狂铁,大乔,元流之子(射手),韩信,空空儿","曹操,嫦娥,孙尚香,裴擒虎,明世隐"
明世隐,空空儿,2,阵营2 胜利,"达摩,元流之子(法师),艾琳,澜,明世隐","蚩奼,弈星,伽罗,阿古朵,空空儿"
明世隐,空空儿,3,阵营2 胜利,"芈月,甄姬,元流之子(射手),铠,明世隐","哪吒,沈梦溪,戈娅,橘右京,空空儿"
明世隐,空空儿,4,阵营1 胜利,"海诺,沈梦溪,孙尚香,李白,明世隐","元歌,上官婉儿,蚩奼,曜,空空儿"
明世隐,空空儿,5,阵营1 胜利,"兰陵王,海月,元流之子(射手),大司命,明世隐","元歌,小乔,孙权,李白,空空儿"
明世隐,少司缘,1,阵营2 胜利,"元歌,元流之子(法师),蚩奼,阿轲,少司缘","夏洛特,不知火舞,元流之子(射手),兰陵王,明世隐"
明世隐,少司缘,2,阵营1 胜利,"孙策,杨玉环,元歌,韩信,明世隐","蚩奼,武则天,黄忠,裴擒虎,少司缘"
明世隐,少司缘,3,阵营2 胜利,"关羽,女娲,艾琳,典韦,明世隐","影,沈梦溪,苍,韩信,少司缘"
明世隐,少司缘,4,阵营1 胜利,"大司命,大乔,戈娅,橘右京,少司缘","影,海诺,元流之子(射手),裴擒虎,明世隐"
明世隐,少司缘,5,阵营1 胜利,"花木兰,不知火舞,孙权,铠,少司缘","老夫子,弈星,戈娅,暃,明世隐"
明世隐,少司缘,6,阵营2 胜利,"芈月,小乔,狄仁杰,裴擒虎,少司缘","影,女娲,蚩奼,露娜,明世隐"
明世隐,少司缘,7,阵营2 胜利,"狂铁,诸葛亮,戈娅,杨戬,少司缘","曹操,海月,元流之子(射手),百里玄策,明世隐"
明世隐,少司缘,8,阵营1 胜利,"狂铁,苍,安琪拉,宫本武藏,少司缘","杨戬,干将莫邪,百里守约,哪吒,明世隐"
明世隐,少司缘,9,阵营2 胜利,"司空震,女娲,孙尚香,孙悟空,少司缘","兰陵王,杨玉环,狄仁杰,韩信,明世隐"
明世隐,少司缘,10,阵营2 胜利,"司空震,嫦娥,苍,李信,少司缘","曹操,小乔,元流之子(射手),曜,明世隐"
明世隐,少司缘,11,阵营2 胜利,"狂铁,嫦娥,艾琳,雅典娜,明世隐","梦奇,甄姬,元流之子(射手),娜可露露,少司缘"
明世隐,少司缘,12,阵营1 胜利,"哪吒,诸葛亮,鲁班七号,韩信,少司缘","亚连,海月,蚩奼,暃,明世隐"
明世隐,少司缘,13,阵营2 胜利,"老夫子,不知火舞,元流之子(射手),影,明世隐","元歌,甄姬,艾琳,云缨,少司缘"
明世隐,少司缘,14,阵营2 胜利,"哪吒,妲己,苍,马超,明世隐","司空震,杨玉环,公孙离,云缨,少司缘"
明世隐,少司缘,15,阵营1 胜利,"夏洛特,元流之子(法师),敖隐,李白,少司缘","白起,嬴政,苍,阿古朵,明世隐"
明世隐,少司缘,16,阵营2 胜利,"老夫子,妲己,元流之子(射手),镜,明世隐","关羽,杨玉环,戈娅,韩信,少司缘"
明世隐,少司缘,17,阵营1 胜利,"哪吒,不知火舞,蚩奼,百里玄策,明世隐","狂铁,杨玉环,戈娅,铠,少司缘"
明世隐,少司缘,18,阵营2 胜利,"花木兰,小乔,元流之子(射手),李元芳,少司缘","影,女娲,莱西奥,典韦,明世隐"
明世隐,少司缘,19,阵营2 胜利,"老夫子,不知火舞,敖隐,镜,明世隐","马超,嫦娥,黄忠,司马懿,少司缘"
明世隐,元流之子(坦克),1,阵营1 胜利,"影,嫦娥,蚩奼,哪吒,明世隐","姬小满,弈星,李信,盘古,元流之子(坦克)"
明世隐,元流之子(坦克),2,阵营2 胜利,"司空震,诸葛亮,虞姬,阿轲,明世隐","元歌,嫦娥,蚩奼,裴擒虎,元流之子(坦克)"
明世隐,元流之子(坦克),3,阵营2 胜利,"狂铁,沈梦溪,戈娅,裴擒虎,元流之子(坦克)","孙悟空,海月,后羿,哪吒,明世隐"
明世隐,元流之子(辅助),1,阵营2 胜利,"元歌,小乔,孙权,大司命,明世隐","曹操,女娲,艾琳,赵云,元流之子(辅助)"
明世隐,元流之子(辅助),2,阵营1 胜利,"孙策,武则天,元流之子(射手),赵云,明世隐","狂铁,诸葛亮,艾琳,韩信,元流之子(辅助)"
明世隐,元流之子(辅助),3,阵营1 胜利,"关羽,海诺,戈娅,百里玄策,明世隐","达摩,小乔,虞姬,盘古,元流之子(辅助)"
明世隐,元流之子(辅助),4,阵营2 胜利,"老夫子,武则天,戈娅,马超,元流之子(辅助)","白起,小乔,孙尚香,孙悟空,明世隐"
明世隐,元流之子(辅助),5,阵营2 胜利,"亚瑟,女娲,艾琳,阿古朵,明世隐","白起,小乔,苍,裴擒虎,元流之子(辅助)"
明世隐,元流之子(辅助),6,阵营2 胜利,"司空震,杨玉环,艾琳,大司命,元流之子(辅助)","芈月,沈梦溪,孙权,典韦,明世隐"
明世隐,元流之子(辅助),7,阵营1 胜利,"吕布,甄姬,戈娅,裴擒虎,明世隐","哪吒,张良,艾琳,嫦娥,元流之子(辅助)"
明世隐,元流之子(辅助),8,阵营2 胜利,"赵怀真,甄姬,敖隐,影,元流之子(辅助)","蚩奼,沈梦溪,元流之子(射手),司马懿,明世隐"
明世隐,元流之子(辅助),9,阵营1 胜利,"关羽,姜子牙,蚩奼,裴擒虎,明世隐","曹操,女娲,虞姬,杨戬,元流之子(辅助)"
明世隐,元流之子(辅助),10,阵营2 胜利,"白起,海月,狄仁杰,暃,元流之子(辅助)","哪吒,海诺,元流之子(射手),影,明世隐"
明世隐,元流之子(辅助),11,阵营2 胜利,"狂铁,女娲,鲁班七号,芈月,明世隐","花木兰,小乔,李信,韩信,元流之子(辅助)"
明世隐,元流之子(辅助),12,阵营2 胜利,"狂铁,敖隐,女娲,孙悟空,明世隐","芈月,沈梦溪,艾琳,韩信,元流之子(辅助)"
明世隐,元流之子(辅助),13,阵营2 胜利,"兰陵王,嫦娥,苍,曜,明世隐","亚瑟,沈梦溪,虞姬,诸葛亮,元流之子(辅助)"
明世隐,元流之子(辅助),14,阵营2 胜利,"蚩奼,西施,敖隐,澜,明世隐","花木兰,女娲,苍,赵云,元流之子(辅助)"
明世隐,元流之子(辅助),15,阵营2 胜利,"花木兰,西施,虞姬,铠,元流之子(辅助)","夏洛特,嫦娥,戈娅,赵怀真,明世隐"
明世隐,元流之子(辅助),16,阵营1 胜利,"夏洛特,诸葛亮,蚩奼,暃,明世隐","狂铁,嫦娥,虞姬,阿古朵,元流之子(辅助)"
明世隐,元流之子(辅助),17,阵营2 胜利,"司空震,诸葛亮,戈娅,裴擒虎,明世隐","蒙恬,上官婉儿,蚩奼,宫本武藏,元流之子(辅助)"
明世隐,元流之子(辅助),18,阵营1 胜利,"白起,嫦娥,元流之子(射手),韩信,明世隐","蒙恬,女娲,戈娅,阿古朵,元流之子(辅助)"
明世隐,元流之子(辅助),19,阵营2 胜利,"曹操,嫦娥,艾琳,大司命,元流之子(辅助)","狂铁,弈星,元流之子(射手),铠,明世隐"
瑶,盾山,1,阵营2 胜利,"元歌,嫦娥,戈娅,裴擒虎,盾山","马超,高渐离,李元芳,云缨,瑶"
瑶,盾山,2,阵营2 胜利,"夏洛特,海月,艾琳,孙悟空,盾山","狂铁,甄姬,后羿,韩信,瑶"
瑶,盾山,3,阵营2 胜利,"蒙恬,墨子,孙权,裴擒虎,瑶","夏洛特,诸葛亮,李信,阿古朵,盾山"
瑶,盾山,4,阵营1 胜利,"元歌,高渐离,元流之子(射手),韩信,瑶","蒙恬,沈梦溪,艾琳,元流之子(刺客),盾山"
瑶,盾山,5,阵营1 胜利,"钟无艳,女娲,艾琳,司马懿,盾山","关羽,公孙离,沈梦溪,元流之子(刺客),瑶"
瑶,盾山,6,阵营1 胜利,"狂铁,海诺,鲁班七号,镜,盾山","关羽,杨玉环,元流之子(射手),赵云,瑶"
瑶,盾山,7,阵营1 胜利,,未集齐10人
瑶,盾山,8,阵营2 胜利,,未集齐10人
瑶,盾山,9,阵营2 胜利,,未集齐10人
瑶,盾山,10,阵营1 胜利,,未集齐10人
瑶,盾山,11,阵营1 胜利,"曹操,弈星,蚩奼,镜,瑶","杨戬,沈梦溪,艾琳,韩信,盾山"
瑶,盾山,12,阵营1 胜利,"哪吒,金蝉,李元芳,镜,盾山","吕布,不知火舞,公孙离,裴擒虎,瑶"
瑶,盾山,13,阵营2 胜利,"白起,小乔,蚩奼,宫本武藏,瑶","项羽,元流之子(法师),鲁班七号,裴擒虎,盾山"
瑶,盾山,14,阵营2 胜利,"关羽,甄姬,蚩奼,司马懿,瑶","夏洛特,海诺,狄仁杰,李白,盾山"
瑶,盾山,15,阵营1 胜利,"兰陵王,沈梦溪,艾琳,铠,盾山","司空震,甄姬,孙尚香,云缨,瑶"
瑶,盾山,16,阵营1 胜利,"曹操,诸葛亮,莱西奥,韩信,瑶","夏洛特,沈梦溪,后羿,云中君,盾山"
瑶,盾山,17,阵营1 胜利,"老夫子,嫦娥,戈娅,宫本武藏,盾山","狂铁,沈梦溪,蚩奼,曜,瑶"
瑶,盾山,18,阵营2 胜利,"影,嬴政,狄仁杰,韩信,盾山","曹操,武则天,蚩奼,赵云,瑶"
瑶,盾山,19,阵营1 胜利,"花木兰,高渐离,元流之子(射手),铠,瑶","司空震,沈梦溪,戈娅,盘古,盾山"
瑶,西施,1,阵营1 胜利,"马超,弈星,敖隐,铠,西施","老夫子,诸葛亮,孙权,孙悟空,瑶"
瑶,西施,2,阵营2 胜利,"曹操,貂蝉,戈娅,赵云,西施","蒙恬,诸葛亮,马可波罗,镜,瑶"
瑶,西施,3,阵营2 胜利,"哪吒,高渐离,敖隐,马超,瑶","老夫子,大乔,蚩奼,诸葛亮,西施"
瑶,西施,4,阵营2 胜利,"白起,海月,戈娅,镜,瑶","元歌,武则天,孙权,赵云,西施"
瑶,西施,5,阵营2 胜利,,未集齐10人
瑶,西施,6,阵营1 胜利,,未集齐10人
瑶,西施,7,阵营1 胜利,"哪吒,不知火舞,元流之子(射手),宫本武藏,西施","司空震,诸葛亮,蚩奼,梦奇,瑶"
瑶,西施,8,阵营1 胜利,"兰陵王,小乔,艾琳,裴擒虎,西施","亚瑟,沈梦溪,元流之子(射手),镜,瑶"
瑶,西施,9,阵营2 胜利,"芈月,沈梦溪,戈娅,铠,瑶","夏侯惇,海月,苍,韩信,西施"
瑶,西施,10,阵营2 胜利,"元歌,狄仁杰,海月,韩信,西施","影,沈梦溪,孙尚香,马超,瑶"
瑶,西施,11,阵营2 胜利,"元歌,嫦娥,李信,镜,西施","夏洛特,嬴政,戈娅,诸葛亮,瑶"
瑶,西施,12,阵营2 胜利,"影,沈梦溪,孙权,暃,瑶","夏洛特,诸葛亮,虞姬,铠,西施"
瑶,西施,13,阵营2 胜利,"司空震,嬴政,蚩奼,云缨,瑶","狂铁,甄姬,戈娅,阿古朵,西施"
瑶,西施,14,阵营2 胜利,"元歌,女娲,蚩奼,梦奇,瑶","马超,沈梦溪,艾琳,赵云,西施"
瑶,西施,15,阵营1 胜利,"影,沈梦溪,虞姬,镜,西施","狂铁,元流之子(法师),蚩奼,橘右京,瑶"
瑶,西施,16,阵营1 胜利,"哪吒,嫦娥,鲁班七号,裴擒虎,西施","马超,不知火舞,李信,暃,瑶"
瑶,西施,17,阵营2 胜利,"曹操,海月,元流之子(射手),哪吒,瑶","元歌,女娲,蒙犽,暃,西施"
瑶,西施,18,阵营2 胜利,"蒙恬,海月,戈娅,裴擒虎,瑶","元歌,貂蝉,元流之子(射手),赵云,西施"
瑶,鲁班大师,1,阵营1 胜利,"亚连,沈梦溪,孙权,暃,鲁班大师","白起,嫦娥,李信,橘右京,瑶"
瑶,鲁班大师,2,阵营1 胜利,"狂铁,西施,李信,裴擒虎,瑶","蒙恬,王昭君,鲁班七号,镜,鲁班大师"
瑶,鲁班大师,3,阵营1 胜利,"关羽,沈梦溪,元流之子(射手),李白,鲁班大师","影,不知火舞,戈娅,元流之子(坦克),瑶"
瑶,鲁班大师,4,阵营1 胜利,"蒙恬,不知火舞,公孙离,阿轲,瑶","曹操,小乔,蚩奼,孙悟空,鲁班大师"
瑶,鲁班大师,5,阵营2 胜利,"元歌,不知火舞,黄忠,露娜,鲁班大师","蚩奼,貂蝉,元流之子(射手),韩信,瑶"
瑶,鲁班大师,6,阵营1 胜利,"影,墨子,李信,典韦,瑶","元歌,嫦娥,公孙离,暃,鲁班大师"
瑶,鲁班大师,7,阵营2 胜利,"猪八戒,王昭君,元流之子(射手),铠,鲁班大师","狂铁,弈星,戈娅,云缨,瑶"
瑶,鲁班大师,8,阵营2 胜利,"姬小满,嫦娥,元流之子(射手),镜,鲁班大师","曹操,妲己,戈娅,影,瑶"
瑶,鲁班大师,9,阵营2 胜利,"马超,不知火舞,李信,云缨,鲁班大师","司空震,小乔,元流之子(射手),孙悟空,瑶"
瑶,鲁班大师,10,阵营2 胜利,"曹操,上官婉儿,公孙离,暃,瑶","狂铁,沈梦溪,虞姬,韩信,鲁班大师"
瑶,鲁班大师,11,阵营2 胜利,"蒙恬,不知火舞,孙权,橘右京,鲁班大师","狂铁,小乔,公孙离,裴擒虎,瑶"
瑶,鲁班大师,12,阵营2 胜利,"关羽,女娲,公孙离,裴擒虎,瑶","姬小满,大乔,虞姬,大司命,鲁班大师"
瑶,鲁班大师,13,阵营2 胜利,"影,女娲,莱西奥,暃,鲁班大师","司空震,沈梦溪,狄仁杰,韩信,瑶"
瑶,鲁班大师,14,阵营1 胜利,"影,貂蝉,元流之子(射手),孙悟空,瑶","花木兰,西施,蚩奼,裴擒虎,鲁班大师"
瑶,鲁班大师,15,阵营1 胜利,"元歌,不知火舞,蒙犽,元流之子(刺客),鲁班大师","曹操,女娲,元流之子(射手),李白,瑶"
瑶,鲁班大师,16,阵营2 胜利,"芈月,嫦娥,后羿,百里玄策,瑶","司空震,小乔,孙尚香,元流之子(刺客),鲁班大师"
瑶,鲁班大师,17,阵营1 胜利,"司空震,武则天,狄仁杰,李白,鲁班大师","关羽,王昭君,蚩奼,铠,瑶"
瑶,鲁班大师,18,阵营1 胜利,"亚瑟,嫦娥,蚩奼,刘备,瑶","关羽,上官婉儿,戈娅,孙悟空,鲁班大师"
瑶,鲁班大师,19,阵营2 胜利,"曹操,女娲,元流之子(射手),阿古朵,鲁班大师","元歌,沈梦溪,后羿,暃,瑶"
瑶,桑启,1,阵营2 胜利,"夏洛特,大乔,艾琳,孙悟空,桑启","元歌,嫦娥,元流之子(射手),露娜,瑶"
瑶,桑启,2,阵营2 胜利,"蒙恬,海月,苍,镜,瑶","哪吒,嫦娥,蚩奼,韩信,桑启"
瑶,桑启,3,阵营1 胜利,"曹操,嫦娥,虞姬,诸葛亮,桑启","吕布,西施,孙尚香,裴擒虎,瑶"
瑶,桑启,4,阵营1 胜利,"达摩,安琪拉,孙权,裴擒虎,瑶","哪吒,甄姬,虞姬,阿古朵,桑启"
瑶,桑启,5,阵营1 胜利,"影,不知火舞,公孙离,橘右京,桑启","司空震,嫦娥,伽罗,诸葛亮,瑶"
瑶,桑启,6,阵营2 胜利,"司空震,嫦娥,狄仁杰,司马懿,瑶","蒙恬,不知火舞,孙权,诸葛亮,桑启"
瑶,桑启,7,阵营1 胜利,"亚瑟,诸葛亮,孙权,韩信,桑启","哪吒,高渐离,戈娅,镜,瑶"
瑶,桑启,8,阵营2 胜利,"夏侯惇,安琪拉,虞姬,云缨,桑启","花木兰,不知火舞,敖隐,哪吒,瑶"
瑶,桑启,9,阵营1 胜利,"蚩奼,嫦娥,李信,大司命,瑶","哪吒,貂蝉,戈娅,云缨,桑启"
瑶,桑启,10,阵营1 胜利,"吕布,海月,蚩奼,马超,瑶","司空震,元流之子(法师),百里守约,雅典娜,桑启"
瑶,桑启,11,阵营1 胜利,"元歌,不知火舞,戈娅,元流之子(刺客),桑启","蒙恬,上官婉儿,苍,镜,瑶"
瑶,桑启,12,阵营1 胜利,"程咬金,不知火舞,蚩奼,马超,桑启","孙悟空,海月,公孙离,宫本武藏,瑶"
瑶,桑启,13,阵营1 胜利,"狂铁,西施,后羿,宫本武藏,瑶","白起,女娲,公孙离,元流之子(刺客),桑启"
瑶,桑启,14,阵营2 胜利,"杨戬,海月,蚩奼,铠,瑶","元歌,弈星,艾琳,赵云,桑启"
瑶,桑启,15,阵营2 胜利,"关羽,女娲,元流之子(射手),大司命,瑶","狂铁,弈星,敖隐,云缨,桑启"
瑶,桑启,16,阵营2 胜利,"蒙恬,女娲,戈娅,诸葛亮,桑启","花木兰,大乔,蒙犽,镜,瑶"
瑶,桑启,17,阵营1 胜利,"曹操,不知火舞,元流之子(射手),橘右京,瑶","姬小满,嫦娥,孙尚香,百里玄策,桑启"
瑶,桑启,18,阵营2 胜利,"元歌,杨玉环,蚩奼,韩信,桑启","哪吒,甄姬,公孙离,云中君,瑶"
瑶,桑启,19,阵营1 胜利,"曹操,沈梦溪,戈娅,百里玄策,瑶","狂铁,嫦娥,马可波罗,裴擒虎,桑启"
瑶,赵怀真,1,阵营2 胜利,"司空震,貂蝉,艾琳,哪吒,瑶","影,大乔,虞姬,孙悟空,赵怀真"
瑶,赵怀真,2,阵营1 胜利,"司空震,貂蝉,苍,马超,赵怀真","狂铁,不知火舞,戈娅,影,瑶"
瑶,赵怀真,3,阵营1 胜利,"老夫子,嫦娥,戈娅,猪八戒,赵怀真","大司命,沈梦溪,艾琳,宫本武藏,瑶"
瑶,赵怀真,4,阵营2 胜利,"马超,貂蝉,戈娅,宫本武藏,瑶","曹操,大乔,公孙离,阿轲,赵怀真"
瑶,赵怀真,5,阵营2 胜利,"关羽,大乔,元流之子(射手),孙悟空,瑶","花木兰,沈梦溪,虞姬,百里玄策,赵怀真"
瑶,赵怀真,6,阵营2 胜利,"狂铁,不知火舞,蚩奼,百里玄策,瑶","元歌,安琪拉,孙尚香,娜可露露,赵怀真"
瑶,赵怀真,7,阵营2 胜利,"花木兰,上官婉儿,马可波罗,阿古朵,赵怀真","达摩,海诺,蒙犽,韩信,瑶"
瑶,赵怀真,8,阵营2 胜利,"蚩奼,姜子牙,李元芳,镜,瑶","元歌,不知火舞,戈娅,曜,赵怀真"
瑶,赵怀真,9,阵营1 胜利,"马超,弈星,孙权,云缨,赵怀真","关羽,西施,蚩奼,镜,瑶"
瑶,赵怀真,10,阵营1 胜利,"花木兰,甄姬,公孙离,镜,瑶","狂铁,沈梦溪,元流之子(射手),百里玄策,赵怀真"
瑶,赵怀真,11,阵营2 胜利,"曹操,武则天,艾琳,诸葛亮,赵怀真","狂铁,嬴政,司空震,典韦,瑶"
瑶,赵怀真,12,阵营2 胜利,"元歌,杨玉环,元流之子(射手),宫本武藏,瑶","曹操,嫦娥,蚩奼,裴擒虎,赵怀真"
瑶,赵怀真,13,阵营2 胜利,"亚瑟,嫦娥,元流之子(射手),典韦,赵怀真","白起,大乔,戈娅,镜,瑶"
瑶,赵怀真,14,阵营1 胜利,"元歌,沈梦溪,戈娅,影,瑶","司空震,女娲,公孙离,典韦,赵怀真"
瑶,赵怀真,15,阵营1 胜利,"廉颇,沈梦溪,艾琳,哪吒,瑶","关羽,海诺,虞姬,大司命,赵怀真"
瑶,赵怀真,16,阵营2 胜利,"夏侯惇,大乔,艾琳,孙悟空,瑶","哪吒,女娲,戈娅,雅典娜,赵怀真"
瑶,赵怀真,17,阵营1 胜利,"蚩奼,大乔,后羿,裴擒虎,赵怀真","元歌,沈梦溪,元流之子(射手),镜,瑶"
瑶,赵怀真,18,阵营1 胜利,"钟无艳,沈梦溪,敖隐,大司命,瑶","白起,弈星,元流之子(射手),镜,赵怀真"
瑶,赵怀真,19,阵营1 胜利,"老夫子,沈梦溪,敖隐,裴擒虎,瑶","哪吒,女娲,李信,镜,赵怀真"
瑶,空空儿,1,阵营2 胜利,"哪吒,嫦娥,蚩奼,司马懿,空空儿","芈月,沈梦溪,元流之子(射手),赵云,瑶"
瑶,空空儿,2,阵营1 胜利,"哪吒,沈梦溪,敖隐,赵云,瑶","夏洛特,女娲,元流之子(射手),马超,空空儿"
瑶,空空儿,3,阵营1 胜利,"影,不知火舞,敖隐,阿古朵,瑶","哪吒,太乙真人,孙尚香,镜,空空儿"
瑶,空空儿,4,阵营2 胜利,"白起,沈梦溪,元流之子(射手),阿轲,瑶","老夫子,大乔,公孙离,杨戬,空空儿"
瑶,空空儿,5,阵营2 胜利,"马超,小乔,戈娅,百里玄策,空空儿","老夫子,沈梦溪,李信,李元芳,瑶"
瑶,空空儿,6,阵营1 胜利,"影,杨玉环,元流之子(射手),裴擒虎,空空儿","芈月,不知火舞,公孙离,暃,瑶"
瑶,空空儿,7,阵营2 胜利,"蒙恬,妲己,马可波罗,橘右京,瑶","元歌,嫦娥,元流之子(射手),百里玄策,空空儿"
瑶,空空儿,8,阵营2 胜利,"哪吒,沈梦溪,元流之子(射手),曜,空空儿","蚩奼,元流之子(法师),李元芳,孙悟空,瑶"
瑶,空空儿,9,阵营1 胜利,"关羽,不知火舞,元流之子(射手),孙悟空,瑶","哪吒,嫦娥,苍,马超,空空儿"
瑶,空空儿,10,阵营2 胜利,"梦奇,西施,元流之子(射手),韩信,瑶","亚瑟,诸葛亮,蚩奼,司马懿,空空儿"
瑶,空空儿,11,阵营2 胜利,"关羽,小乔,公孙离,马超,瑶","老夫子,不知火舞,司空震,裴擒虎,空空儿"
瑶,空空儿,12,阵营1 胜利,"狂铁,小乔,蚩奼,赵云,瑶","老夫子,甄姬,公孙离,哪吒,空空儿"
瑶,空空儿,13,阵营2 胜利,"关羽,不知火舞,戈娅,宫本武藏,空空儿","海诺,杨玉环,艾琳,孙悟空,瑶"
瑶,空空儿,14,阵营1 胜利,"梦奇,女娲,苍,孙悟空,瑶","元歌,刘邦,戈娅,曜,空空儿"
瑶,空空儿,15,阵营2 胜利,"蚩奼,高渐离,戈娅,云缨,瑶","猪八戒,嫦娥,元流之子(射手),赵云,空空儿"
瑶,空空儿,16,阵营2 胜利,"哪吒,张良,蒙犽,阿古朵,瑶","狂铁,女娲,李信,梦奇,空空儿"
瑶,空空儿,17,阵营2 胜利,"钟无艳,不知火舞,扁鹊,赵云,瑶","夏洛特,武则天,蚩奼,李元芳,空空儿"
瑶,空空儿,18,阵营1 胜利,"姬小满,杨玉环,百里守约,韩信,瑶","蚩奼,不知火舞,元流之子(射手),赵云,空空儿"
瑶,空空儿,19,阵营2 胜利,"狂铁,小乔,敖隐,孙悟空,瑶","夏洛特,沈梦溪,公孙离,云中君,空空儿"
瑶,少司缘,1,阵营2 胜利,"老夫子,甄姬,公孙离,镜,瑶","程咬金,高渐离,敖隐,裴擒虎,少司缘"
瑶,少司缘,2,阵营1 胜利,"曹操,元流之子(法师),敖隐,李元芳,瑶","司空震,小乔,元流之子(射手),裴擒虎,少司缘"
瑶,少司缘,3,阵营1 胜利,"司空震,大乔,戈娅,裴擒虎,少司缘","哪吒,嫦娥,李信,橘右京,瑶"
瑶,少司缘,4,阵营1 胜利,"哪吒,妲己,狄仁杰,猪八戒,瑶","曹操,海月,戈娅,元流之子(刺客),少司缘"
瑶,少司缘,5,阵营1 胜利,"白起,貂蝉,苍,暃,少司缘","花木兰,沈梦溪,元流之子(射手),盘古,瑶"
瑶,少司缘,6,阵营2 胜利,"关羽,沈梦溪,公孙离,典韦,少司缘","白起,周瑜,蚩奼,裴擒虎,瑶"
瑶,少司缘,7,阵营2 胜利,"夏侯惇,杨玉环,蚩奼,马超,少司缘","影,周瑜,公孙离,典韦,瑶"
瑶,少司缘,8,阵营2 胜利,"元歌,海诺,艾琳,暃,瑶","夏洛特,沈梦溪,后羿,韩信,少司缘"
瑶,少司缘,9,阵营1 胜利,"元歌,女娲,蚩奼,暃,少司缘","达摩,沈梦溪,元流之子(射手),裴擒虎,瑶"
瑶,少司缘,10,阵营1 胜利,"狂铁,元流之子(法师),蚩奼,雅典娜,瑶","廉颇,沈梦溪,孙权,兰陵王,少司缘"
瑶,少司缘,11,阵营2 胜利,"孙策,海诺,孙权,裴擒虎,少司缘","梦奇,女娲,戈娅,宫本武藏,瑶"
瑶,少司缘,12,阵营2 胜利,"老夫子,貂蝉,孙尚香,裴擒虎,少司缘","兰陵王,嫦娥,元流之子(射手),大司命,瑶"
瑶,少司缘,13,阵营1 胜利,"老夫子,嫦娥,元流之子(射手),裴擒虎,瑶","司空震,海诺,李信,韩信,少司缘"
瑶,少司缘,14,阵营1 胜利,"影,嫦娥,戈娅,云中君,瑶","花木兰,大乔,孙权,阿古朵,少司缘"
瑶,少司缘,15,阵营1 胜利,"曹操,沈梦溪,元流之子(射手),影,瑶","蒙恬,海诺,蚩奼,孙悟空,少司缘"
瑶,少司缘,16,阵营2 胜利,"程咬金,金蝉,虞姬,曜,瑶","元歌,高渐离,元流之子(射手),铠,少司缘"
瑶,少司缘,17,阵营1 胜利,"哪吒,不知火舞,艾琳,镜,瑶","芈月,嫦娥,虞姬,裴擒虎,少司缘"
瑶,少司缘,18,阵营1 胜利,"狂铁,武则天,孙权,裴擒虎,瑶","曹操,小乔,元流之子(射手),阿古朵,少司缘"
瑶,少司缘,19,阵营2 胜利,"哪吒,小乔,蚩奼,刘备,瑶","曹操,不知火舞,艾琳,孙悟空,少司缘"
瑶,元流之子(坦克),1,阵营2 胜利,"元歌,甄姬,蚩奼,赵云,瑶","花木兰,小乔,公孙离,阿轲,元流之子(坦克)"
瑶,元流之子(坦克),2,阵营1 胜利,"嫦娥,姜子牙,马可波罗,镜,瑶","老夫子,沈梦溪,虞姬,大司命,元流之子(坦克)"
瑶,元流之子(坦克),3,阵营1 胜利,"哪吒,沈梦溪,苍,橘右京,瑶","姬小满,上官婉儿,孙权,赵云,元流之子(坦克)"
瑶,元流之子(坦克),4,阵营2 胜利,"达摩,不知火舞,敖隐,裴擒虎,瑶","哪吒,女娲,艾琳,杨戬,元流之子(坦克)"
瑶,元流之子(坦克),5,阵营1 胜利,"关羽,妲己,敖隐,哪吒,元流之子(坦克)","吕布,嫦娥,百里守约,暃,瑶"
瑶,元流之子(坦克),6,阵营1 胜利,"曹操,不知火舞,李元芳,典韦,元流之子(坦克)","关羽,沈梦溪,莱西奥,司马懿,瑶"
瑶,元流之子(坦克),7,阵营2 胜利,"花木兰,上官婉儿,孙权,裴擒虎,元流之子(坦克)","老夫子,女娲,戈娅,大司命,瑶"
瑶,元流之子(坦克),8,阵营2 胜利,"关羽,貂蝉,狄仁杰,盘古,瑶","老夫子,武则天,孙尚香,曜,元流之子(坦克)"
瑶,元流之子(坦克),9,阵营2 胜利,"夏洛特,高渐离,蚩奼,司马懿,元流之子(坦克)","狂铁,杨玉环,狄仁杰,裴擒虎,瑶"
瑶,元流之子(坦克),10,阵营2 胜利,"司空震,武则天,公孙离,大司命,瑶","达摩,干将莫邪,苍,百里玄策,元流之子(坦克)"
瑶,元流之子(坦克),11,阵营2 胜利,"哪吒,嫦娥,敖隐,镜,瑶","狂铁,貂蝉,公孙离,阿轲,元流之子(坦克)"
瑶,元流之子(坦克),12,阵营1 胜利,"狂铁,甄姬,虞姬,哪吒,瑶","蒙恬,女娲,艾琳,孙悟空,元流之子(坦克)"
瑶,元流之子(坦克),13,阵营1 胜利,"曹操,诸葛亮,戈娅,孙悟空,元流之子(坦克)","老夫子,不知火舞,公孙离,暃,瑶"
瑶,元流之子(坦克),14,阵营1 胜利,"影,貂蝉,戈娅,裴擒虎,瑶","关羽,小乔,鲁班七号,李白,元流之子(坦克)"
瑶,元流之子(坦克),15,阵营2 胜利,"花木兰,墨子,元流之子(射手),镜,瑶","司空震,海月,戈娅,诸葛亮,元流之子(坦克)"
瑶,元流之子(坦克),16,阵营2 胜利,"赵怀真,貂蝉,孙权,典韦,瑶","元歌,大乔,公孙离,露娜,元流之子(坦克)"
瑶,元流之子(坦克),17,阵营2 胜利,"元歌,沈梦溪,孙权,孙悟空,元流之子(坦克)","老夫子,不知火舞,蚩奼,暃,瑶"
瑶,元流之子(坦克),18,阵营1 胜利,"老夫子,西施,艾琳,典韦,元流之子(坦克)","蒙恬,甄姬,元流之子(射手),裴擒虎,瑶"
瑶,元流之子(坦克),19,阵营1 胜利,"曹操,墨子,蚩奼,裴擒虎,元流之子(坦克)","马超,武则天,元歌,露娜,瑶"
瑶,元流之子(辅助),1,阵营2 胜利,"狂铁,甄姬,元流之子(射手),嫦娥,瑶","曹操,沈梦溪,苍,哪吒,元流之子(辅助)"
瑶,元流之子(辅助),2,阵营1 胜利,"夏洛特,沈梦溪,后羿,云缨,元流之子(辅助)","白起,女娲,蚩奼,百里玄策,瑶"
瑶,元流之子(辅助),3,阵营1 胜利,"狂铁,女娲,后羿,镜,瑶","达摩,小乔,孙权,韩信,元流之子(辅助)"
瑶,元流之子(辅助),4,阵营1 胜利,"狂铁,沈梦溪,戈娅,猪八戒,瑶","关羽,弈星,鲁班七号,裴擒虎,元流之子(辅助)"
瑶,元流之子(辅助),5,阵营1 胜利,"孙策,小乔,元流之子(射手),云缨,瑶","曹操,嫦娥,虞姬,铠,元流之子(辅助)"
瑶,元流之子(辅助),6,阵营2 胜利,"蚩奼,貂蝉,公孙离,孙悟空,瑶","钟无艳,沈梦溪,艾琳,澜,元流之子(辅助)"
瑶,元流之子(辅助),7,阵营2 胜利,"司空震,沈梦溪,元流之子(射手),娜可露露,瑶","老夫子,貂蝉,艾琳,马超,元流之子(辅助)"
瑶,元流之子(辅助),8,阵营1 胜利,"狂铁,沈梦溪,敖隐,宫本武藏,元流之子(辅助)","花木兰,西施,公孙离,娜可露露,瑶"
瑶,元流之子(辅助),9,阵营2 胜利,"老夫子,弈星,后羿,裴擒虎,元流之子(辅助)","廉颇,不知火舞,元流之子(射手),云缨,瑶"
瑶,元流之子(辅助),10,阵营1 胜利,"狂铁,安琪拉,敖隐,阿古朵,元流之子(辅助)","老夫子,女娲,孙权,马超,瑶"
瑶,元流之子(辅助),11,阵营1 胜利,"夏洛特,大乔,元流之子(射手),阿古朵,瑶","影,小乔,敖隐,百里玄策,元流之子(辅助)"
瑶,元流之子(辅助),12,阵营2 胜利,"姬小满,沈梦溪,戈娅,云缨,元流之子(辅助)","花木兰,诸葛亮,元流之子(射手),橘右京,瑶"
瑶,元流之子(辅助),13,阵营2 胜利,"老夫子,高渐离,戈娅,镜,元流之子(辅助)","元歌,甄姬,元流之子(射手),阿古朵,瑶"
瑶,元流之子(辅助),14,阵营1 胜利,"蒙恬,不知火舞,蚩奼,马超,瑶","花木兰,大乔,戈娅,影,元流之子(辅助)"
瑶,元流之子(辅助),15,阵营2 胜利,"孙策,不知火舞,狄仁杰,哪吒,元流之子(辅助)","白起,海月,公孙离,司马懿,瑶"
瑶,元流之子(辅助),16,阵营1 胜利,"司空震,嬴政,蚩奼,宫本武藏,元流之子(辅助)","哪吒,沈梦溪,戈娅,澜,瑶"
瑶,元流之子(辅助),17,阵营2 胜利,"哪吒,嫦娥,孙尚香,镜,元流之子(辅助)","影,武则天,虞姬,大司命,瑶"
瑶,元流之子(辅助),18,阵营2 胜利,"夏洛特,沈梦溪,元流之子(射手),镜,瑶","曹操,貂蝉,艾琳,马超,元流之子(辅助)"
瑶,元流之子(辅助),19,阵营2 胜利,"程咬金,女娲,苍,裴擒虎,元流之子(辅助)","蒙恬,貂蝉,公孙离,暃,瑶"
盾山,西施,1,阵营2 胜利,"姬小满,女娲,百里守约,暃,盾山","程咬金,高渐离,元流之子(射手),云缨,西施"
盾山,西施,2,阵营1 胜利,"曹操,沈梦溪,孙尚香,宫本武藏,盾山","狂铁,海月,元流之子(射手),杨戬,西施"
盾山,西施,3,阵营1 胜利,"司空震,甄姬,蚩奼,铠,盾山","猪八戒,嫦娥,艾琳,杨戬,西施"
盾山,西施,4,阵营1 胜利,"曹操,海诺,元流之子(射手),裴擒虎,盾山","程咬金,弈星,后羿,镜,西施"
盾山,西施,5,阵营2 胜利,"狂铁,沈梦溪,戈娅,李白,西施","老夫子,甄姬,蚩奼,裴擒虎,盾山"
盾山,西施,6,阵营1 胜利,"芈月,海诺,虞姬,云缨,西施","花木兰,武则天,艾琳,阿古朵,盾山"
盾山,西施,7,阵营1 胜利,"花木兰,沈梦溪,蚩奼,李元芳,盾山","老夫子,杨玉环,元流之子(射手),司马懿,西施"
盾山,西施,8,阵营1 胜利,"司空震,不知火舞,戈娅,镜,西施","关羽,沈梦溪,狄仁杰,李白,盾山"
盾山,西施,9,阵营2 胜利,"亚连,女娲,孙尚香,曹操,盾山","老夫子,武则天,元流之子(射手),铠,西施"
盾山,西施,10,阵营1 胜利,"关羽,不知火舞,李信,橘右京,盾山","狂铁,沈梦溪,艾琳,韩信,西施"
盾山,西施,11,阵营1 胜利,"元歌,小乔,元流之子(射手),韩信,西施","蚩奼,嫦娥,百里守约,哪吒,盾山"
盾山,西施,12,阵营1 胜利,"达摩,海诺,孙尚香,裴擒虎,盾山","哪吒,不知火舞,蚩奼,镜,西施"
盾山,西施,13,阵营1 胜利,"司空震,甄姬,艾琳,杨戬,盾山","姬小满,大乔,元流之子(射手),云缨,西施"
盾山,西施,14,阵营1 胜利,"蚩奼,女娲,元流之子(射手),云缨,西施","夏洛特,武则天,李信,铠,盾山"
盾山,西施,15,阵营1 胜利,"刘邦,嬴政,戈娅,露娜,西施","钟无艳,女娲,狄仁杰,李白,盾山"
盾山,西施,16,阵营1 胜利,"曹操,诸葛亮,元流之子(射手),李白,西施","夏洛特,小乔,蚩奼,孙悟空,盾山"
盾山,西施,17,阵营2 胜利,"钟无艳,嫦娥,元流之子(射手),韩信,西施","姬小满,不知火舞,艾琳,百里玄策,盾山"
盾山,西施,18,阵营2 胜利,"蚩奼,妲己,艾琳,宫本武藏,盾山","元歌,弈星,李信,孙悟空,西施"
盾山,西施,19,阵营1 胜利,"孙策,海月,元流之子(射手),马超,西施","哪吒,小乔,狄仁杰,盘古,盾山"
盾山,鲁班大师,1,阵营1 胜利,"曹操,沈梦溪,艾琳,李白,盾山","狂铁,不知火舞,蚩奼,暃,鲁班大师"
盾山,鲁班大师,2,阵营1 胜利,"关羽,嫦娥,艾琳,赵云,盾山","曹操,诸葛亮,戈娅,镜,鲁班大师"
盾山,鲁班大师,3,阵营1 胜利,"蒙恬,甄姬,李信,雅典娜,鲁班大师","影,安琪拉,艾琳,澜,盾山"
盾山,鲁班大师,4,阵营2 胜利,"马超,女娲,虞姬,裴擒虎,鲁班大师","曹操,嬴政,鲁班七号,韩信,盾山"
盾山,鲁班大师,5,阵营1 胜利,"花木兰,西施,敖隐,娜可露露,鲁班大师","曹操,海诺,元流之子(射手),赵云,盾山"
盾山,鲁班大师,6,阵营2 胜利,"哪吒,甄姬,艾琳,韩信,盾山","影,大乔,元流之子(射手),典韦,鲁班大师"
盾山,鲁班大师,7,阵营2 胜利,"曹操,海诺,蚩奼,铠,盾山","关羽,沈梦溪,苍,橘右京,鲁班大师"
盾山,鲁班大师,8,阵营2 胜利,"达摩,小乔,鲁班七号,铠,盾山","哪吒,上官婉儿,蚩奼,典韦,鲁班大师"
盾山,鲁班大师,9,阵营1 胜利,"影,王昭君,艾琳,大司命,鲁班大师","马超,高渐离,蚩奼,镜,盾山"
盾山,鲁班大师,10,阵营2 胜利,"曹操,嫦娥,元流之子(射手),百里玄策,鲁班大师","夏洛特,甄姬,艾琳,暃,盾山"
盾山,鲁班大师,11,阵营2 胜利,"影,貂蝉,孙尚香,李元芳,盾山","司空震,安琪拉,艾琳,芈月,鲁班大师"
盾山,鲁班大师,12,阵营2 胜利,"花木兰,周瑜,黄忠,李元芳,盾山","影,安琪拉,元流之子(射手),裴擒虎,鲁班大师"
盾山,鲁班大师,13,阵营1 胜利,"蒙恬,甄姬,元流之子(射手),韩信,鲁班大师","影,武则天,艾琳,猪八戒,盾山"
盾山,鲁班大师,14,阵营1 胜利,"达摩,大乔,元流之子(射手),韩信,盾山","老夫子,嫦娥,戈娅,兰陵王,鲁班大师"
盾山,鲁班大师,15,阵营2 胜利,"达摩,周瑜,元流之子(射手),裴擒虎,鲁班大师","曹操,王昭君,虞姬,元流之子(刺客),盾山"
盾山,鲁班大师,16,阵营1 胜利,"元歌,小乔,艾琳,宫本武藏,盾山","蚩奼,貂蝉,戈娅,盘古,鲁班大师"
盾山,鲁班大师,17,阵营1 胜利,"蚩奼,海月,李信,铠,盾山","影,不知火舞,戈娅,娜可露露,鲁班大师"
盾山,鲁班大师,18,阵营1 胜利,"老夫子,不知火舞,后羿,元流之子(刺客),鲁班大师","关羽,女娲,艾琳,韩信,盾山"
盾山,鲁班大师,19,阵营2 胜利,"程咬金,上官婉儿,戈娅,橘右京,鲁班大师","蒙恬,小乔,虞姬,阿古朵,盾山"
盾山,桑启,1,阵营1 胜利,"关羽,西施,狄仁杰,云缨,盾山","狂铁,弈星,元流之子(射手),猪八戒,桑启"
盾山,桑启,2,阵营1 胜利,"狂铁,嫦娥,戈娅,韩信,桑启","孙策,不知火舞,蚩奼,百里玄策,盾山"
盾山,桑启,3,阵营1 胜利,"夏侯惇,弈星,艾琳,孙悟空,桑启","马超,嫦娥,狄仁杰,盘古,盾山"
盾山,桑启,4,阵营1 胜利,"白起,高渐离,公孙离,阿古朵,桑启","元歌,女娲,艾琳,镜,盾山"
盾山,桑启,5,阵营2 胜利,"哪吒,沈梦溪,虞姬,暃,盾山","曹操,武则天,元流之子(射手),诸葛亮,桑启"
盾山,桑启,6,阵营1 胜利,"关羽,海月,艾琳,韩信,盾山","花木兰,弈星,李元芳,镜,桑启"
盾山,桑启,7,阵营1 胜利,"夏洛特,嬴政,蚩奼,裴擒虎,桑启","花木兰,大乔,艾琳,阿轲,盾山"
盾山,桑启,8,阵营1 胜利,"哪吒,小乔,戈娅,阿古朵,桑启","司空震,干将莫邪,艾琳,云缨,盾山"
盾山,桑启,9,阵营1 胜利,"关羽,甄姬,戈娅,元流之子(坦克),桑启","司空震,沈梦溪,蚩奼,赵云,盾山"
盾山,桑启,10,阵营1 胜利,"达摩,杨玉环,虞姬,镜,盾山","老夫子,沈梦溪,元流之子(射手),韩信,桑启"
盾山,桑启,11,阵营2 胜利,"影,貂蝉,李信,曜,桑启","夏洛特,小乔,艾琳,元流之子(刺客),盾山"
盾山,桑启,12,阵营2 胜利,"亚瑟,大乔,艾琳,诸葛亮,盾山","夏洛特,沈梦溪,蚩奼,暃,桑启"
盾山,桑启,13,阵营1 胜利,"花木兰,武则天,孙权,孙悟空,桑启","杨戬,小乔,艾琳,裴擒虎,盾山"
盾山,桑启,14,阵营1 胜利,"元歌,沈梦溪,后羿,镜,盾山","司空震,小乔,元流之子(射手),橘右京,桑启"
盾山,桑启,15,阵营1 胜利,"貂蝉,沈梦溪,马可波罗,雅典娜,盾山","狂铁,大乔,元流之子(射手),娜可露露,桑启"
盾山,桑启,16,阵营1 胜利,"元歌,海月,司空震,李白,桑启","哪吒,貂蝉,蚩奼,曹操,盾山"
盾山,桑启,17,阵营2 胜利,"猪八戒,不知火舞,艾琳,裴擒虎,盾山","亚瑟,金蝉,元流之子(射手),宫本武藏,桑启"
盾山,桑启,18,阵营1 胜利,"哪吒,扁鹊,艾琳,马超,盾山","花木兰,嫦娥,孙权,裴擒虎,桑启"
盾山,桑启,19,阵营2 胜利,"孙策,弈星,元流之子(射手),孙悟空,盾山","元歌,墨子,蚩奼,镜,桑启"
盾山,赵怀真,1,阵营2 胜利,"曹操,杨玉环,蚩奼,梦奇,盾山","铠,安琪拉,元流之子(射手),曜,赵怀真"
盾山,赵怀真,2,阵营2 胜利,"元歌,沈梦溪,虞姬,娜可露露,赵怀真","狂铁,元流之子(法师),戈娅,阿古朵,盾山"
盾山,赵怀真,3,阵营2 胜利,"元歌,小乔,孙权,孙悟空,赵怀真","狂铁,嫦娥,虞姬,韩信,盾山"
盾山,赵怀真,4,阵营1 胜利,"老夫子,干将莫邪,元流之子(射手),雅典娜,赵怀真","曹操,貂蝉,蚩奼,诸葛亮,盾山"
盾山,赵怀真,5,阵营1 胜利,"杨戬,小乔,敖隐,橘右京,赵怀真","马超,海诺,虞姬,赵云,盾山"
盾山,赵怀真,6,阵营1 胜利,"元歌,貂蝉,后羿,镜,盾山","曹操,张良,公孙离,马超,赵怀真"
盾山,赵怀真,7,阵营2 胜利,"刘邦,西施,蚩奼,诸葛亮,赵怀真","哪吒,元流之子(法师),后羿,韩信,盾山"
盾山,赵怀真,8,阵营1 胜利,"蚩奼,小乔,敖隐,元流之子(刺客),盾山","狂铁,沈梦溪,元流之子(射手),云缨,赵怀真"
盾山,赵怀真,9,阵营2 胜利,"曹操,诸葛亮,戈娅,娜可露露,赵怀真","芈月,小乔,李信,李白,盾山"
盾山,赵怀真,10,阵营1 胜利,"关羽,武则天,元流之子(射手),大司命,盾山","哪吒,西施,蚩奼,裴擒虎,赵怀真"
盾山,赵怀真,11,阵营1 胜利,"夏洛特,貂蝉,狄仁杰,露娜,盾山","吕布,嬴政,后羿,李元芳,赵怀真"
盾山,赵怀真,12,阵营2 胜利,"孙策,嫦娥,敖隐,橘右京,盾山","哪吒,女娲,百里守约,裴擒虎,赵怀真"
盾山,赵怀真,13,阵营1 胜利,"马超,小乔,艾琳,宫本武藏,赵怀真","狂铁,不知火舞,孙尚香,百里玄策,盾山"
盾山,赵怀真,14,阵营1 胜利,"元歌,甄姬,艾琳,赵云,盾山","亚连,周瑜,虞姬,阿古朵,赵怀真"
盾山,赵怀真,15,阵营2 胜利,"程咬金,不知火舞,孙权,暃,赵怀真","狂铁,弈星,李信,裴擒虎,盾山"
盾山,赵怀真,16,阵营1 胜利,"杨戬,女娲,戈娅,元流之子(刺客),赵怀真","狂铁,弈星,艾琳,大司命,盾山"
盾山,赵怀真,17,阵营1 胜利,"司空震,嬴政,老夫子,马超,赵怀真","哪吒,海诺,艾琳,云缨,盾山"
盾山,赵怀真,18,阵营1 胜利,"蚩奼,西施,元流之子(射手),梦奇,赵怀真","哪吒,不知火舞,艾琳,暃,盾山"
盾山,赵怀真,19,阵营2 胜利,"司空震,小乔,蚩奼,刘备,盾山","盘古,杨玉环,元流之子(射手),镜,赵怀真"
盾山,空空儿,1,阵营1 胜利,"司空震,嫦娥,元流之子(射手),裴擒虎,盾山","铠,女娲,公孙离,阿轲,空空儿"
盾山,空空儿,2,阵营2 胜利,"刘邦,西施,元流之子(射手),马超,盾山","狂铁,王昭君,公孙离,露娜,空空儿"
盾山,空空儿,3,阵营2 胜利,"蚩奼,女娲,后羿,云缨,空空儿","影,弈星,李信,宫本武藏,盾山"
盾山,空空儿,4,阵营1 胜利,"曹操,西施,戈娅,杨戬,空空儿","蚩奼,沈梦溪,鲁班七号,镜,盾山"
盾山,空空儿,5,阵营1 胜利,"狂铁,杨玉环,艾琳,镜,盾山","曹操,小乔,虞姬,宫本武藏,空空儿"
盾山,空空儿,6,阵营1 胜利,"影,貂蝉,元流之子(射手),韩信,空空儿","亚瑟,杨玉环,艾琳,元流之子(坦克),盾山"
盾山,空空儿,7,阵营1 胜利,"夏洛特,不知火舞,蚩奼,裴擒虎,盾山","司空震,武则天,元流之子(射手),马超,空空儿"
盾山,空空儿,8,阵营2 胜利,"元歌,小乔,艾琳,雅典娜,盾山","夏洛特,大乔,元流之子(射手),云缨,空空儿"
盾山,空空儿,9,阵营2 胜利,"关羽,沈梦溪,李信,司马懿,盾山","曹操,海诺,戈娅,梦奇,空空儿"
盾山,空空儿,10,阵营2 胜利,"芈月,高渐离,蚩奼,杨戬,空空儿","孙策,海月,李元芳,哪吒,盾山"
盾山,空空儿,11,阵营2 胜利,"哪吒,嬴政,敖隐,裴擒虎,盾山","曹操,弈星,虞姬,暃,空空儿"
盾山,空空儿,12,阵营2 胜利,"元歌,安琪拉,艾琳,铠,盾山","关羽,杨玉环,蚩奼,韩信,空空儿"
盾山,空空儿,13,阵营1 胜利,"刘邦,女娲,戈娅,云缨,空空儿","蒙恬,小乔,李信,诸葛亮,盾山"
盾山,空空儿,14,阵营2 胜利,"狂铁,沈梦溪,艾琳,曜,盾山","影,小乔,狄仁杰,露娜,空空儿"
盾山,空空儿,15,阵营2 胜利,"关羽,不知火舞,元流之子(射手),梦奇,空空儿","吕布,女娲,艾琳,雅典娜,盾山"
盾山,空空儿,16,阵营1 胜利,"蒙恬,海月,狄仁杰,裴擒虎,盾山","狂铁,大乔,公孙离,暃,空空儿"
盾山,空空儿,17,阵营1 胜利,"花木兰,诸葛亮,后羿,元流之子(刺客),空空儿","狂铁,大乔,蚩奼,梦奇,盾山"
盾山,空空儿,18,阵营1 胜利,"马超,小乔,艾琳,孙悟空,盾山","貂蝉,嫦娥,元流之子(射手),梦奇,空空儿"
盾山,空空儿,19,阵营2 胜利,"曹操,诸葛亮,公孙离,元流之子(刺客),空空儿","狂铁,小乔,狄仁杰,阿古朵,盾山"
盾山,少司缘,1,阵营2 胜利,"孙策,大乔,公孙离,镜,少司缘","关羽,弈星,孙权,暃,盾山"
盾山,少司缘,2,阵营1 胜利,"狂铁,杨玉环,戈娅,裴擒虎,少司缘","司空震,小乔,元流之子(射手),阿古朵,盾山"
盾山,少司缘,3,阵营2 胜利,"狂铁,女娲,艾琳,元流之子(刺客),盾山","杨戬,嫦娥,公孙离,兰陵王,少司缘"
盾山,少司缘,4,阵营1 胜利,"亚连,沈梦溪,蚩奼,铠,少司缘","曹操,诸葛亮,李信,李元芳,盾山"
盾山,少司缘,5,阵营1 胜利,"孙策,嫦娥,李信,马超,盾山","司空震,海诺,元流之子(射手),裴擒虎,少司缘"
盾山,少司缘,6,阵营1 胜利,"狂铁,高渐离,孙权,韩信,少司缘","曹操,沈梦溪,孙尚香,孙悟空,盾山"
盾山,少司缘,7,阵营1 胜利,"狂铁,西施,狄仁杰,韩信,盾山","关羽,海月,元流之子(射手),裴擒虎,少司缘"
盾山,少司缘,8,阵营1 胜利,"影,女娲,李信,宫本武藏,盾山","花木兰,武则天,戈娅,阿古朵,少司缘"
盾山,少司缘,9,阵营1 胜利,"杨戬,嫦娥,元流之子(射手),猪八戒,盾山","关羽,女娲,虞姬,元流之子(刺客),少司缘"
盾山,少司缘,10,阵营2 胜利,"司空震,甄姬,艾琳,铠,盾山","狂铁,上官婉儿,公孙离,裴擒虎,少司缘"
盾山,少司缘,11,阵营2 胜利,"夏洛特,杨玉环,敖隐,杨戬,盾山","蒙恬,不知火舞,戈娅,宫本武藏,少司缘"
盾山,少司缘,12,阵营1 胜利,"曹操,墨子,苍,阿古朵,盾山","亚瑟,女娲,元流之子(射手),赵云,少司缘"
盾山,少司缘,13,阵营1 胜利,"老夫子,海诺,戈娅,暃,少司缘","蒙恬,不知火舞,艾琳,孙悟空,盾山"
盾山,少司缘,14,阵营2 胜利,"老夫子,武则天,元流之子(射手),赵云,盾山","曹操,嬴政,公孙离,云缨,少司缘"
盾山,少司缘,15,阵营2 胜利,"花木兰,沈梦溪,虞姬,娜可露露,盾山","曹操,海诺,李信,镜,少司缘"
盾山,少司缘,16,阵营1 胜利,"老夫子,海诺,元流之子(射手),典韦,少司缘","孙策,武则天,后羿,诸葛亮,盾山"
盾山,少司缘,17,阵营1 胜利,"花木兰,杨玉环,元流之子(射手),孙悟空,少司缘","老夫子,女娲,虞姬,百里玄策,盾山"
盾山,少司缘,18,阵营1 胜利,"亚连,沈梦溪,元流之子(射手),孙悟空,少司缘","影,不知火舞,鲁班七号,赵云,盾山"
盾山,少司缘,19,阵营2 胜利,"曹操,海月,蚩奼,裴擒虎,少司缘","芈月,弈星,艾琳,孙悟空,盾山"
盾山,元流之子(坦克),1,阵营1 胜利,"曹操,上官婉儿,戈娅,哪吒,元流之子(坦克)","司空震,嫦娥,李信,雅典娜,盾山"
盾山,元流之子(坦克),2,阵营1 胜利,"老夫子,海月,后羿,裴擒虎,元流之子(坦克)","狂铁,王昭君,艾琳,百里玄策,盾山"
盾山,元流之子(坦克),3,阵营1 胜利,"刘邦,貂蝉,敖隐,司马懿,盾山","曹操,沈梦溪,蚩奼,露娜,元流之子(坦克)"
盾山,元流之子(坦克),4,阵营1 胜利,"兰陵王,安琪拉,后羿,铠,元流之子(坦克)","狂铁,高渐离,艾琳,百里玄策,盾山"
盾山,元流之子(坦克),5,阵营2 胜利,"曹操,嫦娥,李信,阿轲,盾山","元歌,小乔,孙权,百里玄策,元流之子(坦克)"
盾山,元流之子(坦克),6,阵营1 胜利,"影,不知火舞,百里守约,镜,元流之子(坦克)","关羽,女娲,蚩奼,马超,盾山"
盾山,元流之子(坦克),7,阵营2 胜利,"花木兰,女娲,李信,哪吒,元流之子(坦克)","狂铁,大乔,元流之子(射手),铠,盾山"
盾山,元流之子(坦克),8,阵营1 胜利,"姬小满,不知火舞,蚩奼,镜,元流之子(坦克)","司空震,沈梦溪,元流之子(射手),百里玄策,盾山"
盾山,元流之子(坦克),9,阵营2 胜利,"马超,嫦娥,敖隐,云缨,元流之子(坦克)","蒙恬,王昭君,蚩奼,镜,盾山"
盾山,元流之子(坦克),10,阵营1 胜利,"曹操,大乔,艾琳,镜,盾山","哪吒,女娲,李信,裴擒虎,元流之子(坦克)"
盾山,元流之子(坦克),11,阵营2 胜利,"司空震,女娲,戈娅,典韦,元流之子(坦克)","芈月,诸葛亮,艾琳,赵怀真,盾山"
盾山,元流之子(坦克),12,阵营1 胜利,"元歌,貂蝉,元流之子(射手),镜,盾山","马超,墨子,公孙离,露娜,元流之子(坦克)"
盾山,元流之子(坦克),13,阵营2 胜利,"老夫子,海月,蚩奼,云缨,元流之子(坦克)","狂铁,不知火舞,艾琳,赵云,盾山"
盾山,元流之子(坦克),14,阵营1 胜利,"元歌,女娲,孙尚香,韩信,盾山","夏洛特,貂蝉,蚩奼,马超,元流之子(坦克)"
盾山,元流之子(坦克),15,阵营2 胜利,"亚瑟,海诺,孙尚香,马超,盾山","梦奇,不知火舞,敖隐,雅典娜,元流之子(坦克)"
盾山,元流之子(坦克),16,阵营2 胜利,"花木兰,甄姬,蚩奼,阿古朵,元流之子(坦克)","影,女娲,公孙离,元流之子(刺客),盾山"
盾山,元流之子(坦克),17,阵营1 胜利,"老夫子,上官婉儿,孙尚香,诸葛亮,盾山","盘古,杨玉环,戈娅,阿古朵,元流之子(坦克)"
盾山,元流之子(坦克),18,阵营2 胜利,"老夫子,沈梦溪,蚩奼,阿古朵,盾山","影,女娲,李信,李元芳,元流之子(坦克)"
盾山,元流之子(坦克),19,阵营1 胜利,"马超,姜子牙,孙权,阿轲,元流之子(坦克)","孙策,海月,狄仁杰,元流之子(刺客),盾山"
盾山,元流之子(辅助),1,阵营1 胜利,"元歌,诸葛亮,后羿,百里玄策,元流之子(辅助)","老夫子,甄姬,元流之子(射手),暃,盾山"
盾山,元流之子(辅助),2,阵营1 胜利,"狂铁,嫦娥,公孙离,橘右京,元流之子(辅助)","曹操,女娲,元流之子(射手),雅典娜,盾山"
盾山,元流之子(辅助),3,阵营2 胜利,"司空震,女娲,艾琳,镜,盾山","不知火舞,哪吒,狄仁杰,影,元流之子(辅助)"
盾山,元流之子(辅助),4,阵营2 胜利,"马超,沈梦溪,孙权,韩信,元流之子(辅助)","司空震,杨玉环,蚩奼,云缨,盾山"
盾山,元流之子(辅助),5,阵营1 胜利,"曹操,大乔,元流之子(射手),韩信,盾山","关羽,小乔,后羿,宫本武藏,元流之子(辅助)"
盾山,元流之子(辅助),6,阵营1 胜利,"亚瑟,嫦娥,苍,阿轲,元流之子(辅助)","司空震,甄姬,鲁班七号,阿古朵,盾山"
盾山,元流之子(辅助),7,阵营2 胜利,"哪吒,海月,公孙离,兰陵王,盾山","狂铁,沈梦溪,狄仁杰,露娜,元流之子(辅助)"
盾山,元流之子(辅助),8,阵营2 胜利,"关羽,嫦娥,艾琳,暃,盾山","哪吒,高渐离,虞姬,镜,元流之子(辅助)"
盾山,元流之子(辅助),9,阵营2 胜利,"赵怀真,沈梦溪,狄仁杰,夏侯惇,盾山","蚩奼,不知火舞,戈娅,韩信,元流之子(辅助)"
盾山,元流之子(辅助),10,阵营1 胜利,"元歌,干将莫邪,李信,宫本武藏,盾山","曜,诸葛亮,后羿,暃,元流之子(辅助)"
盾山,元流之子(辅助),11,阵营2 胜利,"元歌,高渐离,狄仁杰,典韦,盾山","狂铁,武则天,艾琳,裴擒虎,元流之子(辅助)"
盾山,元流之子(辅助),12,阵营2 胜利,"芈月,海诺,蚩奼,赵云,盾山","曹操,不知火舞,司空震,司马懿,元流之子(辅助)"
盾山,元流之子(辅助),13,阵营1 胜利,"杨戬,米莱狄,后羿,孙悟空,元流之子(辅助)","曜,姜子牙,艾琳,露娜,盾山"
盾山,元流之子(辅助),14,阵营1 胜利,"蒙恬,干将莫邪,狄仁杰,百里玄策,盾山","老夫子,海月,苍,韩信,元流之子(辅助)"
盾山,元流之子(辅助),15,阵营2 胜利,"亚瑟,米莱狄,元流之子(射手),赵云,盾山","影,安琪拉,蚩奼,典韦,元流之子(辅助)"
盾山,元流之子(辅助),16,阵营2 胜利,"姬小满,甄姬,戈娅,云缨,元流之子(辅助)","元歌,大乔,狄仁杰,露娜,盾山"
盾山,元流之子(辅助),17,阵营2 胜利,"元歌,不知火舞,李信,曜,盾山","猪八戒,小乔,艾琳,赵云,元流之子(辅助)"
盾山,元流之子(辅助),18,阵营1 胜利,"司空震,大乔,狄仁杰,杨戬,盾山","狂铁,西施,艾琳,裴擒虎,元流之子(辅助)"
盾山,元流之子(辅助),19,阵营1 胜利,"狂铁,小乔,孙尚香,裴擒虎,元流之子(辅助)","花木兰,武则天,艾琳,孙悟空,盾山"
西施,鲁班大师,1,阵营2 胜利,"狂铁,周瑜,公孙离,刘备,西施","关羽,王昭君,戈娅,裴擒虎,鲁班大师"
西施,鲁班大师,2,阵营1 胜利,"马超,貂蝉,司空震,云缨,西施","兰陵王,上官婉儿,元流之子(射手),赵云,鲁班大师"
西施,鲁班大师,3,阵营1 胜利,"狂铁,海诺,虞姬,裴擒虎,西施","关羽,貂蝉,元流之子(射手),橘右京,鲁班大师"
西施,鲁班大师,4,阵营1 胜利,"狂铁,小乔,公孙离,马超,西施","司空震,嫦娥,狄仁杰,宫本武藏,鲁班大师"
西施,鲁班大师,5,阵营1 胜利,"影,安琪拉,敖隐,铠,鲁班大师","花木兰,姜子牙,孙权,诸葛亮,西施"
西施,鲁班大师,6,阵营2 胜利,"吕布,不知火舞,公孙离,暃,西施","影,沈梦溪,李信,诸葛亮,鲁班大师"
西施,鲁班大师,7,阵营1 胜利,"夏洛特,武则天,蚩奼,雅典娜,鲁班大师","曹操,大乔,孙权,杨戬,西施"
西施,鲁班大师,8,阵营1 胜利,"元歌,貂蝉,戈娅,诸葛亮,鲁班大师","曹操,女娲,孙权,百里玄策,西施"
西施,鲁班大师,9,阵营2 胜利,"关羽,弈星,元流之子(射手),裴擒虎,西施","达摩,武则天,虞姬,韩信,鲁班大师"
西施,鲁班大师,10,阵营2 胜利,"狂铁,大乔,艾琳,裴擒虎,西施","影,不知火舞,阿古朵,铠,鲁班大师"
西施,鲁班大师,11,阵营1 胜利,"杨戬,诸葛亮,李信,橘右京,鲁班大师","白起,元流之子(法师),戈娅,露娜,西施"
西施,鲁班大师,12,阵营2 胜利,"梦奇,小乔,蚩奼,露娜,西施","达摩,武则天,孙权,宫本武藏,鲁班大师"
西施,鲁班大师,13,阵营2 胜利,"老夫子,诸葛亮,李信,裴擒虎,鲁班大师","曹操,海月,虞姬,孙悟空,西施"
西施,鲁班大师,14,阵营1 胜利,"关羽,弈星,戈娅,司马懿,鲁班大师","曹操,沈梦溪,公孙离,铠,西施"
西施,鲁班大师,15,阵营2 胜利,"马超,大乔,百里守约,刘备,鲁班大师","哪吒,高渐离,公孙离,韩信,西施"
西施,鲁班大师,16,阵营2 胜利,"元歌,女娲,百里守约,裴擒虎,西施","曹操,大乔,戈娅,暃,鲁班大师"
西施,鲁班大师,17,阵营1 胜利,"哪吒,武则天,虞姬,云中君,鲁班大师","花木兰,不知火舞,元流之子(射手),铠,西施"
西施,鲁班大师,18,阵营1 胜利,"程咬金,貂蝉,元流之子(射手),阿古朵,鲁班大师","芈月,海月,马可波罗,云缨,西施"
西施,鲁班大师,19,阵营1 胜利,"关羽,不知火舞,艾琳,暃,西施","马超,海月,狄仁杰,娜可露露,鲁班大师"
西施,桑启,1,阵营2 胜利,"亚连,不知火舞,苍,露娜,西施","姬小满,沈梦溪,戈娅,韩信,桑启"
西施,桑启,2,阵营1 胜利,"蚩奼,沈梦溪,孙权,赵云,西施","司空震,貂蝉,戈娅,百里玄策,桑启"
西施,桑启,3,阵营1 胜利,"夏洛特,海月,蚩奼,铠,桑启","达摩,武则天,元流之子(射手),裴擒虎,西施"
西施,桑启,4,阵营2 胜利,"芈月,嫦娥,戈娅,百里玄策,西施","司空震,小乔,元流之子(射手),宫本武藏,桑启"
西施,桑启,5,阵营1 胜利,"老夫子,嫦娥,元流之子(射手),阿古朵,桑启","狂铁,上官婉儿,公孙离,司马懿,西施"
西施,桑启,6,阵营2 胜利,"哪吒,沈梦溪,元流之子(射手),西施,老夫子,杨玉环,孙权,赵怀真,桑启",未集齐10人
西施,桑启,7,阵营2 胜利,"花木兰,甄姬,马可波罗,韩信,桑启","白起,海月,戈娅,赵云,西施"
西施,桑启,8,阵营1 胜利,"狂铁,姜子牙,公孙离,李白,西施","哪吒,海月,元流之子(射手),影,桑启"
西施,桑启,9,阵营2 胜利,"老夫子,沈梦溪,元流之子(射手),裴擒虎,西施","狂铁,不知火舞,虞姬,百里玄策,桑启"
西施,桑启,10,阵营1 胜利,"蚩奼,弈星,元流之子(射手),孙悟空,桑启","关羽,沈梦溪,戈娅,裴擒虎,西施"
西施,桑启,11,阵营2 胜利,"关羽,嫦娥,蚩奼,孙悟空,桑启","项羽,甄姬,戈娅,暃,西施"
西施,桑启,12,阵营1 胜利,"影,元流之子(法师),蚩奼,司空震,桑启","哪吒,安琪拉,狄仁杰,韩信,西施"
西施,桑启,13,阵营1 胜利,"曹操,嫦娥,蚩奼,百里玄策,西施","哪吒,不知火舞,孙权,赵云,桑启"
西施,桑启,14,阵营2 胜利,"元歌,小乔,敖隐,哪吒,西施","关羽,诸葛亮,公孙离,雅典娜,桑启"
西施,桑启,15,阵营1 胜利,"司空震,女娲,蚩奼,暃,桑启","夏洛特,嫦娥,戈娅,赵云,西施"
西施,桑启,16,阵营2 胜利,"元歌,嫦娥,孙尚香,百里玄策,桑启","廉颇,女娲,戈娅,澜,西施"
西施,桑启,17,阵营2 胜利,"哪吒,诸葛亮,虞姬,马超,桑启","元流之子(坦克),不知火舞,李信,韩信,西施"
西施,桑启,18,阵营1 胜利,"马超,海诺,戈娅,裴擒虎,西施","哪吒,女娲,孙权,诸葛亮,桑启"
西施,桑启,19,阵营1 胜利,"哪吒,沈梦溪,孙权,孙悟空,西施","夏洛特,海诺,公孙离,暃,桑启"
西施,赵怀真,1,阵营1 胜利,"曹操,嫦娥,孙尚香,云中君,赵怀真","哪吒,沈梦溪,艾琳,云缨,西施"
西施,赵怀真,2,阵营1 胜利,"蒙恬,杨玉环,狄仁杰,暃,西施","司空震,大乔,蚩奼,司马懿,赵怀真"
西施,赵怀真,3,阵营2 胜利,"关羽,沈梦溪,戈娅,阿古朵,西施","元歌,不知火舞,蒙犽,裴擒虎,赵怀真"
西施,赵怀真,4,阵营2 胜利,,未集齐10人
西施,赵怀真,5,阵营2 胜利,,未集齐10人
西施,赵怀真,6,阵营1 胜利,"关羽,甄姬,戈娅,澜,西施","姬小满,安琪拉,孙权,马超,赵怀真"
西施,赵怀真,7,阵营2 胜利,"猪八戒,女娲,元流之子(射手),李信,西施","关羽,沈梦溪,蚩奼,杨戬,赵怀真"
西施,赵怀真,8,阵营1 胜利,"狂铁,杨玉环,敖隐,元流之子(刺客),西施","曹操,女娲,公孙离,阿古朵,赵怀真"
西施,赵怀真,9,阵营1 胜利,"司空震,沈梦溪,孙尚香,孙悟空,赵怀真","杨戬,武则天,孙权,诸葛亮,西施"
西施,赵怀真,10,阵营2 胜利,"曹操,不知火舞,百里守约,元流之子(刺客),赵怀真","达摩,甄姬,孙尚香,雅典娜,西施"
西施,赵怀真,11,阵营1 胜利,"司空震,嫦娥,敖隐,暃,赵怀真","夏洛特,武则天,公孙离,马超,西施"
西施,赵怀真,12,阵营1 胜利,"姬小满,不知火舞,虞姬,韩信,西施","哪吒,貂蝉,公孙离,马超,赵怀真"
西施,赵怀真,13,阵营1 胜利,"蒙恬,杨玉环,元流之子(射手),镜,西施","关羽,女娲,蚩奼,杨戬,赵怀真"
西施,赵怀真,14,阵营2 胜利,"兰陵王,海月,戈娅,诸葛亮,赵怀真","蚩奼,不知火舞,百里守约,芈月,西施"
西施,赵怀真,15,阵营1 胜利,"老夫子,不知火舞,孙权,马超,赵怀真","蒙恬,嬴政,元流之子(射手),铠,西施"
西施,赵怀真,16,阵营1 胜利,"曹操,嫦娥,公孙离,百里玄策,西施","花木兰,甄姬,元流之子(射手),孙悟空,赵怀真"
西施,赵怀真,17,阵营2 胜利,"关羽,沈梦溪,孙权,暃,西施","元流之子(刺客),女娲,蚩奼,露娜,赵怀真"
西施,赵怀真,18,阵营2 胜利,"猪八戒,杨玉环,元流之子(射手),云缨,西施","刘邦,不知火舞,艾琳,哪吒,赵怀真"
西施,赵怀真,19,阵营2 胜利,"曹操,貂蝉,元流之子(射手),裴擒虎,西施","老夫子,不知火舞,敖隐,韩信,赵怀真"
西施,空空儿,1,阵营1 胜利,"司空震,诸葛亮,孙权,橘右京,西施","影,女娲,戈娅,韩信,空空儿"
西施,空空儿,2,阵营2 胜利,"老夫子,嬴政,元流之子(射手),镜,空空儿","司空震,诸葛亮,阿古朵,兰陵王,西施"
西施,空空儿,3,阵营1 胜利,"吕布,安琪拉,狄仁杰,裴擒虎,空空儿","司空震,嫦娥,公孙离,盘古,西施"
西施,空空儿,4,阵营2 胜利,"曹操,嫦娥,狄仁杰,兰陵王,西施","亚瑟,沈梦溪,蚩奼,曜,空空儿"
西施,空空儿,5,阵营1 胜利,"哪吒,嫦娥,蚩奼,影,西施","廉颇,海诺,后羿,盘古,空空儿"
西施,空空儿,6,阵营1 胜利,"达摩,海月,元流之子(射手),暃,空空儿","司空震,貂蝉,苍,梦奇,西施"
西施,空空儿,7,阵营2 胜利,"亚瑟,干将莫邪,元流之子(射手),暃,西施","元歌,杨玉环,戈娅,大司命,空空儿"
西施,空空儿,8,阵营1 胜利,"钟无艳,海诺,苍,孙悟空,西施","马超,嫦娥,敖隐,曜,空空儿"
西施,空空儿,9,阵营1 胜利,"狂铁,武则天,戈娅,兰陵王,空空儿","司空震,貂蝉,苍,镜,西施"
西施,空空儿,10,阵营2 胜利,"达摩,元流之子(法师),孙权,暃,空空儿","关羽,上官婉儿,元流之子(射手),裴擒虎,西施"
西施,空空儿,11,阵营1 胜利,"元歌,嫦娥,戈娅,裴擒虎,西施","夏洛特,大乔,公孙离,孙悟空,空空儿"
西施,空空儿,12,阵营1 胜利,"哪吒,大乔,蚩奼,云缨,西施","夏洛特,诸葛亮,后羿,镜,空空儿"
西施,空空儿,13,阵营1 胜利,"哪吒,甄姬,敖隐,雅典娜,空空儿","曹操,小乔,老夫子,元流之子(刺客),西施"
西施,空空儿,14,阵营2 胜利,"老夫子,嫦娥,敖隐,诸葛亮,西施","花木兰,貂蝉,元流之子(射手),露娜,空空儿"
西施,空空儿,15,阵营1 胜利,"梦奇,海月,元流之子(射手),韩信,空空儿","白起,沈梦溪,公孙离,司马懿,西施"
西施,空空儿,16,阵营1 胜利,"哪吒,墨子,元流之子(射手),雅典娜,西施","元歌,甄姬,虞姬,铠,空空儿"
西施,空空儿,17,阵营2 胜利,"猪八戒,女娲,艾琳,橘右京,西施","狂铁,海诺,敖隐,杨戬,空空儿"
西施,空空儿,18,阵营1 胜利,"狂铁,不知火舞,孙权,橘右京,空空儿","达摩,女娲,李信,裴擒虎,西施"
西施,空空儿,19,阵营2 胜利,"司空震,沈梦溪,戈娅,裴擒虎,空空儿","蚩奼,杨玉环,李信,曹操,西施"
西施,少司缘,1,阵营2 胜利,"司空震,海月,敖隐,露娜,西施","花木兰,大乔,孙权,云缨,少司缘"
西施,少司缘,2,阵营1 胜利,"马超,大乔,虞姬,百里玄策,少司缘","司空震,杨玉环,苍,孙悟空,西施"
西施,少司缘,3,阵营1 胜利,"杨戬,安琪拉,后羿,宫本武藏,少司缘","元歌,武则天,戈娅,大司命,西施"
西施,少司缘,4,阵营1 胜利,"蚩奼,上官婉儿,元流之子(射手),裴擒虎,西施","司空震,女娲,狄仁杰,元流之子(刺客),少司缘"
西施,少司缘,5,阵营2 胜利,"影,嫦娥,后羿,暃,少司缘","哪吒,上官婉儿,孙权,裴擒虎,西施"
西施,少司缘,6,阵营2 胜利,"哪吒,安琪拉,公孙离,典韦,少司缘","元歌,海月,蚩奼,百里玄策,西施"
西施,少司缘,7,阵营2 胜利,"司空震,甄姬,百里守约,诸葛亮,少司缘","杨戬,女娲,李信,云缨,西施"
西施,少司缘,8,阵营2 胜利,"狂铁,上官婉儿,元流之子(射手),镜,西施","哪吒,嫦娥,艾琳,裴擒虎,少司缘"
西施,少司缘,9,阵营1 胜利,"狂铁,大乔,孙权,诸葛亮,少司缘","孙策,小乔,苍,哪吒,西施"
西施,少司缘,10,阵营1 胜利,"元歌,嫦娥,孙尚香,韩信,西施","马超,杨玉环,艾琳,典韦,少司缘"
西施,少司缘,11,阵营2 胜利,"花木兰,海诺,元流之子(射手),裴擒虎,少司缘","狂铁,沈梦溪,戈娅,阿古朵,西施"
西施,少司缘,12,阵营1 胜利,"蒙恬,不知火舞,元流之子(射手),孙悟空,少司缘","狂铁,嫦娥,戈娅,韩信,西施"
西施,少司缘,13,阵营1 胜利,"马超,上官婉儿,敖隐,阿古朵,西施","花木兰,小乔,公孙离,裴擒虎,少司缘"
西施,少司缘,14,阵营1 胜利,"花木兰,沈梦溪,公孙离,裴擒虎,少司缘","哪吒,海月,苍,孙悟空,西施"
西施,少司缘,15,阵营1 胜利,"司空震,嫦娥,元流之子(射手),百里玄策,少司缘","夏洛特,女娲,戈娅,李元芳,西施"
西施,少司缘,16,阵营2 胜利,"影,沈梦溪,蚩奼,云缨,西施","曹操,不知火舞,艾琳,裴擒虎,少司缘"
西施,少司缘,17,阵营1 胜利,"花木兰,沈梦溪,艾琳,元流之子(刺客),少司缘","曹操,不知火舞,元流之子(射手),韩信,西施"
西施,少司缘,18,阵营2 胜利,"元歌,女娲,狄仁杰,云缨,少司缘","貂蝉,嫦娥,虞姬,猪八戒,西施"
西施,少司缘,19,阵营2 胜利,"蚩奼,甄姬,虞姬,李元芳,少司缘","哪吒,大乔,元流之子(射手),孙悟空,西施"
西施,元流之子(坦克),1,阵营2 胜利,"司空震,嫦娥,虞姬,镜,元流之子(坦克)","哪吒,貂蝉,蚩奼,李白,西施"
西施,元流之子(坦克),2,阵营2 胜利,"司空震,甄姬,公孙离,大司命,元流之子(坦克)","狂铁,小乔,蚩奼,马超,西施"
西施,元流之子(坦克),3,阵营1 胜利,"狂铁,貂蝉,虞姬,娜可露露,西施","马超,诸葛亮,艾琳,铠,元流之子(坦克)"
西施,元流之子(坦克),4,阵营2 胜利,"司空震,沈梦溪,元流之子(射手),夏侯惇,西施","姬小满,女娲,敖隐,哪吒,元流之子(坦克)"
西施,元流之子(坦克),5,阵营1 胜利,"哪吒,安琪拉,戈娅,暃,元流之子(坦克)","马超,嫦娥,蚩奼,元流之子(刺客),西施"
西施,元流之子(坦克),6,阵营2 胜利,"孙策,小乔,狄仁杰,暃,元流之子(坦克)","狂铁,沈梦溪,戈娅,韩信,西施"
西施,元流之子(坦克),7,阵营1 胜利,"曜,不知火舞,戈娅,雅典娜,元流之子(坦克)","曹操,嫦娥,公孙离,暃,西施"
西施,元流之子(辅助),1,阵营1 胜利,"影,沈梦溪,敖隐,司马懿,元流之子(辅助)","哪吒,嫦娥,百里守约,阿古朵,西施"
西施,元流之子(辅助),2,阵营2 胜利,"哪吒,嬴政,鲁班七号,镜,西施","夏洛特,海月,狄仁杰,铠,元流之子(辅助)"
西施,元流之子(辅助),3,阵营2 胜利,"蒙恬,不知火舞,敖隐,赵云,元流之子(辅助)","司空震,甄姬,元流之子(射手),韩信,西施"
西施,元流之子(辅助),4,阵营1 胜利,"夏洛特,沈梦溪,苍,裴擒虎,元流之子(辅助)","姬小满,不知火舞,蚩奼,宫本武藏,西施"
西施,元流之子(辅助),5,阵营1 胜利,"夏侯惇,嫦娥,敖隐,裴擒虎,元流之子(辅助)","狂铁,小乔,公孙离,娜可露露,西施"
西施,元流之子(辅助),6,阵营2 胜利,"蒙恬,嫦娥,蚩奼,韩信,元流之子(辅助)","司空震,武则天,李元芳,铠,西施"
西施,元流之子(辅助),7,阵营2 胜利,"哪吒,不知火舞,蚩奼,橘右京,西施","狂铁,诸葛亮,虞姬,裴擒虎,元流之子(辅助)"
西施,元流之子(辅助),8,阵营2 胜利,"夏洛特,弈星,狄仁杰,镜,元流之子(辅助)","元歌,沈梦溪,敖隐,盘古,西施"
西施,元流之子(辅助),9,阵营2 胜利,"曹操,弈星,公孙离,哪吒,西施","影,小乔,蚩奼,露娜,元流之子(辅助)"
西施,元流之子(辅助),10,阵营2 胜利,"芈月,大乔,元流之子(射手),镜,西施","狂铁,海月,公孙离,暃,元流之子(辅助)"
西施,元流之子(辅助),11,阵营2 胜利,"老夫子,诸葛亮,敖隐,阿古朵,元流之子(辅助)","狂铁,元流之子(射手),嫦娥,镜,西施"
西施,元流之子(辅助),12,阵营2 胜利,"梦奇,周瑜,敖隐,韩信,元流之子(辅助)","老夫子,元流之子(射手),武则天,雅典娜,西施"
西施,元流之子(辅助),13,阵营2 胜利,"狂铁,沈梦溪,戈娅,裴擒虎,西施","海诺,安琪拉,莱西奥,百里玄策,元流之子(辅助)"
西施,元流之子(辅助),14,阵营2 胜利,"关羽,小乔,李信,铠,西施","蒙恬,米莱狄,狄仁杰,镜,元流之子(辅助)"
西施,元流之子(辅助),15,阵营1 胜利,"狂铁,甄姬,百里守约,裴擒虎,元流之子(辅助)","元歌,杨玉环,李信,司马懿,西施"
西施,元流之子(辅助),16,阵营1 胜利,"影,武则天,狄仁杰,孙悟空,元流之子(辅助)","司空震,小乔,戈娅,裴擒虎,西施"
西施,元流之子(辅助),17,阵营1 胜利,"影,海诺,司空震,哪吒,西施","李信,干将莫邪,戈娅,露娜,元流之子(辅助)"
西施,元流之子(辅助),18,阵营1 胜利,"达摩,沈梦溪,蚩奼,典韦,元流之子(辅助)","司空震,太乙真人,元流之子(射手),韩信,西施"
西施,元流之子(辅助),19,阵营1 胜利,"影,沈梦溪,戈娅,曜,西施","老夫子,安琪拉,虞姬,韩信,元流之子(辅助)"
鲁班大师,桑启,1,阵营1 胜利,"司空震,诸葛亮,狄仁杰,韩信,桑启","元歌,不知火舞,元流之子(射手),赵云,鲁班大师"
鲁班大师,桑启,2,阵营1 胜利,"哪吒,沈梦溪,狄仁杰,李白,桑启","关羽,甄姬,元流之子(射手),阿古朵,鲁班大师"
鲁班大师,桑启,3,阵营2 胜利,"哪吒,女娲,敖隐,孙悟空,鲁班大师","孙策,杨玉环,元流之子(射手),裴擒虎,桑启"
鲁班大师,桑启,4,阵营1 胜利,"白起,女娲,元流之子(射手),裴擒虎,桑启","哪吒,沈梦溪,苍,铠,鲁班大师"
鲁班大师,桑启,5,阵营1 胜利,"司空震,嫦娥,敖隐,百里玄策,鲁班大师","关羽,戈娅,不知火舞,阿轲,桑启"
鲁班大师,桑启,6,阵营1 胜利,"曹操,武则天,孙权,铠,鲁班大师","老夫子,女娲,戈娅,马超,桑启"
鲁班大师,桑启,7,阵营2 胜利,"蚩奼,周瑜,敖隐,铠,桑启","花木兰,西施,元流之子(射手),马超,鲁班大师"
鲁班大师,桑启,8,阵营2 胜利,"猪八戒,武则天,伽罗,暃,桑启","夏洛特,杨玉环,戈娅,镜,鲁班大师"
鲁班大师,桑启,9,阵营1 胜利,"白起,西施,百里守约,马超,桑启","司空震,大乔,蚩奼,李元芳,鲁班大师"
鲁班大师,桑启,10,阵营1 胜利,"夏洛特,嫦娥,狄仁杰,元流之子(刺客),桑启","蒙恬,沈梦溪,鲁班七号,梦奇,鲁班大师"
鲁班大师,桑启,11,阵营2 胜利,"哪吒,不知火舞,元流之子(射手),诸葛亮,桑启","曹操,嬴政,敖隐,阿古朵,鲁班大师"
鲁班大师,桑启,12,阵营1 胜利,"芈月,武则天,鲁班七号,元流之子(刺客),桑启","曹操,女娲,元流之子(射手),韩信,鲁班大师"
鲁班大师,桑启,13,阵营2 胜利,"蒙恬,杨玉环,戈娅,铠,鲁班大师","狂铁,武则天,蚩奼,大司命,桑启"
鲁班大师,桑启,14,阵营1 胜利,"影,小乔,公孙离,司马懿,鲁班大师","老夫子,西施,元流之子(射手),裴擒虎,桑启"
鲁班大师,桑启,15,阵营1 胜利,"猪八戒,安琪拉,戈娅,百里玄策,桑启","关羽,武则天,百里守约,杨戬,鲁班大师"
鲁班大师,桑启,16,阵营1 胜利,"兰陵王,嫦娥,孙权,杨戬,桑启","关羽,海月,蚩奼,元流之子(刺客),鲁班大师"
鲁班大师,桑启,17,阵营1 胜利,"花木兰,貂蝉,敖隐,典韦,鲁班大师","芈月,大乔,苍,裴擒虎,桑启"
鲁班大师,桑启,18,阵营2 胜利,"司空震,甄姬,元流之子(射手),宫本武藏,桑启","花木兰,王昭君,虞姬,阿古朵,鲁班大师"
鲁班大师,桑启,19,阵营1 胜利,"孙策,海月,虞姬,马超,鲁班大师","狂铁,海诺,公孙离,娜可露露,桑启"
鲁班大师,赵怀真,1,阵营2 胜利,"白起,海诺,蚩奼,暃,鲁班大师","狂铁,甄姬,扁鹊,韩信,赵怀真"
鲁班大师,赵怀真,2,阵营2 胜利,"哪吒,女娲,蚩奼,镜,鲁班大师","关羽,沈梦溪,孙权,赵云,赵怀真"
鲁班大师,赵怀真,3,阵营2 胜利,"蚩奼,女娲,黄忠,韩信,鲁班大师","狂铁,不知火舞,戈娅,典韦,赵怀真"
鲁班大师,赵怀真,4,阵营1 胜利,"梦奇,海诺,鲁班七号,暃,赵怀真","影,嫦娥,元流之子(射手),大司命,鲁班大师"
鲁班大师,赵怀真,5,阵营2 胜利,"曹操,元流之子(法师),公孙离,兰陵王,鲁班大师","元歌,诸葛亮,元流之子(射手),赵云,赵怀真"
鲁班大师,赵怀真,6,阵营2 胜利,"司空震,沈梦溪,公孙离,裴擒虎,赵怀真","曹操,高渐离,戈娅,镜,鲁班大师"
鲁班大师,赵怀真,7,阵营1 胜利,"花木兰,武则天,元流之子(射手),暃,赵怀真","曹操,海月,孙权,司马懿,鲁班大师"
鲁班大师,赵怀真,8,阵营1 胜利,"亚瑟,沈梦溪,戈娅,镜,鲁班大师","夏洛特,嫦娥,蚩奼,暃,赵怀真"
鲁班大师,赵怀真,9,阵营2 胜利,"关羽,嫦娥,元流之子(射手),赵云,鲁班大师","哪吒,高渐离,戈娅,铠,赵怀真"
鲁班大师,赵怀真,10,阵营2 胜利,"花木兰,诸葛亮,元流之子(射手),铠,鲁班大师","廉颇,小乔,戈娅,暃,赵怀真"
鲁班大师,赵怀真,11,阵营1 胜利,"哪吒,武则天,戈娅,镜,赵怀真","关羽,嫦娥,元流之子(射手),马超,鲁班大师"
鲁班大师,赵怀真,12,阵营2 胜利,"孙悟空,不知火舞,元流之子(射手),盘古,赵怀真","花木兰,沈梦溪,蚩奼,马超,鲁班大师"
鲁班大师,赵怀真,13,阵营1 胜利,"芈月,不知火舞,敖隐,镜,鲁班大师","杨戬,诸葛亮,虞姬,典韦,赵怀真"
鲁班大师,赵怀真,14,阵营1 胜利,"狂铁,大乔,狄仁杰,元流之子(坦克),鲁班大师","亚瑟,女娲,戈娅,镜,赵怀真"
鲁班大师,赵怀真,15,阵营2 胜利,"哪吒,扁鹊,艾琳,曜,赵怀真","芈月,嫦娥,元流之子(射手),孙悟空,鲁班大师"
鲁班大师,赵怀真,16,阵营1 胜利,"狂铁,小乔,元流之子(射手),马超,赵怀真","蒙恬,沈梦溪,蚩奼,典韦,鲁班大师"
鲁班大师,赵怀真,17,阵营2 胜利,"影,甄姬,敖隐,盘古,鲁班大师","孙策,沈梦溪,后羿,曜,赵怀真"
鲁班大师,赵怀真,18,阵营2 胜利,"狂铁,妲己,戈娅,诸葛亮,鲁班大师","老夫子,女娲,蚩奼,元流之子(刺客),赵怀真"
鲁班大师,赵怀真,19,阵营2 胜利,"狂铁,武则天,元流之子(射手),裴擒虎,鲁班大师","关羽,女娲,公孙离,韩信,赵怀真"
鲁班大师,空空儿,1,阵营1 胜利,"老夫子,嫦娥,敖隐,元流之子(刺客),鲁班大师","关羽,沈梦溪,后羿,橘右京,空空儿"
鲁班大师,空空儿,2,阵营1 胜利,"司空震,武则天,蚩奼,云中君,空空儿","影,海诺,鲁班七号,镜,鲁班大师"
鲁班大师,空空儿,3,阵营2 胜利,"马超,嫦娥,李元芳,宫本武藏,空空儿","哪吒,米莱狄,鲁班七号,元流之子(刺客),鲁班大师"
鲁班大师,空空儿,4,阵营2 胜利,"不知火舞,虞姬,元歌,马超,空空儿","梦奇,海月,公孙离,裴擒虎,鲁班大师"
鲁班大师,空空儿,5,阵营2 胜利,"夏洛特,女娲,艾琳,镜,空空儿","元歌,西施,戈娅,娜可露露,鲁班大师"
鲁班大师,空空儿,6,阵营1 胜利,"夏洛特,沈梦溪,元流之子(射手),镜,空空儿","元歌,不知火舞,李信,阿古朵,鲁班大师"
鲁班大师,空空儿,7,阵营1 胜利,"蒙恬,嫦娥,元流之子(射手),百里玄策,鲁班大师","蚩奼,沈梦溪,戈娅,马超,空空儿"
鲁班大师,空空儿,8,阵营2 胜利,"孙策,武则天,元流之子(射手),韩信,鲁班大师","关羽,嫦娥,孙尚香,云缨,空空儿"
鲁班大师,空空儿,9,阵营1 胜利,"曹操,沈梦溪,虞姬,马超,空空儿","哪吒,甄姬,戈娅,裴擒虎,鲁班大师"
鲁班大师,空空儿,10,阵营1 胜利,"关羽,沈梦溪,狄仁杰,裴擒虎,空空儿","曹操,大乔,戈娅,杨戬,鲁班大师"
鲁班大师,空空儿,11,阵营1 胜利,"司空震,安琪拉,戈娅,橘右京,鲁班大师","杨戬,金蝉,苍,铠,空空儿"
鲁班大师,空空儿,12,阵营2 胜利,"元歌,沈梦溪,后羿,暃,鲁班大师","影,貂蝉,李信,司马懿,空空儿"
鲁班大师,空空儿,13,阵营2 胜利,"马超,沈梦溪,公孙离,赵云,空空儿","曹操,小乔,李信,盘古,鲁班大师"
鲁班大师,空空儿,14,阵营1 胜利,"关羽,诸葛亮,公孙离,暃,空空儿","元歌,杨玉环,鲁班七号,铠,鲁班大师"
鲁班大师,空空儿,15,阵营1 胜利,"影,西施,元流之子(射手),镜,鲁班大师","曹操,沈梦溪,蚩奼,裴擒虎,空空儿"
鲁班大师,空空儿,16,阵营2 胜利,"狂铁,元流之子(法师),艾琳,盘古,鲁班大师","亚连,海月,蚩奼,百里玄策,空空儿"
鲁班大师,空空儿,17,阵营2 胜利,"夏洛特,沈梦溪,敖隐,暃,鲁班大师","哪吒,貂蝉,公孙离,橘右京,空空儿"
鲁班大师,空空儿,18,阵营1 胜利,"姬小满,诸葛亮,戈娅,镜,空空儿","司空震,海月,元流之子(射手),韩信,鲁班大师"
鲁班大师,空空儿,19,阵营1 胜利,"司空震,沈梦溪,蒙犽,杨戬,空空儿","狂铁,司马懿,元流之子(射手),韩信,鲁班大师"
鲁班大师,少司缘,1,阵营1 胜利,"杨戬,女娲,狄仁杰,裴擒虎,鲁班大师","蒙恬,甄姬,百里守约,暃,少司缘"
鲁班大师,少司缘,2,阵营2 胜利,"蒙恬,大乔,敖隐,云缨,少司缘","吕布,西施,虞姬,李白,鲁班大师"
鲁班大师,少司缘,3,阵营1 胜利,"元歌,小乔,戈娅,宫本武藏,少司缘","蚩奼,不知火舞,元流之子(射手),云缨,鲁班大师"
鲁班大师,少司缘,4,阵营2 胜利,"狂铁,沈梦溪,黄忠,裴擒虎,鲁班大师","马超,安琪拉,公孙离,兰陵王,少司缘"
鲁班大师,少司缘,5,阵营1 胜利,"白起,嫦娥,元流之子(射手),李元芳,少司缘","孙策,杨玉环,蚩奼,影,鲁班大师"
鲁班大师,少司缘,6,阵营2 胜利,"关羽,貂蝉,戈娅,阿古朵,少司缘","狂铁,嫦娥,元流之子(射手),孙悟空,鲁班大师"
鲁班大师,少司缘,7,阵营2 胜利,"狂铁,小乔,公孙离,裴擒虎,少司缘","关羽,女娲,元流之子(射手),诸葛亮,鲁班大师"
鲁班大师,少司缘,8,阵营1 胜利,"花木兰,诸葛亮,艾琳,韩信,少司缘","关羽,不知火舞,阿古朵,橘右京,鲁班大师"
鲁班大师,少司缘,9,阵营1 胜利,"花木兰,不知火舞,元流之子(射手),马超,少司缘","哪吒,女娲,莱西奥,云缨,鲁班大师"
鲁班大师,少司缘,10,阵营2 胜利,"芈月,大乔,苍,裴擒虎,少司缘","哪吒,安琪拉,敖隐,司马懿,鲁班大师"
鲁班大师,少司缘,11,阵营2 胜利,"狂铁,上官婉儿,戈娅,阿轲,少司缘","元歌,西施,元流之子(射手),铠,鲁班大师"
鲁班大师,少司缘,12,阵营1 胜利,"关羽,不知火舞,李信,裴擒虎,鲁班大师","狂铁,大乔,蚩奼,橘右京,少司缘"
鲁班大师,少司缘,13,阵营1 胜利,"蒙恬,沈梦溪,敖隐,典韦,鲁班大师","狂铁,嫦娥,虞姬,大司命,少司缘"
鲁班大师,少司缘,14,阵营2 胜利,"兰陵王,海月,元流之子(射手),大司命,鲁班大师","元歌,小乔,虞姬,韩信,少司缘"
鲁班大师,少司缘,15,阵营2 胜利,"孙策,诸葛亮,元流之子(射手),裴擒虎,鲁班大师","曹操,大乔,李信,橘右京,少司缘"
鲁班大师,少司缘,16,阵营2 胜利,"司空震,王昭君,蚩奼,司马懿,鲁班大师","关羽,不知火舞,艾琳,大司命,少司缘"
鲁班大师,少司缘,17,阵营2 胜利,"孙策,张良,艾琳,百里玄策,鲁班大师","司空震,弈星,公孙离,云缨,少司缘"
鲁班大师,少司缘,18,阵营1 胜利,"哪吒,妲己,元流之子(射手),典韦,少司缘","夏洛特,大乔,蚩奼,阿轲,鲁班大师"
鲁班大师,少司缘,19,阵营1 胜利,"马超,甄姬,戈娅,阿古朵,鲁班大师","狂铁,周瑜,元流之子(射手),盘古,少司缘"
鲁班大师,元流之子(坦克),1,阵营1 胜利,"夏洛特,甄姬,戈娅,杨戬,元流之子(坦克)","蚩奼,嬴政,公孙离,裴擒虎,鲁班大师"
鲁班大师,元流之子(坦克),2,阵营2 胜利,"曹操,西施,蚩奼,暃,元流之子(坦克)","影,诸葛亮,虞姬,大司命,鲁班大师"
鲁班大师,元流之子(坦克),3,阵营2 胜利,"司空震,安琪拉,敖隐,元流之子(刺客),鲁班大师","狂铁,女娲,后羿,曹操,元流之子(坦克)"
鲁班大师,元流之子(坦克),4,阵营2 胜利,"蒙恬,女娲,元流之子(射手),孙悟空,鲁班大师","狂铁,海诺,虞姬,裴擒虎,元流之子(坦克)"
鲁班大师,元流之子(坦克),5,阵营2 胜利,"白起,干将莫邪,公孙离,橘右京,鲁班大师","达摩,女娲,蚩奼,司马懿,元流之子(坦克)"
鲁班大师,元流之子(坦克),6,阵营2 胜利,"影,沈梦溪,蒙犽,李元芳,元流之子(坦克)","元歌,甄姬,蚩奼,云缨,鲁班大师"
鲁班大师,元流之子(坦克),7,阵营1 胜利,"蚩奼,西施,戈娅,大司命,元流之子(坦克)","曹操,周瑜,狄仁杰,裴擒虎,鲁班大师"
鲁班大师,元流之子(坦克),8,阵营2 胜利,"哪吒,诸葛亮,蚩奼,马超,元流之子(坦克)","猪八戒,上官婉儿,公孙离,雅典娜,鲁班大师"
鲁班大师,元流之子(坦克),9,阵营1 胜利,"钟无艳,甄姬,孙尚香,典韦,元流之子(坦克)","杨戬,诸葛亮,元流之子(射手),裴擒虎,鲁班大师"
鲁班大师,元流之子(坦克),10,阵营1 胜利,"夏洛特,米莱狄,艾琳,镜,元流之子(坦克)","曹操,嬴政,蚩奼,诸葛亮,鲁班大师"
鲁班大师,元流之子(坦克),11,阵营1 胜利,"花木兰,公孙离,海月,李白,元流之子(坦克)","杨戬,女娲,狄仁杰,赵云,鲁班大师"
鲁班大师,元流之子(坦克),12,阵营1 胜利,"哪吒,嫦娥,蚩奼,李白,元流之子(坦克)","达摩,弈星,戈娅,裴擒虎,鲁班大师"
鲁班大师,元流之子(坦克),13,阵营1 胜利,"老夫子,沈梦溪,敖隐,李元芳,鲁班大师","亚瑟,不知火舞,公孙离,赵云,元流之子(坦克)"
鲁班大师,元流之子(坦克),14,阵营2 胜利,"老夫子,小乔,蒙犽,铠,元流之子(坦克)","吕布,弈星,鲁班七号,夏侯惇,鲁班大师"
鲁班大师,元流之子(坦克),15,阵营1 胜利,"司空震,海诺,公孙离,韩信,鲁班大师","元歌,小乔,孙权,阿古朵,元流之子(坦克)"
鲁班大师,元流之子(坦克),16,阵营2 胜利,"蒙恬,王昭君,鲁班七号,元流之子(刺客),鲁班大师","关羽,沈梦溪,狄仁杰,云中君,元流之子(坦克)"
鲁班大师,元流之子(坦克),17,阵营1 胜利,"老夫子,女娲,孙权,赵云,鲁班大师","关羽,小乔,蚩奼,云缨,元流之子(坦克)"
鲁班大师,元流之子(坦克),18,阵营1 胜利,"影,王昭君,元流之子(射手),暃,鲁班大师","狂铁,诸葛亮,戈娅,镜,元流之子(坦克)"
鲁班大师,元流之子(坦克),19,阵营2 胜利,,未集齐10人
鲁班大师,元流之子(辅助),1,阵营2 胜利,"元歌,沈梦溪,虞姬,镜,鲁班大师","夏洛特,小乔,公孙离,橘右京,元流之子(辅助)"
鲁班大师,元流之子(辅助),2,阵营2 胜利,"狂铁,杨玉环,虞姬,百里玄策,元流之子(辅助)","老夫子,女娲,狄仁杰,镜,鲁班大师"
鲁班大师,元流之子(辅助),3,阵营1 胜利,"元歌,小乔,敖隐,赵云,鲁班大师","哪吒,不知火舞,虞姬,云缨,元流之子(辅助)"
鲁班大师,元流之子(辅助),4,阵营2 胜利,,未集齐10人
鲁班大师,元流之子(辅助),5,阵营1 胜利,"狂铁,小乔,孙权,韩信,元流之子(辅助)","司空震,沈梦溪,蚩奼,镜,鲁班大师"
鲁班大师,元流之子(辅助),6,阵营2 胜利,"狂铁,嬴政,虞姬,暃,元流之子(辅助)","程咬金,高渐离,蚩奼,哪吒,鲁班大师"
鲁班大师,元流之子(辅助),7,阵营1 胜利,"老夫子,元流之子(法师),孙权,孙悟空,鲁班大师","狂铁,不知火舞,敖隐,司马懿,元流之子(辅助)"
鲁班大师,元流之子(辅助),8,阵营2 胜利,"亚瑟,甄姬,元流之子(射手),诸葛亮,鲁班大师","老夫子,武则天,艾琳,阿轲,元流之子(辅助)"
鲁班大师,元流之子(辅助),9,阵营1 胜利,"关羽,沈梦溪,艾琳,镜,元流之子(辅助)","夏洛特,嫦娥,蚩奼,裴擒虎,鲁班大师"
鲁班大师,元流之子(辅助),10,阵营2 胜利,"曹操,甄姬,艾琳,马超,元流之子(辅助)","司空震,高渐离,蚩奼,裴擒虎,鲁班大师"
鲁班大师,元流之子(辅助),11,阵营1 胜利,"蒙恬,武则天,敖隐,裴擒虎,鲁班大师","哪吒,周瑜,百里守约,韩信,元流之子(辅助)"
鲁班大师,元流之子(辅助),12,阵营2 胜利,"孙策,嫦娥,司空震,孙悟空,元流之子(辅助)","兰陵王,海月,戈娅,哪吒,鲁班大师"
鲁班大师,元流之子(辅助),13,阵营1 胜利,"影,女娲,公孙离,镜,鲁班大师","曹操,武则天,艾琳,诸葛亮,元流之子(辅助)"
鲁班大师,元流之子(辅助),14,阵营1 胜利,"狂铁,武则天,敖隐,诸葛亮,元流之子(辅助)","女娲,元歌,虞姬,暃,鲁班大师"
鲁班大师,元流之子(辅助),15,阵营2 胜利,"吕布,小乔,艾琳,暃,元流之子(辅助)","狂铁,沈梦溪,苍,宫本武藏,鲁班大师"
鲁班大师,元流之子(辅助),16,阵营2 胜利,"白起,沈梦溪,元流之子(射手),杨戬,鲁班大师","钟无艳,甄姬,苍,韩信,元流之子(辅助)"
鲁班大师,元流之子(辅助),17,阵营2 胜利,"兰陵王,沈梦溪,蚩奼,马超,鲁班大师","元歌,不知火舞,艾琳,铠,元流之子(辅助)"
鲁班大师,元流之子(辅助),18,阵营2 胜利,"姬小满,诸葛亮,元流之子(射手),阿轲,鲁班大师","元歌,女娲,虞姬,阿古朵,元流之子(辅助)"
鲁班大师,元流之子(辅助),19,阵营1 胜利,"哪吒,嫦娥,狄仁杰,裴擒虎,元流之子(辅助)","曜,小乔,蚩奼,韩信,鲁班大师"
桑启,赵怀真,1,阵营1 胜利,"哪吒,貂蝉,敖隐,梦奇,桑启","蚩奼,海月,孙权,裴擒虎,赵怀真"
桑启,赵怀真,2,阵营2 胜利,"老夫子,女娲,公孙离,阿古朵,赵怀真","狂铁,沈梦溪,元流之子(射手),暃,桑启"
桑启,赵怀真,3,阵营1 胜利,"狂铁,沈梦溪,元歌,裴擒虎,赵怀真","老夫子,女娲,蚩奼,百里玄策,桑启"
桑启,赵怀真,4,阵营2 胜利,"司空震,小乔,孙尚香,马超,赵怀真","廉颇,嫦娥,百里守约,赵云,桑启"
桑启,赵怀真,5,阵营2 胜利,"钟无艳,高渐离,敖隐,暃,赵怀真","哪吒,沈梦溪,虞姬,元流之子(刺客),桑启"
桑启,赵怀真,6,阵营2 胜利,"白起,不知火舞,元流之子(射手),云缨,赵怀真","哪吒,沈梦溪,蚩奼,韩信,桑启"
桑启,赵怀真,7,阵营2 胜利,"司空震,不知火舞,元歌,宫本武藏,桑启","梦奇,沈梦溪,元流之子(射手),裴擒虎,赵怀真"
桑启,赵怀真,8,阵营2 胜利,"曹操,沈梦溪,李信,百里玄策,赵怀真","蒙恬,小乔,蚩奼,阿古朵,桑启"
桑启,赵怀真,9,阵营1 胜利,"马超,小乔,李信,百里玄策,桑启","曹操,海诺,孙权,裴擒虎,赵怀真"
桑启,赵怀真,10,阵营1 胜利,"马超,弈星,元流之子(射手),典韦,赵怀真","影,武则天,虞姬,孙悟空,桑启"
桑启,赵怀真,11,阵营1 胜利,"狂铁,不知火舞,敖隐,孙悟空,桑启","蚩奼,沈梦溪,虞姬,暃,赵怀真"
桑启,赵怀真,12,阵营1 胜利,"兰陵王,貂蝉,元流之子(射手),裴擒虎,赵怀真","元歌,扁鹊,艾琳,橘右京,桑启"
桑启,赵怀真,13,阵营1 胜利,"老夫子,嫦娥,敖隐,云缨,桑启","夏洛特,沈梦溪,虞姬,大司命,赵怀真"
桑启,赵怀真,14,阵营1 胜利,"曹操,姜子牙,敖隐,马超,赵怀真","元歌,小乔,公孙离,司马懿,桑启"
桑启,赵怀真,15,阵营2 胜利,"狂铁,甄姬,后羿,孙悟空,桑启","花木兰,沈梦溪,公孙离,赵云,赵怀真"
桑启,赵怀真,16,阵营2 胜利,"杨戬,沈梦溪,百里守约,孙悟空,赵怀真","元歌,小乔,元流之子(射手),铠,桑启"
桑启,赵怀真,17,阵营2 胜利,"狂铁,诸葛亮,艾琳,哪吒,桑启","兰陵王,大乔,李信,裴擒虎,赵怀真"
桑启,赵怀真,18,阵营1 胜利,"曹操,海月,李信,镜,桑启","曜,金蝉,戈娅,裴擒虎,赵怀真"
桑启,赵怀真,19,阵营2 胜利,"影,高渐离,公孙离,裴擒虎,赵怀真","蒙恬,女娲,元流之子(射手),娜可露露,桑启"
桑启,空空儿,1,阵营2 胜利,"花木兰,沈梦溪,蚩奼,盘古,桑启","蒙恬,弈星,狄仁杰,云中君,空空儿"
桑启,空空儿,2,阵营1 胜利,"哪吒,高渐离,虞姬,雅典娜,桑启","司空震,嫦娥,蚩奼,百里玄策,空空儿"
桑启,空空儿,3,阵营2 胜利,"元歌,女娲,元流之子(射手),阿古朵,桑启","夏洛特,上官婉儿,李信,裴擒虎,空空儿"
桑启,空空儿,4,阵营1 胜利,"杨戬,不知火舞,蚩奼,马超,空空儿","影,杨玉环,公孙离,宫本武藏,桑启"
桑启,空空儿,5,阵营2 胜利,"马超,海月,虞姬,孙悟空,桑启","狂铁,不知火舞,孙权,裴擒虎,空空儿"
桑启,空空儿,6,阵营1 胜利,"元歌,西施,元流之子(射手),诸葛亮,空空儿","狂铁,嫦娥,公孙离,宫本武藏,桑启"
桑启,空空儿,7,阵营2 胜利,"蒙恬,元流之子(法师),公孙离,阿古朵,空空儿","狂铁,沈梦溪,李信,云缨,桑启"
桑启,空空儿,8,阵营2 胜利,"曹操,沈梦溪,戈娅,裴擒虎,桑启","孙悟空,诸葛亮,蚩奼,澜,空空儿"
桑启,空空儿,9,阵营2 胜利,"夏洛特,嫦娥,敖隐,诸葛亮,空空儿","影,西施,元流之子(射手),赵云,桑启"
桑启,空空儿,10,阵营1 胜利,"元歌,沈梦溪,孙权,裴擒虎,空空儿","狂铁,女娲,元流之子(射手),露娜,桑启"
桑启,空空儿,11,阵营2 胜利,"亚瑟,嫦娥,李信,孙悟空,桑启","杨戬,女娲,元流之子(射手),司空震,空空儿"
桑启,空空儿,12,阵营1 胜利,"蒙恬,沈梦溪,李信,暃,空空儿","狂铁,不知火舞,元流之子(射手),雅典娜,桑启"
桑启,空空儿,13,阵营1 胜利,"狂铁,高渐离,公孙离,马超,空空儿","老夫子,沈梦溪,鲁班七号,裴擒虎,桑启"
桑启,空空儿,14,阵营2 胜利,"蚩奼,小乔,百里守约,铠,桑启","影,海月,元流之子(射手),赵云,空空儿"
桑启,空空儿,15,阵营2 胜利,"孙策,海诺,元流之子(射手),裴擒虎,桑启","夏洛特,小乔,蚩奼,韩信,空空儿"
桑启,空空儿,16,阵营2 胜利,"关羽,沈梦溪,蚩奼,裴擒虎,空空儿","姬小满,海诺,戈娅,百里玄策,桑启"
桑启,空空儿,17,阵营1 胜利,"马超,不知火舞,蚩奼,韩信,桑启","司空震,大乔,公孙离,云缨,空空儿"
桑启,空空儿,18,阵营2 胜利,"元歌,小乔,敖隐,镜,空空儿","影,不知火舞,虞姬,雅典娜,桑启"
桑启,空空儿,19,阵营2 胜利,"花木兰,小乔,百里守约,韩信,空空儿","司空震,嫦娥,戈娅,云缨,桑启"
桑启,少司缘,1,阵营2 胜利,"元歌,貂蝉,蚩奼,云缨,少司缘","影,沈梦溪,戈娅,韩信,桑启"
桑启,少司缘,2,阵营1 胜利,"哪吒,杨玉环,李信,司空震,少司缘","芈月,海诺,公孙离,元流之子(刺客),桑启"
桑启,少司缘,3,阵营2 胜利,"哪吒,小乔,李信,雅典娜,桑启","芈月,沈梦溪,苍,孙悟空,少司缘"
桑启,少司缘,4,阵营1 胜利,"司空震,沈梦溪,孙尚香,盘古,少司缘","关羽,周瑜,公孙离,镜,桑启"
桑启,少司缘,5,阵营1 胜利,"曹操,武则天,艾琳,暃,少司缘","关羽,弈星,戈娅,诸葛亮,桑启"
桑启,少司缘,6,阵营1 胜利,"狂铁,西施,苍,雅典娜,少司缘","夏洛特,女娲,戈娅,李白,桑启"
桑启,少司缘,7,阵营2 胜利,"狂铁,干将莫邪,苍,裴擒虎,少司缘","司空震,嫦娥,元流之子(射手),暃,桑启"
桑启,少司缘,8,阵营2 胜利,"蒙恬,甄姬,敖隐,马超,少司缘","狂铁,沈梦溪,公孙离,露娜,桑启"
桑启,少司缘,9,阵营2 胜利,"夏洛特,大乔,蚩奼,裴擒虎,少司缘","元歌,小乔,公孙离,韩信,桑启"
桑启,少司缘,10,阵营2 胜利,"狂铁,海月,元流之子(射手),阿轲,桑启","马超,不知火舞,百里守约,盘古,少司缘"
桑启,少司缘,11,阵营2 胜利,"亚瑟,上官婉儿,孙权,澜,桑启","司空震,女娲,戈娅,暃,少司缘"
桑启,少司缘,12,阵营2 胜利,"马超,海诺,后羿,暃,桑启","影,姜子牙,元流之子(射手),露娜,少司缘"
桑启,少司缘,13,阵营1 胜利,"花木兰,海诺,孙权,云缨,少司缘","项羽,武则天,元流之子(射手),孙悟空,桑启"
桑启,少司缘,14,阵营1 胜利,"狂铁,海月,蚩奼,铠,少司缘","老夫子,嫦娥,公孙离,橘右京,桑启"
桑启,少司缘,15,阵营1 胜利,"影,弈星,戈娅,镜,少司缘","哪吒,女娲,蚩奼,孙悟空,桑启"
桑启,少司缘,16,阵营2 胜利,"蒙恬,上官婉儿,蚩奼,孙悟空,少司缘","老夫子,武则天,李信,哪吒,桑启"
桑启,少司缘,17,阵营1 胜利,"影,沈梦溪,蚩奼,裴擒虎,少司缘","老夫子,不知火舞,元流之子(射手),百里玄策,桑启"
桑启,少司缘,18,阵营2 胜利,"马超,嫦娥,马可波罗,橘右京,少司缘","曹操,高渐离,艾琳,镜,桑启"
桑启,少司缘,19,阵营1 胜利,"老夫子,西施,李信,韩信,少司缘","孙策,不知火舞,元流之子(射手),铠,桑启"
桑启,元流之子(坦克),1,阵营1 胜利,"影,海月,虞姬,暃,元流之子(坦克)","梦奇,安琪拉,敖隐,马超,桑启"
桑启,元流之子(坦克),2,阵营2 胜利,"司空震,上官婉儿,虞姬,露娜,元流之子(坦克)","哪吒,姜子牙,戈娅,阿古朵,桑启"
桑启,元流之子(坦克),3,阵营1 胜利,"姬小满,嫦娥,苍,裴擒虎,元流之子(坦克)","孙策,女娲,元流之子(射手),镜,桑启"
桑启,元流之子(坦克),4,阵营2 胜利,"司空震,沈梦溪,莱西奥,哪吒,桑启","曹操,嬴政,蚩奼,李元芳,元流之子(坦克)"
桑启,元流之子(坦克),5,阵营2 胜利,"花木兰,嫦娥,蚩奼,典韦,元流之子(坦克)","司空震,甄姬,元流之子(射手),韩信,桑启"
桑启,元流之子(坦克),6,阵营1 胜利,"钟无艳,弈星,后羿,镜,桑启","狂铁,大乔,蚩奼,暃,元流之子(坦克)"
桑启,元流之子(坦克),7,阵营2 胜利,"曹操,杨玉环,戈娅,杨戬,元流之子(坦克)","蚩奼,小乔,李信,裴擒虎,桑启"
桑启,元流之子(坦克),8,阵营1 胜利,"蒙恬,元流之子(法师),鲁班七号,韩信,桑启","哪吒,貂蝉,苍,赵云,元流之子(坦克)"
桑启,元流之子(坦克),9,阵营1 胜利,"程咬金,沈梦溪,戈娅,刘备,桑启","元歌,嫦娥,蚩奼,橘右京,元流之子(坦克)"
桑启,元流之子(坦克),10,阵营1 胜利,"东皇太一,金蝉,戈娅,赵云,桑启","达摩,姜子牙,蒙犽,裴擒虎,元流之子(坦克)"
桑启,元流之子(坦克),11,阵营1 胜利,"司空震,高渐离,虞姬,雅典娜,元流之子(坦克)","哪吒,女娲,公孙离,大司命,桑启"
桑启,元流之子(坦克),12,阵营2 胜利,"元歌,小乔,孙权,赵云,桑启","蒙恬,不知火舞,李信,裴擒虎,元流之子(坦克)"
桑启,元流之子(坦克),13,阵营2 胜利,"狂铁,沈梦溪,戈娅,露娜,元流之子(坦克)","蒙恬,嫦娥,后羿,云缨,桑启"
桑启,元流之子(坦克),14,阵营1 胜利,"哪吒,海诺,戈娅,裴擒虎,桑启","司空震,沈梦溪,孙权,暃,元流之子(坦克)"
桑启,元流之子(坦克),15,阵营2 胜利,"廉颇,干将莫邪,元流之子(射手),裴擒虎,桑启","蒙恬,女娲,后羿,宫本武藏,元流之子(坦克)"
桑启,元流之子(坦克),16,阵营1 胜利,"影,沈梦溪,鲁班七号,韩信,元流之子(坦克)","司空震,诸葛亮,公孙离,马超,桑启"
桑启,元流之子(坦克),17,阵营2 胜利,"元歌,嫦娥,敖隐,铠,桑启","曹操,诸葛亮,狄仁杰,梦奇,元流之子(坦克)"
桑启,元流之子(坦克),18,阵营2 胜利,"哪吒,女娲,元流之子(射手),孙悟空,桑启","曹操,小乔,虞姬,露娜,元流之子(坦克)"
桑启,元流之子(坦克),19,阵营1 胜利,"达摩,不知火舞,马可波罗,马超,桑启","影,诸葛亮,戈娅,裴擒虎,元流之子(坦克)"
桑启,元流之子(辅助),1,阵营2 胜利,,未集齐10人
桑启,元流之子(辅助),2,阵营1 胜利,"姬小满,小乔,公孙离,韩信,元流之子(辅助)","关羽,嫦娥,元流之子(射手),猪八戒,桑启"
桑启,元流之子(辅助),3,阵营1 胜利,"盘古,海月,李元芳,孙悟空,桑启","关羽,小乔,公孙离,裴擒虎,元流之子(辅助)"
桑启,元流之子(辅助),4,阵营2 胜利,"蒙恬,貂蝉,公孙离,裴擒虎,桑启","关羽,武则天,艾琳,镜,元流之子(辅助)"
桑启,元流之子(辅助),5,阵营1 胜利,"曹操,大乔,蚩奼,李白,桑启","元歌,女娲,戈娅,韩信,元流之子(辅助)"
桑启,元流之子(辅助),6,阵营1 胜利,"狂铁,沈梦溪,公孙离,暃,桑启","白起,女娲,李信,阿古朵,元流之子(辅助)"
桑启,元流之子(辅助),7,阵营1 胜利,"司空震,不知火舞,苍,百里玄策,元流之子(辅助)","马超,嫦娥,蚩奼,韩信,桑启"
桑启,元流之子(辅助),8,阵营2 胜利,"蒙恬,武则天,敖隐,宫本武藏,桑启","老夫子,沈梦溪,狄仁杰,云缨,元流之子(辅助)"
桑启,元流之子(辅助),9,阵营1 胜利,"元歌,貂蝉,元流之子(射手),裴擒虎,桑启","影,诸葛亮,蚩奼,橘右京,元流之子(辅助)"
桑启,元流之子(辅助),10,阵营1 胜利,"夏洛特,武则天,艾琳,暃,元流之子(辅助)","狂铁,大乔,孙权,李白,桑启"
桑启,元流之子(辅助),11,阵营1 胜利,"项羽,嬴政,孙权,裴擒虎,桑启","老夫子,不知火舞,狄仁杰,澜,元流之子(辅助)"
桑启,元流之子(辅助),12,阵营2 胜利,"关羽,嫦娥,艾琳,韩信,桑启","钟无艳,沈梦溪,虞姬,裴擒虎,元流之子(辅助)"
桑启,元流之子(辅助),13,阵营2 胜利,"影,西施,李信,阿古朵,元流之子(辅助)","蚩奼,小乔,孙权,铠,桑启"
桑启,元流之子(辅助),14,阵营1 胜利,"司空震,嫦娥,狄仁杰,孙悟空,元流之子(辅助)","哪吒,诸葛亮,李信,韩信,桑启"
桑启,元流之子(辅助),15,阵营2 胜利,"曹操,嫦娥,狄仁杰,裴擒虎,元流之子(辅助)","花木兰,沈梦溪,老夫子,诸葛亮,桑启"
桑启,元流之子(辅助),16,阵营2 胜利,"夏洛特,墨子,戈娅,裴擒虎,桑启","狂铁,扁鹊,莱西奥,橘右京,元流之子(辅助)"
桑启,元流之子(辅助),17,阵营2 胜利,"老夫子,海月,元流之子(射手),典韦,桑启","姬小满,海诺,蒙犽,百里玄策,元流之子(辅助)"
桑启,元流之子(辅助),18,阵营2 胜利,"钟无艳,杨玉环,蚩奼,宫本武藏,元流之子(辅助)","影,貂蝉,戈娅,雅典娜,桑启"
桑启,元流之子(辅助),19,阵营2 胜利,"司空震,诸葛亮,公孙离,影,元流之子(辅助)","花木兰,貂蝉,戈娅,暃,桑启"
赵怀真,空空儿,1,阵营2 胜利,"马超,嫦娥,蚩奼,铠,赵怀真","元歌,西施,苍,孙悟空,空空儿"
赵怀真,空空儿,2,阵营2 胜利,"老夫子,沈梦溪,公孙离,孙悟空,赵怀真","司空震,女娲,蚩奼,诸葛亮,空空儿"
赵怀真,空空儿,3,阵营1 胜利,"狂铁,嫦娥,百里守约,马超,空空儿","老夫子,海月,元流之子(射手),孙悟空,赵怀真"
赵怀真,空空儿,4,阵营2 胜利,"孙策,沈梦溪,蚩奼,孙悟空,赵怀真","狂铁,海诺,戈娅,暃,空空儿"
赵怀真,空空儿,5,阵营2 胜利,"元歌,弈星,后羿,裴擒虎,空空儿","夏侯惇,嫦娥,戈娅,兰陵王,赵怀真"
赵怀真,空空儿,6,阵营2 胜利,"花木兰,海月,蚩奼,典韦,赵怀真","梦奇,西施,元流之子(射手),娜可露露,空空儿"
赵怀真,空空儿,7,阵营1 胜利,"狂铁,沈梦溪,鲁班七号,橘右京,赵怀真","花木兰,女娲,苍,孙悟空,空空儿"
赵怀真,空空儿,8,阵营2 胜利,"夏洛特,嬴政,元流之子(射手),影,赵怀真","孙策,嫦娥,蚩奼,李白,空空儿"
赵怀真,空空儿,9,阵营2 胜利,"花木兰,海月,苍,杨戬,赵怀真","关羽,大乔,元流之子(射手),裴擒虎,空空儿"
赵怀真,空空儿,10,阵营2 胜利,"影,大乔,敖隐,大司命,空空儿","司空震,貂蝉,李信,刘备,赵怀真"
赵怀真,空空儿,11,阵营2 胜利,"亚连,诸葛亮,蚩奼,裴擒虎,空空儿","亚瑟,海诺,公孙离,元流之子(刺客),赵怀真"
赵怀真,空空儿,12,阵营1 胜利,"影,嫦娥,元流之子(射手),裴擒虎,赵怀真","姬小满,沈梦溪,李信,杨戬,空空儿"
赵怀真,空空儿,13,阵营2 胜利,"芈月,海月,元流之子(射手),镜,赵怀真","关羽,武则天,公孙离,大司命,空空儿"
赵怀真,空空儿,14,阵营2 胜利,"蚩奼,甄姬,莱西奥,裴擒虎,赵怀真","曹操,王昭君,元流之子(射手),云缨,空空儿"
赵怀真,空空儿,15,阵营1 胜利,"哪吒,安琪拉,蚩奼,李白,空空儿","花木兰,金蝉,孙权,韩信,赵怀真"
赵怀真,空空儿,16,阵营2 胜利,"哪吒,沈梦溪,李信,韩信,空空儿","杨戬,杨玉环,苍,蚩奼,赵怀真"
赵怀真,空空儿,17,阵营2 胜利,"元流之子(坦克),海月,公孙离,镜,空空儿","狂铁,高渐离,元流之子(射手),典韦,赵怀真"
赵怀真,空空儿,18,阵营1 胜利,"影,沈梦溪,元流之子(射手),梦奇,赵怀真","曹操,嫦娥,戈娅,云中君,空空儿"
赵怀真,空空儿,19,阵营1 胜利,"影,嫦娥,后羿,盘古,赵怀真","马超,不知火舞,蚩奼,阿古朵,空空儿"
赵怀真,少司缘,1,阵营1 胜利,"狂铁,嬴政,敖隐,阿古朵,少司缘","白起,上官婉儿,戈娅,暃,赵怀真"
赵怀真,少司缘,2,阵营1 胜利,"哪吒,诸葛亮,苍,百里玄策,赵怀真","老夫子,海诺,戈娅,镜,少司缘"
赵怀真,少司缘,3,阵营1 胜利,"哪吒,小乔,元流之子(射手),李白,少司缘","关羽,女娲,伽罗,嫦娥,赵怀真"
赵怀真,少司缘,4,阵营2 胜利,"关羽,干将莫邪,虞姬,兰陵王,少司缘","老夫子,嫦娥,公孙离,孙悟空,赵怀真"
赵怀真,少司缘,5,阵营2 胜利,"夏侯惇,沈梦溪,黄忠,阿轲,少司缘","影,女娲,元流之子(射手),澜,赵怀真"
赵怀真,少司缘,6,阵营1 胜利,"花木兰,海诺,敖隐,裴擒虎,少司缘","曹操,大乔,元流之子(射手),阿古朵,赵怀真"
赵怀真,少司缘,7,阵营2 胜利,"元歌,干将莫邪,元流之子(射手),暃,赵怀真","影,诸葛亮,戈娅,镜,少司缘"
赵怀真,少司缘,8,阵营2 胜利,"达摩,女娲,狄仁杰,橘右京,少司缘","狂铁,海月,戈娅,裴擒虎,赵怀真"
赵怀真,少司缘,9,阵营1 胜利,"元歌,武则天,元流之子(射手),裴擒虎,赵怀真","钟无艳,女娲,艾琳,孙悟空,少司缘"
赵怀真,少司缘,10,阵营2 胜利,"蒙恬,安琪拉,蚩奼,李白,少司缘","马超,嫦娥,元流之子(射手),芈月,赵怀真"
赵怀真,少司缘,11,阵营1 胜利,"白起,大乔,孙尚香,暃,赵怀真","曹操,王昭君,元流之子(射手),典韦,少司缘"
赵怀真,少司缘,12,阵营1 胜利,"元歌,诸葛亮,莱西奥,宫本武藏,少司缘","廉颇,妲己,艾琳,云中君,赵怀真"
赵怀真,少司缘,13,阵营1 胜利,"影,沈梦溪,李信,橘右京,赵怀真","梦奇,女娲,蚩奼,韩信,少司缘"
赵怀真,少司缘,14,阵营2 胜利,"老夫子,小乔,孙尚香,铠,少司缘","兰陵王,弈星,李信,杨戬,赵怀真"
赵怀真,少司缘,15,阵营1 胜利,"哪吒,嫦娥,蚩奼,露娜,赵怀真","影,女娲,后羿,橘右京,少司缘"
赵怀真,少司缘,16,阵营2 胜利,"影,诸葛亮,虞姬,大司命,少司缘","司空震,嫦娥,元流之子(射手),宫本武藏,赵怀真"
赵怀真,少司缘,17,阵营1 胜利,"项羽,沈梦溪,戈娅,暃,赵怀真,孙策,安琪拉,阿古朵,少司缘",未集齐10人
赵怀真,少司缘,18,阵营1 胜利,"嫦娥,后羿,裴擒虎,少司缘,狂铁,沈梦溪,公孙离,阿古朵,赵怀真",未集齐10人
赵怀真,少司缘,19,阵营2 胜利,"关羽,西施,公孙离,裴擒虎,少司缘","老夫子,貂蝉,孙权,阿古朵,赵怀真"
赵怀真,元流之子(坦克),1,阵营2 胜利,"曹操,诸葛亮,鲁班七号,暃,元流之子(坦克)","钟无艳,安琪拉,元流之子(射手),铠,赵怀真"
赵怀真,元流之子(坦克),2,阵营2 胜利,"蚩奼,嫦娥,戈娅,马超,赵怀真","貂蝉,张良,艾琳,百里玄策,元流之子(坦克)"
赵怀真,元流之子(坦克),3,阵营2 胜利,"姬小满,女娲,虞姬,赵怀真,马超,沈梦溪,戈娅,云缨,元流之子(坦克)",未集齐10人
赵怀真,元流之子(坦克),4,阵营2 胜利,"元歌,弈星,苍,马超,赵怀真","白起,沈梦溪,蚩奼,裴擒虎,元流之子(坦克)"
赵怀真,元流之子(坦克),5,阵营1 胜利,"司空震,嫦娥,敖隐,暃,元流之子(坦克)","哪吒,不知火舞,公孙离,云中君,赵怀真"
赵怀真,元流之子(坦克),6,阵营2 胜利,"关羽,沈梦溪,敖隐,澜,赵怀真","曹操,高渐离,虞姬,孙悟空,元流之子(坦克)"
赵怀真,元流之子(坦克),7,阵营1 胜利,"狂铁,武则天,百里守约,司马懿,元流之子(坦克)","杨戬,元流之子(法师),后羿,裴擒虎,赵怀真"
赵怀真,元流之子(坦克),8,阵营2 胜利,"花木兰,干将莫邪,公孙离,橘右京,元流之子(坦克)","夏洛特,女娲,元流之子(射手),韩信,赵怀真"
赵怀真,元流之子(坦克),9,阵营1 胜利,"影,诸葛亮,公孙离,阿古朵,赵怀真","元歌,甄姬,伽罗,橘右京,元流之子(坦克)"
赵怀真,元流之子(坦克),10,阵营2 胜利,"夏洛特,金蝉,司空震,阿轲,元流之子(坦克)","狂铁,不知火舞,敖隐,韩信,赵怀真"
赵怀真,元流之子(坦克),11,阵营2 胜利,"哪吒,甄姬,元流之子(射手),马超,赵怀真","司空震,西施,虞姬,李元芳,元流之子(坦克)"
赵怀真,元流之子(坦克),12,阵营1 胜利,"盘古,不知火舞,敖隐,百里玄策,赵怀真","哪吒,诸葛亮,公孙离,孙悟空,元流之子(坦克)"
赵怀真,元流之子(坦克),13,阵营1 胜利,"马超,不知火舞,莱西奥,阿古朵,元流之子(坦克)","亚瑟,诸葛亮,敖隐,元流之子(刺客),赵怀真"
赵怀真,元流之子(坦克),14,阵营1 胜利,"项羽,嫦娥,蚩奼,司马懿,元流之子(坦克)","雅典娜,不知火舞,公孙离,铠,赵怀真"
赵怀真,元流之子(坦克),15,阵营2 胜利,"关羽,女娲,百里守约,宫本武藏,元流之子(坦克)","老夫子,甄姬,戈娅,阿轲,赵怀真"
赵怀真,元流之子(坦克),16,阵营2 胜利,"达摩,安琪拉,莱西奥,马超,赵怀真","司空震,杨玉环,艾琳,裴擒虎,元流之子(坦克)"
赵怀真,元流之子(坦克),17,阵营1 胜利,"蚩奼,小乔,戈娅,盘古,赵怀真","芈月,武则天,苍,镜,元流之子(坦克)"
赵怀真,元流之子(坦克),18,阵营1 胜利,"影,诸葛亮,司空震,司马懿,元流之子(坦克)","老夫子,安琪拉,蚩奼,李白,赵怀真"
赵怀真,元流之子(坦克),19,阵营1 胜利,"哪吒,貂蝉,苍,马超,赵怀真","影,杨玉环,戈娅,蚩奼,元流之子(坦克)"
赵怀真,元流之子(辅助),1,阵营1 胜利,"狂铁,海诺,李信,裴擒虎,赵怀真","达摩,嬴政,扁鹊,暃,元流之子(辅助)"
赵怀真,元流之子(辅助),2,阵营1 胜利,"狂铁,小乔,虞姬,裴擒虎,元流之子(辅助)","司空震,嫦娥,蚩奼,马超,赵怀真"
赵怀真,元流之子(辅助),3,阵营1 胜利,"花木兰,嫦娥,后羿,云缨,赵怀真","夏洛特,武则天,虞姬,雅典娜,元流之子(辅助)"
赵怀真,元流之子(辅助),4,阵营1 胜利,"孙策,嫦娥,虞姬,兰陵王,元流之子(辅助)","司空震,海诺,孙尚香,雅典娜,赵怀真"
赵怀真,元流之子(辅助),5,阵营1 胜利,"白起,大乔,孙尚香,诸葛亮,元流之子(辅助)","司空震,弈星,蚩奼,百里玄策,赵怀真"
赵怀真,元流之子(辅助),6,阵营2 胜利,"元歌,海月,艾琳,百里玄策,元流之子(辅助)","夏洛特,沈梦溪,狄仁杰,铠,赵怀真"
赵怀真,元流之子(辅助),7,阵营1 胜利,"老夫子,沈梦溪,狄仁杰,哪吒,元流之子(辅助)","关羽,女娲,蚩奼,百里玄策,赵怀真"
赵怀真,元流之子(辅助),8,阵营1 胜利,"狂铁,不知火舞,虞姬,裴擒虎,元流之子(辅助)","司空震,沈梦溪,李信,杨戬,赵怀真"
赵怀真,元流之子(辅助),9,阵营1 胜利,"关羽,安琪拉,戈娅,阿古朵,元流之子(辅助)","孙策,小乔,公孙离,裴擒虎,赵怀真"
赵怀真,元流之子(辅助),10,阵营2 胜利,"关羽,甄姬,敖隐,大司命,赵怀真","曹操,安琪拉,李信,李白,元流之子(辅助)"
赵怀真,元流之子(辅助),11,阵营2 胜利,"哪吒,杨玉环,敖隐,孙悟空,元流之子(辅助)","杨戬,女娲,孙权,镜,赵怀真"
赵怀真,元流之子(辅助),12,阵营1 胜利,"曹操,女娲,李信,刘备,赵怀真","海诺,海月,艾琳,百里玄策,元流之子(辅助)"
赵怀真,元流之子(辅助),13,阵营2 胜利,"花木兰,甄姬,蚩奼,云缨,元流之子(辅助)","狂铁,嫦娥,戈娅,盘古,赵怀真"
赵怀真,元流之子(辅助),14,阵营1 胜利,"曹操,嬴政,公孙离,司马懿,元流之子(辅助)","司空震,小乔,孙权,杨戬,赵怀真"
赵怀真,元流之子(辅助),15,阵营1 胜利,"狂铁,大乔,孙权,雅典娜,赵怀真","老夫子,嫦娥,苍,诸葛亮,元流之子(辅助)"
赵怀真,元流之子(辅助),16,阵营2 胜利,"花木兰,海月,戈娅,杨戬,元流之子(辅助)","影,姜子牙,元流之子(射手),暃,赵怀真"
赵怀真,元流之子(辅助),17,阵营2 胜利,"夏洛特,沈梦溪,敖隐,韩信,赵怀真","白起,女娲,艾琳,曜,元流之子(辅助)"
赵怀真,元流之子(辅助),18,阵营2 胜利,"芈月,西施,狄仁杰,曜,元流之子(辅助)","猪八戒,海月,孙权,诸葛亮,赵怀真"
赵怀真,元流之子(辅助),19,阵营2 胜利,"影,嫦娥,戈娅,哪吒,赵怀真","达摩,沈梦溪,艾琳,裴擒虎,元流之子(辅助)"
空空儿,少司缘,1,阵营2 胜利,"元歌,不知火舞,百里守约,暃,空空儿","芈月,沈梦溪,戈娅,孙悟空,少司缘"
空空儿,少司缘,2,阵营1 胜利,"杨戬,弈星,元流之子(射手),露娜,少司缘","孙策,沈梦溪,蚩奼,百里玄策,空空儿"
空空儿,少司缘,3,阵营2 胜利,"孙策,不知火舞,戈娅,赵云,空空儿","刘邦,貂蝉,元流之子(射手),杨戬,少司缘"
空空儿,少司缘,4,阵营2 胜利,"老夫子,墨子,戈娅,阿古朵,空空儿","关羽,西施,元流之子(射手),暃,少司缘"
空空儿,少司缘,5,阵营2 胜利,"司空震,杨玉环,虞姬,暃,空空儿","哪吒,安琪拉,百里守约,云中君,少司缘"
空空儿,少司缘,6,阵营2 胜利,"马超,甄姬,艾琳,宫本武藏,少司缘","关羽,海诺,孙权,铠,空空儿"
空空儿,少司缘,7,阵营2 胜利,"芈月,海诺,李信,宫本武藏,空空儿","狂铁,嫦娥,戈娅,典韦,少司缘"
空空儿,少司缘,8,阵营2 胜利,"赵怀真,甄姬,马可波罗,铠,少司缘","蚩奼,小乔,艾琳,云缨,空空儿"
空空儿,少司缘,9,阵营2 胜利,"花木兰,西施,元流之子(射手),镜,空空儿","达摩,嫦娥,孙尚香,孙悟空,少司缘"
空空儿,少司缘,10,阵营1 胜利,"猪八戒,沈梦溪,元流之子(射手),韩信,少司缘","兰陵王,诸葛亮,戈娅,阿古朵,空空儿"
空空儿,少司缘,11,阵营1 胜利,"海诺,貂蝉,元流之子(射手),镜,空空儿","刘邦,沈梦溪,狄仁杰,诸葛亮,少司缘"
空空儿,少司缘,12,阵营2 胜利,"蒙恬,西施,后羿,镜,空空儿","曹操,女娲,狄仁杰,大司命,少司缘"
空空儿,少司缘,13,阵营1 胜利,"夏侯惇,诸葛亮,元流之子(射手),宫本武藏,空空儿","哪吒,沈梦溪,百里守约,裴擒虎,少司缘"
空空儿,少司缘,14,阵营1 胜利,"关羽,武则天,元流之子(射手),裴擒虎,少司缘","蚩奼,大乔,艾琳,百里玄策,空空儿"
空空儿,少司缘,15,阵营1 胜利,"司空震,杨玉环,元流之子(射手),孙悟空,少司缘","元歌,不知火舞,戈娅,云缨,空空儿"
空空儿,少司缘,16,阵营1 胜利,"狂铁,嫦娥,元流之子(射手),宫本武藏,少司缘","蒙恬,武则天,蚩奼,雅典娜,空空儿"
空空儿,少司缘,17,阵营2 胜利,"曹操,大乔,后羿,云缨,空空儿","影,王昭君,公孙离,铠,少司缘"
空空儿,少司缘,18,阵营1 胜利,"司空震,王昭君,公孙离,刘备,少司缘","曜,弈星,虞姬,裴擒虎,空空儿"
空空儿,少司缘,19,阵营1 胜利,"哪吒,貂蝉,苍,阿古朵,少司缘","司空震,海月,敖隐,李元芳,空空儿"
空空儿,元流之子(坦克),1,阵营2 胜利,"花木兰,大乔,虞姬,铠,元流之子(坦克)","蒙恬,元流之子(射手),姜子牙,裴擒虎,空空儿"
空空儿,元流之子(坦克),2,阵营2 胜利,"关羽,大乔,敖隐,李白,元流之子(坦克)","影,小乔,元流之子(射手),镜,空空儿"
空空儿,元流之子(坦克),3,阵营2 胜利,"吕布,甄姬,公孙离,司马懿,空空儿","猪八戒,西施,蚩奼,赵云,元流之子(坦克)"
空空儿,元流之子(坦克),4,阵营1 胜利,"司空震,女娲,后羿,云缨,元流之子(坦克)","蒙恬,不知火舞,戈娅,百里玄策,空空儿"
空空儿,元流之子(坦克),5,阵营1 胜利,"关羽,西施,元流之子(射手),百里玄策,空空儿","元歌,嫦娥,苍,裴擒虎,元流之子(坦克)"
空空儿,元流之子(坦克),6,阵营2 胜利,"狂铁,女娲,元流之子(射手),裴擒虎,空空儿","杨戬,大乔,戈娅,露娜,元流之子(坦克)"
空空儿,元流之子(坦克),7,阵营1 胜利,"橘右京,不知火舞,戈娅,李元芳,空空儿","老夫子,诸葛亮,孙权,裴擒虎,元流之子(坦克)"
空空儿,元流之子(坦克),8,阵营1 胜利,"哪吒,西施,孙权,露娜,元流之子(坦克)","狂铁,元流之子(法师),公孙离,马超,空空儿"
空空儿,元流之子(坦克),9,阵营2 胜利,"曹操,海月,敖隐,韩信,空空儿","元歌,姜子牙,李信,马超,元流之子(坦克)"
空空儿,元流之子(坦克),10,阵营1 胜利,"吕布,女娲,元流之子(射手),云缨,空空儿","狂铁,沈梦溪,公孙离,裴擒虎,元流之子(坦克)"
空空儿,元流之子(坦克),11,阵营1 胜利,"大司命,海诺,后羿,哪吒,元流之子(坦克)","影,高渐离,戈娅,诸葛亮,空空儿"
空空儿,元流之子(坦克),12,阵营1 胜利,"曹操,不知火舞,艾琳,马超,元流之子(坦克)","元歌,小乔,元流之子(射手),橘右京,空空儿"
空空儿,元流之子(坦克),13,阵营1 胜利,"司空震,嫦娥,元流之子(射手),孙悟空,空空儿","曹操,杨玉环,蚩奼,娜可露露,元流之子(坦克)"
空空儿,元流之子(坦克),14,阵营1 胜利,"曹操,不知火舞,戈娅,镜,元流之子(坦克)","司空震,嫦娥,蚩奼,云缨,空空儿"
空空儿,元流之子(坦克),15,阵营2 胜利,"元歌,海月,蒙犽,曜,空空儿","大司命,不知火舞,蚩奼,镜,元流之子(坦克)"
空空儿,元流之子(坦克),16,阵营2 胜利,"司空震,海诺,蚩奼,澜,空空儿","芈月,海月,艾琳,阿古朵,元流之子(坦克)"
空空儿,元流之子(坦克),17,阵营2 胜利,"杨戬,女娲,蚩奼,孙悟空,空空儿","关羽,小乔,公孙离,韩信,元流之子(坦克)"
空空儿,元流之子(坦克),18,阵营2 胜利,"程咬金,嫦娥,艾琳,阿古朵,元流之子(坦克)","白起,小乔,蚩奼,镜,空空儿"
空空儿,元流之子(坦克),19,阵营1 胜利,"司空震,大乔,公孙离,大司命,空空儿","夏洛特,沈梦溪,伽罗,暃,元流之子(坦克)"
空空儿,元流之子(辅助),1,阵营2 胜利,"曹操,小乔,虞姬,阿轲,元流之子(辅助)","项羽,安琪拉,公孙离,孙悟空,空空儿"
空空儿,元流之子(辅助),2,阵营2 胜利,"司空震,海诺,百里守约,曜,空空儿","蒙恬,嬴政,公孙离,露娜,元流之子(辅助)"
空空儿,元流之子(辅助),3,阵营2 胜利,"芈月,女娲,苍,孙悟空,元流之子(辅助)","影,杨玉环,戈娅,暃,空空儿"
空空儿,元流之子(辅助),4,阵营1 胜利,"老夫子,武则天,狄仁杰,韩信,元流之子(辅助)","姬小满,高渐离,戈娅,阿古朵,空空儿"
空空儿,元流之子(辅助),5,阵营1 胜利,"亚连,诸葛亮,元流之子(射手),阿古朵,空空儿","司空震,不知火舞,苍,韩信,元流之子(辅助)"
空空儿,元流之子(辅助),6,阵营2 胜利,"元歌,不知火舞,虞姬,诸葛亮,空空儿","姬小满,杨玉环,艾琳,暃,元流之子(辅助)"
空空儿,元流之子(辅助),7,阵营2 胜利,"蒙恬,武则天,元流之子(射手),赵云,空空儿","影,海月,李信,橘右京,元流之子(辅助)"
空空儿,元流之子(辅助),8,阵营1 胜利,"狂铁,女娲,孙权,百里玄策,空空儿","刘邦,诸葛亮,戈娅,赵云,元流之子(辅助)"
空空儿,元流之子(辅助),9,阵营1 胜利,"孙策,海月,狄仁杰,刘备,元流之子(辅助)","哪吒,杨玉环,戈娅,阿古朵,空空儿"
空空儿,元流之子(辅助),10,阵营2 胜利,"哪吒,嫦娥,敖隐,裴擒虎,空空儿","狂铁,沈梦溪,公孙离,雅典娜,元流之子(辅助)"
空空儿,元流之子(辅助),11,阵营2 胜利,"哪吒,金蝉,公孙离,露娜,元流之子(辅助)","关羽,诸葛亮,蚩奼,娜可露露,空空儿"
空空儿,元流之子(辅助),12,阵营1 胜利,"哪吒,沈梦溪,虞姬,露娜,元流之子(辅助)","蚩奼,海诺,李信,诸葛亮,空空儿"
空空儿,元流之子(辅助),13,阵营2 胜利,"橘右京,沈梦溪,狄仁杰,韩信,元流之子(辅助)","元歌,武则天,蚩奼,赵云,空空儿"
空空儿,元流之子(辅助),14,阵营2 胜利,"貂蝉,嫦娥,元流之子(射手),阿古朵,空空儿","海月,女娲,艾琳,镜,元流之子(辅助)"
空空儿,元流之子(辅助),15,阵营2 胜利,"蒙恬,上官婉儿,戈娅,橘右京,元流之子(辅助)","芈月,大乔,孙权,裴擒虎,空空儿"
空空儿,元流之子(辅助),16,阵营2 胜利,"狂铁,海月,艾琳,司马懿,元流之子(辅助)","蚩奼,沈梦溪,元流之子(射手),百里玄策,空空儿"
空空儿,元流之子(辅助),17,阵营2 胜利,"蒙恬,杨玉环,敖隐,典韦,空空儿","亚瑟,小乔,苍,百里玄策,元流之子(辅助)"
空空儿,元流之子(辅助),18,阵营1 胜利,"蚩奼,小乔,公孙离,云缨,元流之子(辅助)","孙策,嫦娥,虞姬,裴擒虎,空空儿"
空空儿,元流之子(辅助),19,阵营1 胜利,"影,女娲,蚩奼,裴擒虎,空空儿","兰陵王,西施,狄仁杰,暃,元流之子(辅助)"
少司缘,元流之子(坦克),1,阵营1 胜利,"姬小满,杨玉环,元流之子(射手),韩信,少司缘","哪吒,甄姬,戈娅,云缨,元流之子(坦克)"
少司缘,元流之子(坦克),2,阵营2 胜利,"影,沈梦溪,蚩奼,裴擒虎,元流之子(坦克)","马超,墨子,李信,孙悟空,少司缘"
少司缘,元流之子(坦克),3,阵营1 胜利,"哪吒,干将莫邪,元流之子(射手),刘备,少司缘","貂蝉,元歌,蒙犽,铠,元流之子(坦克)"
少司缘,元流之子(坦克),4,阵营2 胜利,"老夫子,高渐离,百里守约,赵云,少司缘","狂铁,海月,蚩奼,马超,元流之子(坦克)"
少司缘,元流之子(坦克),5,阵营2 胜利,"元歌,嫦娥,李信,暃,元流之子(坦克)","杨戬,沈梦溪,艾琳,诸葛亮,少司缘"
少司缘,元流之子(坦克),6,阵营1 胜利,"司空震,诸葛亮,戈娅,马超,元流之子(坦克)","关羽,貂蝉,元流之子(射手),嫦娥,少司缘"
少司缘,元流之子(坦克),7,阵营1 胜利,"夏洛特,妲己,黄忠,铠,元流之子(坦克)","哪吒,武则天,元流之子(射手),云缨,少司缘"
少司缘,元流之子(坦克),8,阵营1 胜利,"白起,貂蝉,公孙离,镜,元流之子(坦克)","关羽,高渐离,孙权,铠,少司缘"
少司缘,元流之子(坦克),9,阵营1 胜利,"亚瑟,甄姬,蚩奼,元流之子(刺客),少司缘","元歌,安琪拉,敖隐,猪八戒,元流之子(坦克)"
少司缘,元流之子(坦克),10,阵营1 胜利,"蒙恬,女娲,后羿,镜,少司缘","夏洛特,姜子牙,虞姬,裴擒虎,元流之子(坦克)"
少司缘,元流之子(坦克),11,阵营2 胜利,"花木兰,嫦娥,李信,孙悟空,元流之子(坦克)","廉颇,海诺,公孙离,韩信,少司缘"
少司缘,元流之子(坦克),12,阵营2 胜利,"曹操,沈梦溪,后羿,马超,少司缘","元歌,西施,蚩奼,裴擒虎,元流之子(坦克)"
少司缘,元流之子(坦克),13,阵营2 胜利,"元歌,甄姬,李信,刘备,元流之子(坦克)","影,杨玉环,蚩奼,裴擒虎,少司缘"
少司缘,元流之子(坦克),14,阵营1 胜利,"芈月,高渐离,元流之子(射手),娜可露露,少司缘","狂铁,杨玉环,蚩奼,杨戬,元流之子(坦克)"
少司缘,元流之子(坦克),15,阵营2 胜利,"花木兰,不知火舞,艾琳,李白,元流之子(坦克)","影,周瑜,公孙离,橘右京,少司缘"
少司缘,元流之子(坦克),16,阵营1 胜利,"关羽,甄姬,公孙离,裴擒虎,元流之子(坦克)","狂铁,小乔,戈娅,赵云,少司缘"
少司缘,元流之子(坦克),17,阵营2 胜利,"司空震,诸葛亮,蚩奼,云缨,元流之子(坦克)","吕布,沈梦溪,公孙离,大司命,少司缘"
少司缘,元流之子(坦克),18,阵营2 胜利,"姬小满,甄姬,戈娅,赵云,元流之子(坦克)","项羽,元流之子(法师),公孙离,大司命,少司缘"
少司缘,元流之子(坦克),19,阵营1 胜利,"老夫子,高渐离,戈娅,盘古,少司缘","关羽,杨玉环,孙尚香,镜,元流之子(坦克)"
少司缘,元流之子(辅助),1,阵营1 胜利,"老夫子,沈梦溪,艾琳,阿古朵,元流之子(辅助)","白起,嫦娥,孙权,刘备,少司缘"
少司缘,元流之子(辅助),2,阵营1 胜利,"夏洛特,王昭君,蚩奼,暃,少司缘","狂铁,米莱狄,虞姬,影,元流之子(辅助)"
少司缘,元流之子(辅助),3,阵营1 胜利,"蒙恬,上官婉儿,孙权,裴擒虎,少司缘","关羽,沈梦溪,狄仁杰,杨戬,元流之子(辅助)"
少司缘,元流之子(辅助),4,阵营1 胜利,"曹操,甄姬,戈娅,大司命,少司缘","狂铁,杨玉环,百里守约,哪吒,元流之子(辅助)"
少司缘,元流之子(辅助),5,阵营2 胜利,"哪吒,杨玉环,狄仁杰,盘古,元流之子(辅助)","白起,弈星,元流之子(射手),阿轲,少司缘"
少司缘,元流之子(辅助),6,阵营2 胜利,"吕布,姜子牙,后羿,百里玄策,元流之子(辅助)","老夫子,嫦娥,孙权,暃,少司缘"
少司缘,元流之子(辅助),7,阵营1 胜利,"狂铁,上官婉儿,戈娅,暃,少司缘","曹操,干将莫邪,艾琳,百里玄策,元流之子(辅助)"
少司缘,元流之子(辅助),8,阵营2 胜利,"花木兰,嫦娥,敖隐,露娜,少司缘","老夫子,女娲,艾琳,李白,元流之子(辅助)"
少司缘,元流之子(辅助),9,阵营1 胜利,"狂铁,武则天,马可波罗,哪吒,元流之子(辅助)","老夫子,嫦娥,艾琳,马超,少司缘"
少司缘,元流之子(辅助),10,阵营1 胜利,"元歌,不知火舞,孙权,典韦,少司缘","曹操,妲己,艾琳,暃,元流之子(辅助)"
少司缘,元流之子(辅助),11,阵营1 胜利,"兰陵王,女娲,戈娅,司马懿,少司缘","项羽,沈梦溪,虞姬,赵云,元流之子(辅助)"
少司缘,元流之子(辅助),12,阵营2 胜利,"刘邦,海诺,蚩奼,镜,少司缘","老夫子,杨玉环,后羿,裴擒虎,元流之子(辅助)"
少司缘,元流之子(辅助),13,阵营1 胜利,"曹操,王昭君,公孙离,韩信,少司缘","哪吒,大乔,百里守约,镜,元流之子(辅助)"
少司缘,元流之子(辅助),14,阵营1 胜利,"元歌,貂蝉,虞姬,橘右京,元流之子(辅助)","夏洛特,杨玉环,艾琳,镜,少司缘"
少司缘,元流之子(辅助),15,阵营1 胜利,"狂铁,沈梦溪,虞姬,阿轲,少司缘","蚩奼,女娲,孙尚香,韩信,元流之子(辅助)"
少司缘,元流之子(辅助),16,阵营1 胜利,"蒙恬,弈星,敖隐,露娜,元流之子(辅助)","曹操,沈梦溪,元流之子(射手),诸葛亮,少司缘"
少司缘,元流之子(辅助),17,阵营2 胜利,"达摩,元流之子(法师),孙权,裴擒虎,少司缘","司空震,嫦娥,狄仁杰,娜可露露,元流之子(辅助)"
少司缘,元流之子(辅助),18,阵营1 胜利,"白起,小乔,李信,橘右京,少司缘","影,诸葛亮,苍,铠,元流之子(辅助)"
少司缘,元流之子(辅助),19,阵营1 胜利,"马超,弈星,百里守约,裴擒虎,少司缘","司空震,妲己,蚩奼,橘右京,元流之子(辅助)"
元流之子(坦克),元流之子(辅助),1,阵营2 胜利,"曹操,西施,艾琳,镜,元流之子(辅助)","夏洛特,貂蝉,伽罗,孙悟空,元流之子(坦克)"
元流之子(坦克),元流之子(辅助),2,阵营2 胜利,"哪吒,女娲,苍,杨戬,元流之子(坦克)","曹操,嫦娥,敖隐,橘右京,元流之子(辅助)"
元流之子(坦克),元流之子(辅助),3,阵营1 胜利,"老夫子,沈梦溪,莱西奥,盘古,元流之子(辅助)","芈月,嬴政,敖隐,马超,元流之子(坦克)"
元流之子(坦克),元流之子(辅助),4,阵营1 胜利,"元歌,嫦娥,敖隐,暃,元流之子(辅助)","司空震,沈梦溪,虞姬,杨戬,元流之子(坦克)"
元流之子(坦克),元流之子(辅助),5,阵营1 胜利,"芈月,女娲,孙权,裴擒虎,元流之子(坦克)","曹操,小乔,虞姬,镜,元流之子(辅助)"
元流之子(坦克),元流之子(辅助),6,阵营1 胜利,"影,甄姬,后羿,韩信,元流之子(辅助)","梦奇,西施,狄仁杰,阿古朵,元流之子(坦克)"
元流之子(坦克),元流之子(辅助),7,阵营1 胜利,"影,嫦娥,孙权,孙悟空,元流之子(辅助)","司空震,干将莫邪,蚩奼,云缨,元流之子(坦克)"
元流之子(坦克),元流之子(辅助),8,阵营2 胜利,"夏洛特,嫦娥,公孙离,暃,元流之子(坦克)","哪吒,女娲,狄仁杰,盘古,元流之子(辅助)"
元流之子(坦克),元流之子(辅助),9,阵营1 胜利,"司空震,女娲,敖隐,李元芳,元流之子(坦克)","白起,嫦娥,后羿,曜,元流之子(辅助)"
元流之子(坦克),元流之子(辅助),10,阵营2 胜利,"姬小满,嫦娥,蚩奼,阿轲,元流之子(坦克)","影,大乔,狄仁杰,铠,元流之子(辅助)"
元流之子(坦克),元流之子(辅助),11,阵营2 胜利,"孙策,大乔,蚩奼,雅典娜,元流之子(辅助)","元歌,西施,戈娅,铠,元流之子(坦克)"
元流之子(坦克),元流之子(辅助),12,阵营1 胜利,"老夫子,小乔,公孙离,诸葛亮,元流之子(坦克)","司空震,沈梦溪,狄仁杰,裴擒虎,元流之子(辅助)"
元流之子(坦克),元流之子(辅助),13,阵营2 胜利,"蒙恬,嫦娥,戈娅,暃,元流之子(坦克)","狂铁,张良,公孙离,娜可露露,元流之子(辅助)"
元流之子(坦克),元流之子(辅助),14,阵营1 胜利,"哪吒,沈梦溪,公孙离,铠,元流之子(坦克)","孙策,高渐离,艾琳,裴擒虎,元流之子(辅助)"
元流之子(坦克),元流之子(辅助),15,阵营2 胜利,"关羽,西施,公孙离,诸葛亮,元流之子(坦克)","哪吒,海月,虞姬,橘右京,元流之子(辅助)"
元流之子(坦克),元流之子(辅助),16,阵营1 胜利,"夏洛特,弈星,蒙犽,韩信,元流之子(辅助)","孙策,女娲,孙权,大司命,元流之子(坦克)"
元流之子(坦克),元流之子(辅助),17,阵营2 胜利,"老夫子,貂蝉,艾琳,司马懿,元流之子(辅助)","狂铁,海月,李信,孙悟空,元流之子(坦克)"
元流之子(坦克),元流之子(辅助),18,阵营2 胜利,"杨戬,女娲,艾琳,曜,元流之子(辅助)","芈月,西施,孙权,哪吒,元流之子(坦克)"
元流之子(坦克),元流之子(辅助),19,阵营2 胜利,"马超,上官婉儿,后羿,云缨,元流之子(坦克)","老夫子,甄姬,敖隐,云中君,元流之子(辅助)"
